Era,Name,Notes,Copy Length,File Date,Available Length,Quality,Link(s)
,"Before The College Dropout
(Get Well Soon..., I'm Good..., Kon The Louis Vuitton Don)","(06/08/1977) (Ye is born in Atlanta)
(08/18/2002) (Ye announces he signed to Roc-A-Fella)",,,"Before Ye released his first album to critical acclaim in 2004, he pursued many other projects, including a rap trio group named the ""Go Getters"" and production for other rappers, including, but not limited to , Common, Talib Kweli, and Scarface. Two years before the release of The College Dropout, Ye began releasing a series of mixtapes to generate hype and publicity for the eventual release of his first album. Ye eventually signed with Roc-A-Fella records in August 2002.",,
Before The College Dropout,Demo Beat Tape,Beat tape from September 1997.,14:42,Sep 1997,Full,High Quality,https://pillows.su/f/250b3778deb71ec177986796b49b47f0
Before The College Dropout,2001 Beat CD 1,"Beat CD from 2001, possibly made even earlier. Features 26 beats with some being released and some being repurposed into familiar songs. Given to rapper Hot Karl in 2001, who re-discovered it in his garage and leaked it online in 2011 as Hype Men Present: Ye's First Beats Disc 1.",1:08:49,2001,Full,High Quality,https://pillows.su/f/14ce4d59e572866fb0c4af310ff5db04
Before The College Dropout,2001 Beat CD 2,"Another beat CD from 2001, possibly made even earlier. Features 19 beats. Also given to rapper Hot Karl in 2001, who re-discovered it in his garage and leaked it online in 2011 as Hype Men Present: Ye's First Beats Disc 2.",48:15,2001,Full,High Quality,https://pillows.su/f/2a3ea0802f4ff5a4595adc4c4fb19641
Before The College Dropout,2001 Demo Tape,Demo tape from 2001. Leaked in 2013 under the name The Prerequisite.,47:52,2001,Full,High Quality,https://pillows.su/f/fbb14a93b96f5f9d83423e63605630ab
,"The College Dropout
(I'm Good...)","(08/18/2002) (Ye announces he signed to Roc-A-Fella)
(02/10/2004) (The College Dropout officially releases)",,,"Following his signing to Roc-A-Fella Records, Ye released his debut studio album, The College Dropout. It features string arrangements, choirs, and his signature soul sampling, frequently branded as ""chipmunk soul"" for its sped-up and high-pitched nature. Contrary to the popular gangster-persona lyrics at the time, his songs mostly revolved around themes of family, materialism, religion, and racism. The inspiration for finally making his music came when he was in a near-fatal car crash.",,
The College Dropout,The College Dropout,"A very early version of The College Dropout that is composed of 15 tracks and 2 bonus tracks. Most of the songs were taken off the project. Likely early/mid 2003, since only a few songs were worked on further and there are a lot of instrumental tracks. Most of these songs found its way into the fan mixtapes series The Freshmen Adjustment.",53:03,2003,Full,CD Quality,https://pillows.su/f/7d83f3b0f2310144892a50e114700329
The College Dropout,The College Dropout,"Early copy leaked before the official release, featuring only 15 tracks.",56:03,,Full,CD Quality,https://pillows.su/f/c7b210bd276cbf756c96c0e988e05f97
The College Dropout,The College Dropout,"Entertainment Weekly review copy. Mostly the same as the release version. Has a longer intro, ""All Falls Down"" with Ms. Lauryn Hill, explicit ""School Spirit"", extended ""I'll Fly Away"", ""Last Call"" missing JAY-Z with a synth that was removed from final, and ""We Don't Care (Reprise)"" which is missing from the released version. Tagged.",1:19:09,,Tagged,Lossless,https://imgur.gg/f/fHuwcWY
The College Dropout,The College Dropout,Released album copy. Explicit.,1:16:13,"Feb 10, 2004",Full,Lossless,https://imgur.gg/f/B3ie2Vb
The College Dropout,The College Dropout,Released album copy. Clean.,1:16:12,"Feb 10, 2004",Full,Lossless,https://imgur.gg/f/uzGmLTN
The College Dropout,The College Dropout,Exclusive Japanese album copy. Explicit. Has Heavy Hitters as a bonus track.,,"Feb 10, 2004",Full,Lossless,https://imgur.gg/f/0vUR8WS
,Late Registration,"(02/10/2004) (The College Dropout officially releases)
(08/30/2005) (Late Registration officially releases)",,,"Late Registration continues the social themes introduced in The College Dropout, but now with orchestral production influenced by co-producer Jon Brion. Ye's newfound success allowed him to expand his ambitions from a single violinist to an entire string orchestra, mixing it with production including chipmunk soul and lullaby-like instrumentals. Lyrically, the album features a mix of more socially charged songs to more personal cuts. Production-wise, inspiration came from artists such as British trip-hop band Portishead and Fiona Apple's second album When The Pawn…",,
Late Registration,Late Registration,Released album copy. Explicit.,1:10:25,"Aug 30, 2005",Full,Lossless,https://imgur.gg/f/J8dF7DJ
Late Registration,Late Registration,Released album copy. Clean.,,"Aug 30, 2005",Full,Lossless,https://imgur.gg/f/sGrX52q
Late Registration,Late Registration [Japanese and Australian Tour editions],"Album copy which includes ""Back To Basics"" and ""We Can Make It Better"" as tracks 21 and 22 respectively. Explicit.",1:15:56,"Aug 30, 2005",Full,Lossless,https://pillows.su/f/08da03604b0ca28e3dec15616188ecbd
,Graduation,"(08/30/2005) (Late Registration officially releases)
(09/11/2007) (Graduation officially releases)",,,"Graduation is the third studio album from Ye. Inspiration came from stadium tours, indie rock, and house music. It was a considerable departure from the sound Ye had used on his first two studio albums, which featured samples and inspirations from the soul and orchestral music Ye grew up alongside. This album included a much more electronic sound, featuring layering synthesizers. Lyrically, Ye analyzes himself and talks about his life after becoming famous and how the media criticize him.",,
Graduation,Graduation,Released album copy. Explicit.,51:23,"Sep 11, 2007",Full,Lossless,https://imgur.gg/f/ted5wE9
Graduation,Graduation (Japan),Exclusive Japanese album copy. Explicit. Has Bittersweet Poetry as a bonus track.,63:31,"Sep 11, 2007",Full,Lossless,https://imgur.gg/f/Od36kAV
Graduation,Graduation,Released album copy. Explicit. Has Good Night as a bonus track.,54:30,,Full,Lossless,https://imgur.gg/f/gTyqKCP
Graduation,Graduation,Released album copy. Clean. Has Good Night as a bonus track.,54:25,,Full,Lossless,https://imgur.gg/f/bdDDG9N
,808s & Heartbreak,"(09/11/2007) (Graduation officially releases)
(11/24/2008) (808s & Heartbreak officially releases)",,,"Following the death of his mother due to complications after cosmetic surgery, his relationship with fiancé Alexis Phifer finally ending for good, and a struggle to adapt to his celebrity status, Ye felt emotionally drained and lost. Ye dealt with his pain by channeling it into a sonically stripped-down album, one dominated by his use of the titular Roland TR-808 drum machine and Auto-Tune. This album significantly influenced future hip-hop music, having influenced Drake, Future, Travis Scott, and more.",,
808s & Heartbreak,808s & Heartbreak,Early version of 808s & Heartbreak with differences in some track titles and the overall sound and mix of certain songs. This copy is also uncensored.,44:26,2008,Full,High Quality,https://pillows.su/f/d85d5a81f6f076a56e828e9f81bf034b
808s & Heartbreak,808s & Heartbreak,Released album copy.,51:58,"Nov 24, 2008",Full,Lossless,https://imgur.gg/f/kHXljIb
,"Good Ass Job
(Winter Spring Summer Fall)","(11/24/2008) (808s & Heartbreak officially releases)
(05/??/2010) (The project shifts into My Beautiful Dark Twisted Fantasy)",,,"As far back as 2003, Ye had planned a four-album series revolving around going to college, with Good Ass Job concluding the series. The death of his mother derailed this plan, with his fourth album becoming the somber 808s & Heartbreak. People still expected Good Ass Job to release, though, as Ye's next album as late as early 2010. When the wake of the 2009 VMAs incident happened, it would cause Good Ass Job not to release. The title seems to have changed to MBDTF around 2009 New Year's Eve or atleast not called GAJ anymore. The cover included for this era is the original cover for the single ""POWER.""",,
Good Ass Job,Good Ass Job,"OG Filename: Good Ass Job beats for Kanye
Instrumental copy zip for Good Ass Job that was lined up for the album. Has files ranging from 2008-2010, and was most likely finished on April 19th, 2010 as that's the most recent file. Titled ""Good Ass Job beats for Kanye"", and is the closest thing to an official copy of the album + one of the only folders with ""Good Ass Job"" in the name. Around February 2009, they started working on ""Good Ass Job"" and brought some work over from 2008, with development really kicking in around April 2009. The title seems to have changed to MBDTF around May 2010 or atleast not called GAJ anymore. ""Runaway"", ""So Appalled"", ""Hell Of A Life"", and some others were made very early on. ""Blame Game"", ""See Me Now"" and ""Lost In The World"" were some of the last songs made/finished.",50:24,2010,Beat Only,Lossless,https://pillows.su/f/1b4a90cfed943ff4ab6214866f56fe11
Good Ass Job,Record4Hype,"Earlier version of Record4Hype, owned by @dp16 on Twitter. Seemingly untagged. Has shorter versions of ""Power"", ""Runaway"", ""Monster"", ""So Appalled"", and ""Lost In The World"". Has a version of ""The Joy"" with a CyHi verse.",,2010,Confirmed,Not Available,N/A
Good Ass Job,Record4Hype,"OG Password: wewantmoney
Full zip file leaked in 2010, but was password protected for 10 years, until after a number of posts by Maker reinvigorating interest, an anonymous 4chan user found the master password to be ""wewantmoney"". The day after it was cracked, multiple articles came out about it, some with interviews from people involved. A Detagged version can be found in Fakes / Detags.",1:09:12,"Jul 7, 2010",Tagged,High Quality,https://pillows.su/f/f9c2b22432b2daee3517b9d35c6643bd
,"My Beautiful Dark Twisted Fantasy
(My Dark Twisted Fantasy)","(05/??/2010) (The project properly shifts into My Beautiful Dark Twisted Fantasy)
(07/28/2010) (Ye announces the album title is no longer Good Ass Job)
(11/22/2010) (My Beautiful Dark Twisted Fantasy officially releases)",,,"Conceived during West's self-imposed exile following the 2009 VMA incident and further influenced by his deteriorating relationship with model Amber Rose, My Beautiful Dark Twisted Fantasy is a genre-bending masterpiece that explores the darker sides of celebrity, fame, and love. With grand production that sounds like the natural evolution of all the albums that came before it, this is seen by many as Ye's best album, even earning an extremely rare 10/10 rating from Pitchfork. The recording process was finished by October 2010, according to Ye in a tweet. Most tracks were made in Avex in Honolulu, Hawaii, where Ye flew out artists and producers to work on the album. Said sessions also had ""Commandments"", that prohibited Tweeting, taking pictures, and wearing hipster hats.",,
My Beautiful Dark Twisted Fantasy,My Beautiful Dark Twisted Fantasy,Released album copy. Explicit.,1:08:34,"Nov 22, 2010",Full,Lossless,https://imgur.gg/f/w876Kby
My Beautiful Dark Twisted Fantasy,My Beautiful Dark Twisted Fantasy,Released album copy. Clean.,1:08:34,"Nov 22, 2010",Full,Lossless,https://imgur.gg/f/Ln9QjKE
My Beautiful Dark Twisted Fantasy,My Beautiful Dark Twisted Fantasy (Deluxe),Deluxe album copy. Explicit. Has See Me Now as a bonus track.,,"Nov 22, 2010",Full,Lossless,https://imgur.gg/f/pwZx6kR
My Beautiful Dark Twisted Fantasy,My Beautiful Dark Twisted Fantasy (Deluxe),Deluxe album copy. Clean.,,"Nov 22, 2010",Full,Lossless,Link Needed
,"Watch The Throne
(Collaboration with JAY-Z as The Throne)","(08/27/2010) (Ye announces a ""joint-EP"" with JAY-Z)
(11/22/2010) (My Beautiful Dark Twisted Fantasy officially releases)
(08/08/2011) (Watch The Throne officially releases)
(08/12/2011) (Watch The Throne (Deluxe) officially releases)",,,"Considered one of the most legendary collab albums of all time, Watch The Throne puts together two of the most legendary figures in music history for a full studio album. Ye teams up with his big brother, JAY-Z, for an album, focused primarily on luxury, black excellence, and the American dream. The album's production also reflects that, and having been recorded by two future billionaires primarily in New York City's Tribeca Grand Hotel, how could it not?",,
Watch The Throne,Watch The Throne,Released album copy. Explicit.,46:18,"Aug 8, 2011",Full,Lossless,https://imgur.gg/f/sePBlD8
Watch The Throne,Watch The Throne,Released album copy. Clean.,46:18,"Aug 8, 2011",Full,Lossless,https://imgur.gg/f/yAindNi
Watch The Throne,Watch The Throne (Deluxe),Deluxe album copy. Explicit.,1:04:50,"Dec 12, 2011",Full,Lossless,https://imgur.gg/f/rhhyCTO
Watch The Throne,Watch The Throne (Deluxe),Deluxe album copy. Clean.,1:07:52,"Dec 12, 2011",Full,Lossless,https://imgur.gg/f/rhhyCTO
,"Cruel Summer
(Collaboration with G.O.O.D. Music)","(08/12/2011) (Watch The Throne (Deluxe) officially releases)
(09/14/2012) (Cruel Summer officially releases)",,,"A compilation of new songs from Ye's label, G.O.O.D. Music, 2012's Cruel Summer is one of the most collaborative Ye projects he accomplished. Featuring various collaborations with Pusha T, Big Sean, 2 Chainz, John Legend, and many more, this album spawned many big hits, including ""Mercy"" and the remix of the Chief Keef song ""Don't Like."" This album also marks the first time Ye would work with Travis Scott, an at-the-time complete unknown with no mixtape to his name.",,
Cruel Summer,Cruel Summer,Release album copy. Explicit.,54:35,"Jan 1, 2012",Full,Lossless,https://imgur.gg/f/W6TE9ne
,"Thank God For Drugs
(Yeezus, Nigger Cock)","(09/14/2012) (Cruel Summer officially releases)
(05/16/2013) (Ye changes the album title to Yeezus)",,,"Before Ye chose the name Yeezus for his sixth solo album, the name was Thank God For Drugs. Recording started in 2012 and accelerated in early 2013, with Ye and his producers producing material very quickly. The tracklist for the album boasted 20 songs, with around 3.5 hours of rough material created for the album. After changing the album's name to Yeezus, Ye recruited Rick Rubin to cut down this material and take the music in a minimal direction.",,
Thank God For Drugs,Thank God For Drugs,"May 2012 copy of the album, includes ""Guilt Trip"" as track 18.",,May 2012,Rumored,Not Available,N/A
,"Yeezus
(Nigger Cock, Thank God For Drugs)","(05/16/2013) (Ye changes the album title to Yeezus)
(05/20/2013) (Yeezus pre-orders are taken down)
(06/18/2013) (Yeezus officially releases)",,,"Yeezus marked a complete reverse from the bombastic production that Ye accomplished on My Beautiful Dark Twisted Fantasy. He swapped lush soul and anthemic hooks for splintering electro, acid house, and industrial force while packaging some of his most lewd and heart-crushing tales. Initially envisioned as Thank God For Drugs, a much larger project, Ye would play the album for Rick Rubin, he later recalled listening to roughly 3-hours of unfinished material that seemed to need months worth of work - despite the release date being a month away. Ye enlisted Rubin to refine and complete the project, finishing a majority of the songs just two days before release.",,
Yeezus,Yeezus,"OG Filename: yeezus001
March copy of the album, containing 15 tracks. 12 out of 15 tracks are currently leaked.",,Mar 2013,Partial,CD Quality,https://imgur.gg/f/tQNIwhx
Yeezus,Yeezus,"An early version of the album, containing 15 tracks. It is unknown when exactly was this copy complied, but based of the fact that the latest dated song on the album is May 17, it was no earlier than that.",1:00:06,May 2013,OG File,CD Quality,https://pillows.su/f/ec218fd4aefd25fdc46a923f08cf6fda
Yeezus,Yeezus [Streaming],Released album copy. Explicit.,40:04,"Jun 18, 2013",Full,Lossless,https://imgur.gg/f/Lg3sQog
Yeezus,Yeezus [Physical CD],"Released album copy for Yeezus on Physical CD's. This has some differences compared to streaming such as Black Skinhead is lower quality, I Am A God's beat does not drop out in the ""quit playin with god"" line and New Slaves has Fade-in on the 1st bass note, synth stab overdub at around 1:10, Ye's vocals are in the center in the outro, Frank Ocean's vocals are at a lower level and Hold My Liquor is mp3 quality.",40:04,"Jun 18, 2013",Full,Lossless,https://imgur.gg/f/uM7b28P
Yeezus,Yeezus [Apple Music],"Released album copy for Yeezus on Apple Music, Mostly the same as other streaming services however it is quieter and has differences on certain songs like Send It Up where the beat cuts for the Prince in the club line and has certain mixing differences. On Black Skinhead, the drums on the intro are distorted, the screams are more prominent and the drum fills are in the centre rather than being panned to the left.",40:04,"Jun 18, 2013",Full,Lossless,https://imgur.gg/f/edbnhaA
,"Yeezus 2
(Lost Yeezus, Lost Yeezus Tapes, New Yeezus)","(06/18/2013) (Yeezus officially releases)
(07/16/2014) (Ye begins hosting recording sessions while staying in Mexico)",,,"After Rick Rubin and Ye cut down Yeezus to the final ten tracks, Ye still saw potential in much of the cut material. Thus, shortly after Yeezus was released, an EP of leftovers titled Lost Yeezus was already being teased. The project then evolved into a full-fledged album of mostly new material, with Yeezus 2 acting as a codename before they could choose the last name. This project would develop into So Help Me God as the songs evolved.",,
Yeezus 2,Yeezus 2,"Unordered copy of the album from November 11th, 2013. Earliest known copy of ""LP7"" as a whole.",30:00,"Nov 11, 2013",OG File,Lossless,https://pillows.su/f/cadb91834c67008bd8214f7dfc39f80d
Yeezus 2,Yeezus 2,An early version of Yeezus 2 with more songs that would either appear on The Life Of Pablo or would become songs where Ye is a feature. Includes a track that has vocals from Travis Scott.,36:35,"Jan 12, 2014",OG File,Lossless,https://pillows.su/f/86dadef922b4b6c8d4cafa8407ab1b66
Yeezus 2,Yeezus 2,"Copy of Yeezus 2 that is said to be from April 2014 and includes an early version of The Weeknd song ""King Of The Fall"".",,Apr 2014,Rumored,Not Available,N/A
Yeezus 2,YPM,"A Spotify playlist created by CyHi containing Yeezus 2 songs, titled ""ypm"". Track names are abbreviated. The acronym was said by REDACTED to be ""Your Prayers Mattered"", but there is no proof of this; it's more possible it was something like ""Yeezus Paul McCartney"". Leaked on July 22nd, 2022 from a $250 groupbuy.",18:38,2014,OG File,CD Quality,https://pillows.su/f/4b2bd0e7170e1f79d1604eda21110505
,SWISH,"(06/28/2015) (Ye performs at Glastonbury)
(12/31/2015) (Ye drops ""Facts"" and the rollout begins)",,,"After changing the name of his 7th solo album from So Help Me God to SWISH, Ye began to develop all new songs throughout mid-late 2015 meant for the album, with most of them eventually making it onto the final release of The Life Of Pablo. Ye also continued to work on many So Help Me God and Yeezus 2 tracks, but by the end of 2015 and the start of 2016, Ye had dropped most of these tracks from the tracklist for SWISH, which began to resemble the final TLOP tracklist strongly.",,
SWISH,SWISH,A copy of SWISH from November 2015 is said to exist.,,Nov 2015,Rumored,Not Available,N/A
,"The Life Of Pablo
(So Help Me God, SWISH, WAVES, The White Picket Fence, ULTRA)","(12/31/2015) (Ye drops ""Facts"" and the rollout begins)
(02/14/2016) (The Life Of Pablo officially releases)
(06/14/2016) (The Life Of Pablo receives its last update)",,,"The Life Of Pablo is Ye's 7th studio album, with constant name changes before release. Sporadic and scatter-shot, the album is one of a kind. The title refers to three people: artist Pablo Picasso, drug dealer Pablo Escobar, and Paul the Apostle, whose name is Pablo in Spanish. The album was initially released only on TIDAL, but later made its way to other streaming services with some updates. Ye finally finished it by adding the track ""Saint Pablo.""",,
The Life Of Pablo,The 40 Freestyles of KW + Kendrick Lamar,"Copy of the ""40 freestyles of Ye and Kendrick Lamar"" made during the TLOP era is rumored to exist.",,,Rumored,Not Available,
The Life Of Pablo,The Life Of Pablo [DJDS Version],"OG Filename: TLOP - DJDS Version
DJDS copy of The Life Of Pablo. Track order is:

1. Ultralight Beams
2. Father Stretch
3. Famous / Nina Chop
4. Highlights Intro
5. Highlights (DJDS FULL SONG)
6. Highlights (DJDS - reference song)
7. Freestyle 4
8. FML
9. 30 Hours
10. Facts
11. Fade
12. I Feel Like That
13. Spread My Wings
14. We Deserve",59:25,Feb 2016,OG File,CD Quality,https://pillows.su/f/0e7a84633f82775be22d1e5643917d81
The Life Of Pablo,The Life Of Pablo [DJDS Extended Version],"OG Filename: TLOP - DJDS Extended Version
DJDS copy of The Life Of Pablo with extended versions of songs. Features a version of ""Father Stretch My Hands"" that is 1 hour long, which can be found in the Misc. and Remixes tabs.",1:21:09,Feb 2016,OG File,CD Quality,https://pillows.su/f/5c1a4e0b7a2e8821a362ecfefd8f75c6
The Life Of Pablo,The Life Of Pablo [Release V1],Initial release version of The Life Of Pablo.,58:30,"Feb 14, 2016",Full,CD Quality,https://pillows.su/f/2babb559fd55151dd9de1b31e16a83fa
The Life Of Pablo,The Life Of Pablo [Release V1.1],"An early release version of The Life Of Pablo. There are many small changes to a couple tracks whether that be features, length, structure etc.",58:31,"Mar 13, 2016",Full,CD Quality,https://pillows.su/f/c22356639ad558dd39a96c904783e2c4
The Life Of Pablo,The Life Of Pablo [Release V1.2],"An early release version of The Life Of Pablo. There are many small changes to a couple more tracks whether that be features, length, structure etc.",59:56,"Mar 16, 2016",Full,CD Quality,https://pillows.su/f/d9a1f236bc508a56723764e460a2bbb7
The Life Of Pablo,The Life Of Pablo [Release V2],"An early release version of The Life Of Pablo. There are many changes among at least 12 tracks whether that be features, length, structure etc.",59:55,"Mar 30, 2016",Full,CD Quality,https://pillows.su/f/46e599d7b9557ad13c1ea0ee3e0e5a00
The Life Of Pablo,The Life Of Pablo [Release V2.1],"An early release version of The Life Of Pablo. This version has only a small change to ""30 Hours"".",59:55,"Apr 2, 2016",Full,CD Quality,https://pillows.su/f/12b528c6557bb2029250b45491e9a602
The Life Of Pablo,The Life Of Pablo [Release V2.2],"The ""finished"" release version of The Life Of Pablo. There are many changes to tracks compared to the original whether that be features, length, structure etc, alongside the addition of ""Saint Pablo"". Explicit.",1:06:01,"Jun 14, 2016",Full,Lossless,https://pillows.su/f/20df9b7425bb418af19aa8a23556f11d
,"ye
(The Spiritual Awakening)","(05/15/2018) (Ye restarts the project)
(06/01/2018) (ye officially releases)
(11/07/2018) (ye receives its last update)",,,"ye discusses topics in Ye's life, including mental health, family, and addiction. He also explicitly announced his diagnosis of bipolar disorder through the album's artwork and a proclamation within the album. The seven-song project, created in Jackson Hole, Wyoming, was released alongside five other projects. Ye revealed in an interview that after his infamous TMZ interview (in which he stated that slavery was a choice), he completely re-did his album with an entirely new theme.",,
ye,ye [Pre-updated versions],Versions before the last updated one. Explicit.,,,Full,Lossless,Link Needed
ye,ye [Pre-updated versions],Versions before the last updated one. Clean.,,,Full,Lossless,Link Needed
ye,ye,Release album copy. Explicit.,23:43,"Jun 1, 2018",Full,Lossless,https://imgur.gg/f/znClqOV
ye,ye,Release album copy. Clean.,23:44,"Jun 1, 2018",Full,Lossless,https://imgur.gg/f/7KaCfoy
,"KIDS SEE GHOSTS
(Collaboration with Kid Cudi as KIDS SEE GHOSTS)
(Everybody Wins)","(11/30/2016) (Ye is released from UCLA Medical Hospital)
(06/08/2018) (KIDS SEE GHOSTS officially releases)",,,"Out of the five Wyoming projects from 2018, people consider KIDS SEE GHOSTS one of the best. This album focuses heavily on overcoming struggles caused by mental health, which Ye and Cudi have been fighting. It's characterized by many psychedelic and rock-influenced elements, making for an album that sounds like nothing else. This album was officially released on June 8th, 2018, making it Ye's second collab album.",,
KIDS SEE GHOSTS,KIDS SEE GHOSTS,Release album copy. Explicit.,23:52,"Jun 7, 2018",Full,Lossless,https://imgur.gg/f/RwDCvU2
KIDS SEE GHOSTS,KIDS SEE GHOSTS,Release album copy. Clean.,23:53,"Jun 7, 2018",Full,Lossless,https://imgur.gg/f/eOlf8x3
,"DAYTONA
(Album by Pusha T)
(exec. prod. Ye)
(King Push, Blowbama, Blobama)","(12/18/2015) (King Push – Darkest Before Dawn: The Prelude officially releases)
(05/25/2018) (DAYTONA officially releases)",,,"In Wyoming, Ye would executive produce Pusha T's album, DAYTONA, his third studio album. It was released on May 25, 2018, by G.O.O.D. Music and Def Jam Recordings. DAYTONA was announced by Ye via Twitter on April 19, 2018, alongside the album's release date.",,
DAYTONA,DAYTONA,"OG Filename: Blowbama
Early copy of ""Blowbama"". Has 11 tracks. Leaked on 5/16/24 as part of a groupbuy.",33:39,"Jul 17, 2017",OG File,CD Quality,https://pillows.su/f/5ca8815e7763518779b7c144b2d76ca3
DAYTONA,DAYTONA,Release album copy. Explicit.,,"May 25, 2018",Full,Lossless,https://imgur.gg/f/MQpikO1
DAYTONA,DAYTONA,Release album copy. Clean.,,"May 25, 2018",Full,Lossless,https://imgur.gg/f/rXSsgrR
,"NASIR
(Album by Nas)
(exec. prod. Ye)","(07/12/2012) (Nas releases Life Is Good)
(04/23/2018) (Ye announces that he is executive producing Nas' next album)
(06/15/2018) (NASIR officially releases)",,,"After the 2012 release of Life Is Good, Nas announced in January 2013 that he was working on a new album. Time would pass with little-word on the project, until the 2014 remix to ScHoolboy Q's ""Studio"", where Nas rapped that he, ""finished up [his] new album"" - however, no album ever materialized. In March 2016, Ye Tweeted that he ""promised Obama Ima do beats on NAS' next album"". As if it was fate, on April 23rd, 2018, Ye announced that he was executive producing Nas' next album. The album followed its expected release date, dropping June 15th, 2018.           ",,
NASIR,NASIR,Release album copy. Explicit.,,"
Jun",Full,Lossless,https://imgur.gg/f/KsRy2Xa
,"K.T.S.E.
(Album by Teyana Taylor)
(exec. prod. Ye)","(11/04/2014) (Teyana Taylor's debut album VII officially releases)
(03/??/2018) (Teyana and Ye start collaborating in Wyoming)
(06/23/2018) (K.T.S.E. officially releases)",,,"In an interview with Hot 97 in March of 2018, Taylor revealed that she had been working on music with Ye in Wyoming, referring to him as ""Polo 'Ye"" - alluding to him returning to his old ""Polo-shirt roots"" (i.e. TCD-era production). The album was eventually put on the tail end of the Wyoming releases, releasing June 22nd, 2018. Ye was notably still finishing the album on the plane ride to the albums LP, as confirmed in a Tweet from Kim Kardashian.                         ",,
K.T.S.E.,"K.T.S.E.
(exec. prod. Ye)","OG Filename: KTSE 6.22.18 24 BIT
Copy of K.T.S.E. Made one day before release and with the release mixes. Has 9 tracks that are ordered slightly differently from release (the extra track is a solo version of ""We Got Love""). Leaked on 6/9/24.",33:39,"Jun 22, 2018",OG File,Lossless,https://pillows.su/f/395d927262b528ccb12e779c0c5bb4f1
K.T.S.E.,K.T.S.E.,Release album copy. Explicit.,,"Jun 22, 2018",Full,Lossless,https://imgur.gg/f/9B0GDgY
K.T.S.E.,K.T.S.E.,Release album copy but has Gonna Love Me (Remix). Explicit.,,,Full,Lossless,https://imgur.gg/f/Jhwl2kp
K.T.S.E.,K.T.S.E.,Release album copy. Clean.,,"Jun 22, 2018",Full,Lossless,https://imgur.gg/f/ZPPved5
,Yandhi [V1],"(06/01/2018) (ye officially releases)
(11/13/2018) (Ye delays Yandhi again after performing at Camp Flog Gnaw)",,,"Upon hearing the beat to ""Hurricane"" during sessions for Good Ass Job (2018), Ye became inspired to create a whole new album titled Yandhi. With the album's concept in his mind, Ye and his producers began frenzied work as they developed multiple new songs throughout September 2018, aiming for a September 29 release date. As they did not meet this deadline, Ye went to Uganda to conduct further work on the album, but delayed it indefinitely on November 13.",,
Yandhi [V1],Yandhi,"OG Filename: REFS
Unordered copy of the album from October 1st, 2018. Has 10 tracks.",30:26,"Oct 1, 2018",OG File,CD Quality,https://pillows.su/f/8b3af8d57d90f2d4267222f2ac2727bf
,Yandhi [V2],"(11/13/2018) (Ye delays Yandhi again after performing at Camp Flog Gnaw)
(04/21/2019) (Ye performs at Coachella with Sunday Service Choir)",,,"After Ye delayed Yandhi indefinitely, he began working with record producer Timbaland to create ""more healing music"" for the album. Shortly after the announcement of the delay, Ye underwent a sudden and dramatic conversion towards born-again evangelical Christianity, debuting the Sunday Service Choir at the start of 2019. The creation of the choir coincided with the songs on Yandhi taking a new Christian lyrical focus. Eventually, the album would morph into the thoroughly Christian JESUS IS KING by mid-2019.",,
Yandhi [V2],Yandhi,"OG Filename: YE - Previous Current Refs
Unordered copy of the album from December 16th, 2018. Has 10 tracks.",33:56,"Dec 16, 2018",OG File,CD Quality,https://pillows.su/f/a2c9ccddf1983daadd33a37118792c51
Yandhi [V2],"Yandhi
(prod. E.VAX)","Album copy consisting of redone reworks by E.VAX. Possibly falsely named Soul Children, although the files are real.",33:56,Apr 2019,Full,CD Quality,https://imgur.gg/f/Mnwzfjv
,"JESUS IS KING
(Christ Jesus)","(04/21/2019) (Ye performs at Coachella with Sunday Service Choir)
(10/25/2019) (JESUS IS KING officially releases)
(10/31/2019) (JESUS IS KING receives its last update)",,,"Following a revelation on Easter 2019 at Coachella, Ye scrapped Yandhi and reworked it to focus on God and Christianity. This album ended up being JESUS IS KING. After a private listening party in Detroit, Kim Kardashian announced that the album would release on Sunday, September 29, following listening parties in Chicago and New York. It didn't, and there were no updates for almost a month. On October 20, 2019, Ye suddenly reappeared on Twitter to announce the final release date.",,
JESUS IS KING,JESUS IS KING,"OG Filename: Track List 8.30
This version of the album is the exact copy posted to Kim Kardashian's Twitter, with an extra outro by Labrinth at the end. Leaked as part of the JESUS IS KING bundle groupbuy.",32:48,"Aug 30, 2019",OG File,CD Quality,https://pillows.su/f/1932561be740a97b65a0207e7aae8422
JESUS IS KING,JESUS IS KING,September copy of JESUS IS KING. Contains an updated version of All Dreams Real.,,"Sep 17, 2019",Confirmed,Not Available,N/A
JESUS IS KING,JESUS IS KING [Teenage Engineering Stemplayer],"Copy of an earlier, unmastered version of JESUS IS KING from the Teenage Engineering Stemplayer. Likely dated on or around October 23rd, 2019. Tracklist slightly differs from release.",27:01,"~Oct 23, 2019",Full,Lossless,https://imgur.gg/f/9whm8GA
JESUS IS KING,JESUS IS KING,Release album copy.,,"Oct 25, 2019",Full,Lossless,https://imgur.gg/f/WHeMiav
JESUS IS KING,JESUS IS KING [Album Masters],"Zip file containing JESUS IS KING masters leaked by Waterfalls. Has some alt mixes, OG files as well as alternate versions (""Everything We Need"", ""Hands On"", etc) in 24 bit quality. Files range from 10/23-10/28 with most being 10/24.",,"Oct 28, 2019",OG File,Lossless,https://pillows.su/f/05f066edddf3a108712653aa1d6363ec
,"God's Country
(JESUS IS LORD, Our Beautiful Amazing Reality, Our Beautiful Light Clear Reality, Palm Springs)","(10/25/2019) (JESUS IS KING officially releases)
(07/18/2020) (Ye announces his new album titled DONDA)",,,"Shortly after the release of JESUS IS KING, Ye (almost immediately) started working on new material. Songs from this era revolve around his faith while also consisting of dark themes (such as prison) and lyrics about current social issues. Initially announced as God's Country on May 20th, 2020 by Arthur Jafa, tracks from this album would go on to be developed further in the DONDA [V1] era, following Ye getting new inspiration to make an album dedicated to his mother.",,
God's Country,JESUS IS LORD,"OG Filename: JIL - Free
Likely an album copy consisting of freestyles made in November. Seen on a selling list from Florence.",,Nov 2019,Confirmed,Not Available,N/A
God's Country,Palm Springs,"OG Filename: - Palm Springs - Current Refs
Super early copy of the album, titled Palm Springs. Dated around November 13th, 2019.",31:25,"Nov 13, 2019",OG File,CD Quality,https://pillows.su/f/d16315e3a3baa450eb929838a2400e3f
God's Country,"JESUS IS LORD
(ref. CyHi) (prod. Budgie Beats)","OG Filename: JIL - CyHi
Likely an album copy made by CyHi consisting of his own refs done over redone beats by Budgie.",,Nov 2019,Confirmed,Not Available,N/A
God's Country,"JESUS IS LORD
(prod. Budgie Beats)","OG Filename: JIL - Budgie Edits
Likely an album copy produced by Budgie Beats.",,Dec 2019,Confirmed,Not Available,N/A
God's Country,JESUS IS LORD,"OG Filename: 191218 Freestyle For Opera
Likely a list of freestyles meant to be played at the Nebuchadnezzar Opera althought its dated a month after.",,"Dec 18, 2019",Confirmed,Not Available,N/A
God's Country,"JESUS IS LORD
(prod. FROMDABUNKA)","OG Filename: JIL - Bunker
Likely an album copy produced by FromDaBunka.",,Jan 2019,Confirmed,Not Available,N/A
God's Country,"JESUS IS LORD
(prod. FROMDABUNKA)","OG Filename: JIL - Bunker Picks
Presumably similar to previous version but hand selected by FromDaBunka.",,Jan 2019,Confirmed,Not Available,N/A
God's Country,JESUS IS LORD,OG Filename: JIL - Exp Vocals,,,Confirmed,Not Available,N/A
God's Country,JESUS IS LORD,"OG Filename: JIL - Fede
Version of the album from January 16th, 2020. Unordered, but contains sessions for each song.",,"Jan 16, 2020",OG File,Lossless,https://pillows.su/f/3e60eed5c0367aad5271ac1fefd03f2e
God's Country,JESUS IS LORD,"OG Filename: -- Ye or Nay
Likely an album copy meant to be shown to Ye for what songs to be cut.",,,Confirmed,Not Available,N/A
God's Country,JESUS IS LORD,"OG Filename: NEW CABO
First version of the album made when Ye visited Cabo.",,,Confirmed,Not Available,N/A
God's Country,JESUS IS LORD,"OG Filename: CABO Freestyles
Album copy likely with freestyles from Ye while he was in Cabo.",,,Confirmed,Not Available,N/A
God's Country,JESUS IS LORD,OG Filename: Cabo - Ye Marked,,,Confirmed,Not Available,N/A
God's Country,"JESUS IS LORD
(exec prod. John Monopoly)","OG Filename: Cabo Monop
Version likely produced by John Monopoly while Ye was in Cabo.",,,Confirmed,Not Available,N/A
God's Country,JESUS IS LORD,"OG Filename: CABO PICKS
Likely a more curated list of tracks made when Ye was in Cabo",,,Confirmed,Not Available,N/A
God's Country,JESUS IS LORD,"OG Filename: JIL - Older Copy
Likely a rebounced version of an older copy of JESUS IS LORD.",,,Confirmed,Not Available,N/A
God's Country,JESUS IS LORD,"OG Filename: ALL SONGS
Likely an album copy of all songs considered for the album, presumably for cutting it down.",,,Confirmed,Not Available,N/A
God's Country,"JESUS IS LORD
(exec prod. Jalil Pereza)","OG Filename: JIL - Jalil Picks
Likely an album copy meant to be executively produced by Jalil Pereza.",,,Confirmed,Not Available,N/A
God's Country,"JESUS IS LORD
(exec prod. John Monopoly)","OG Filename: JIL - Monop Picks
Likely an album copy meant to be executively produced by John Monopoly.",,,Confirmed,Not Available,N/A
God's Country,"JESUS IS LORD
(exec prod. Josh Berg)","OG Filename: JIL - JB
Likely an album copy with production from Josh Berg or put together by him.",,,Confirmed,Not Available,N/A
God's Country,"JESUS IS LORD
(exec prod. Ross)","OG Filename: Ross
Version of the album curated by ""Ross"". Unknown who it is referring to.",,,Confirmed,Not Available,N/A
God's Country,"JESUS IS LORD
(prod. Steve Hackman)","OG Filename: JIL - Orchestration
Likely an orchestrative version conducted by Steve Hackman since he was working with Ye at the time.",,,Confirmed,Not Available,N/A
God's Country,No Country For Old Men,OG Filename - no country for old men -,,,Confirmed,Not Available,N/A
God's Country,JESUS IS LORD: END OF NIGHT,OG Filename: jil end of night,,,Confirmed,Not Available,N/A
God's Country,The Light,OG Filename: -- The Light --,,,Confirmed,Not Available,N/A
God's Country,JESUS IS LORD,OG Filename: - Jesus Is Lord -,,,Confirmed,Not Available,N/A
God's Country,JESUS IS LORD,OG Filename: - Jesus Is Lord - 1,,,Confirmed,Not Available,N/A
God's Country,JESUS IS LORD,OG Filename: - Jesus Is Lord - Full List,,,Confirmed,Not Available,N/A
God's Country,JESUS IS LORD,OG Filename: - Jesus Is Lord - Album,,,Confirmed,Not Available,N/A
God's Country,JESUS IS LORD,OG Filename: - Jesus Is Lord - Originals,,,Confirmed,Not Available,N/A
God's Country,JESUS IS LORD,"OG Filename: JIL - Raps
Version likely containing more finished verses from Ye and/or other artists. May also be only reference tracks as a finished copy at the time it was made seems unlikely due to the timeline of events.",,,Confirmed,Not Available,N/A
God's Country,JESUS IS LORD,"OG Filename: JIL - Sidelist
Album copy with a ""sidelist"", possibly a tracklist meant for mixing. Not 100% sure what sidelist refers to.",,,Confirmed,Not Available,N/A
God's Country,JESUS IS LORD,OG Filename: JIL - Singers,,,Confirmed,Not Available,N/A
God's Country,"JESUS IS LORD
(ref. ???)","OG Filename: JIL - Writers Ref
Album copy likely containing reference tracks from many different writers. Unknown which writers made reference tracks.",,,Confirmed,Not Available,N/A
God's Country,JESUS IS LORD,"OG Filename: Cody Ideas
Album copy, likely vocals done based on the previous ""JIL - Writers Ref"" copy after Ye returned to the Wyoming ranch in 2020.",,,Confirmed,Not Available,N/A
God's Country,"JESUS IS LORD
(exec. prod. FROMDABUNKA)","OG Filename: D E A N
Likely a copy produced by FROMDABUNKA from when Dean and Ye returned to the Wyoming ranch in 2020.",,,Confirmed,Not Available,N/A
God's Country,JESUS IS LORD,"OG Filename: - JIL - 200507 Ye
Album copy seen on a selling list.",,"May 7, 2020",Confirmed,Not Available,N/A
God's Country,JESUS IS LORD,"OG Filename: JIL - Bu
Likely only a new tracklist created by Ye's manager at the time, Bu Thiam.",,"May 7, 2020",Confirmed,Not Available,N/A
God's Country,JESUS IS LORD,"OG Filename: Nu Bu 200509
Another new tracklist created by Bu Thiam.",,"May 9, 2020",Confirmed,Not Available,N/A
God's Country,"Travis Scott - UTOPIA [Album]
(exec. prod. Ye)","OG Filename: JIL - Travis
A 17-track Ye copy of Utopia, from 2020. Ye claimed in an interview with DJ Akademiks that 4 songs he did in Wyoming eventually ended up on Travis Scott's album. Only two snippets were previously shown to prove this copy exists, On May 3rd 2025, snippets of the other 15 songs leaked. Full copy leaked on September 27th, 2025 after a groupbuy.",30:58,"May 14, 2020",Full,CD Quality,https://pillows.su/f/24e9734d95a223e8be6cb9c311574a81
God's Country,God's Country,"OG Filename: - Gods Country -
First filename to show the new album name, switching from JESUS IS LORD.",,,Confirmed,Not Available,N/A
God's Country,God's Country,OG Filename: - Gods Country - 200522,,"May 22, 2020",Confirmed,Not Available,N/A
God's Country,God's Country,OG Filename: - Gods Country - 200522 2,,"May 22, 2020",Confirmed,Not Available,N/A
God's Country,God's Country,OG Filename: Gods Country - Table,,,Confirmed,Not Available,N/A
God's Country,God's Country,OG Filename: Play For Ye,,,Confirmed,Not Available,N/A
God's Country,God's Country,OG Filename: Playlist,,,Confirmed,Not Available,N/A
God's Country,God's Country,OG Filename: Playlist 2,,,Confirmed,Not Available,N/A
God's Country,"God's Country
(exec. prod. Consequence)",OG Filename: Cons Picks 200621,,"Jun 21, 2020",Confirmed,Not Available,N/A
God's Country,God's Country,OG Filename: 200629 Ye List,,"Jun 29, 2020",Confirmed,Not Available,N/A
God's Country,God's Country,OG Filename: - Gods Country - 200704,,"Jul 4, 2020",Confirmed,Not Available,N/A
God's Country,"God's Country
(prod. E. VAX)","E.VAX-produced full copy of God's Country from July 5th, 2020. Tracklist order is unknown.",42:01,"Jul 5, 2020",Full,Lossless,https://pillows.su/f/9ed5e56f7a660788c440a09d53107df3
God's Country,JetCountry,OG Filename: - - JetJetJet,,"Jul 10, 2020",Confirmed,Not Available,N/A
God's Country,JetCountry (Instrumentals),OG Filename: - - JetJetJet inst,,"Jul 10, 2020",Confirmed,Not Available,N/A
,"JESUS IS KING: The Dr. Dre Version
(Collaboration with Dr. Dre)
(JESUS IS KING II, JESUS IS LORD)","(10/25/2019) (JESUS IS KING officially releases)
(09/24/2020) (Dem Jointz reveals that Ye is no longer focused on the project)",,,"The release of JESUS IS KING was met with mixed reviews from fans and critics. Ye then took to Twitter to announce that he was working on a new album with Dr. Dre. Initially conceived as a remix album, it eventually grew to incorporate mainly unreleased material. During the #WESTDAYEVER campaign, Ye did on Twitter in 2020, it was supposed to release officially, but never did. It ended up being scrapped sometime in 2020, as stated by producer Dem Jointz. Ye posted the cover in 2022, which is assumed to be for the album.",,
JESUS IS KING: The Dr. Dre Version,DR Album,"OG Filename: - DR Album -
Unknown what's on the album. DR likely refers to Doctor as in Dr. Dre.",,,Confirmed,Not Available,N/A
JESUS IS KING: The Dr. Dre Version,DR Album,"OG Filename: DR Album - 200711
Unknown what's on the album. DR likely refers to Doctor as in Dr. Dre.",,"Jul 11, 2020",Confirmed,Not Available,N/A
JESUS IS KING: The Dr. Dre Version,DR Album,"OG Filename: DR Album - 200713
Unknown what's on the album. DR likely refers to Doctor as in Dr. Dre.",,"Jul 13, 2020",Confirmed,Not Available,N/A
JESUS IS KING: The Dr. Dre Version,DR Album,"OG Filename: DR Album - 200714
Unknown what's on the album. DR likely refers to Doctor as in Dr. Dre.",,"Jul 14, 2020",Confirmed,Not Available,N/A
JESUS IS KING: The Dr. Dre Version,DR Album,"OG Filename: DR Album - 200714 AM
Likely an album copy planned to be put up onto Apple Music due to it having AM in the name. May also be very similar to the copy below as it was intended for streaming services.",,"Jul 14, 2020",Confirmed,Not Available,N/A
JESUS IS KING: The Dr. Dre Version,JESUS IS KING: The Dr. Dre Version,"Full copy of JESUS IS KING: The Dr. Dre Version from early July 2020. Features 10 songs, with features from Anderson .Paak, Dr. Dre, Snoop Dogg, Eminem, Travis Scott and more, and is fully finished. Was intended to release around June 26th, 2020 for Ye's ""WestDayEver.""",34:52,Jul 2020,OG File,High Quality,https://pillows.su/f/9b48bc6fc71750b9653e4a5a181e975e
,"DONDA [V1]
(DONDA: WITH CHILD, DND WTH CHLD, DND, God's Country, The First Born Donda)","(07/18/2020) (Ye announces his new album titled DONDA) 
(03/07/2021) (CyHi confirms that Ye has resumed work on the album)",,,"With new inspiration to work on an album dedicated to his mother, Ye continued working on previous demos and new ideas. The music of this era reflects Donda's impact on Ye in a colorful sound while reflecting his mania and the stress he was going through focusing on his businesses while also running for President. With multiple failed release dates for the album, Ye went into silence in early 2021, finishing up tracks until the album morphed into something very different.",,
DONDA [V1],Wyoming Album,OG Filename: WY Album - 200716,,"Jul 16, 2020",Confirmed,Not Available,N/A
DONDA [V1],Wyoming Album,OG Filename: WY Album - 200717 1,,"Jul 17, 2020",Confirmed,Not Available,N/A
DONDA [V1],Wyoming Album,OG Filename: WY Album - 200717 2,,"Jul 17, 2020",Confirmed,Not Available,N/A
DONDA [V1],Wyoming Album,OG Filename: WY Album - 200717 JonJon,,"Jul 17, 2020",Confirmed,Not Available,N/A
DONDA [V1],Wyoming Album,OG Filename: WY Album - 200718 JonJon 2,,"Jul 18, 2020",Confirmed,Not Available,N/A
DONDA [V1],Wyoming Album,OG Filename: 200718 WY JonJon,,"Jul 18, 2020",Confirmed,Not Available,N/A
DONDA [V1],Wyoming Album,OG Filename: 200718 WY List 1,,"Jul 18, 2020",Confirmed,Not Available,N/A
DONDA [V1],Donda,OG Filename: 200719 Donda,,"Jul 19, 2020",Confirmed,Not Available,N/A
DONDA [V1],Donda,OG Filename: 200719 Play For Ye,,"Jul 19, 2020",Confirmed,Not Available,N/A
DONDA [V1],Wyoming Album,OG Filename: 200719 WY,,"Jul 19, 2020",Confirmed,Not Available,N/A
DONDA [V1],Donda,OG Filename: 200720 Donda,,"Jul 20, 2020",Confirmed,Not Available,N/A
DONDA [V1],Wyoming Album,OG Filename: 200720 WY Updates,,"Jul 20, 2020",Confirmed,Not Available,N/A
DONDA [V1],Wyoming Album,OG Filename: 200721 WY Updates,,"Jul 21, 2020",Confirmed,Not Available,N/A
DONDA [V1],With Child,OG Filename: With Child,,"Jul 21, 2020",Confirmed,Not Available,N/A
DONDA [V1],Donda,OG Filename: Top 20,,"Jul 23, 2020",Confirmed,Not Available,N/A
DONDA [V1],"Donda: With Child
(With Child Continous)","OG Filename: With Child_Continous 7.23.20
Copy of Donda: With Child from July 23rd, 2020. Rather than being a zip folder of files, this copy is actually one mp3. Contains many tracks considered throughout July 2020, with the full tracklist in the tracklists section.",1:02:59,"Jul 23, 2020",OG File,CD Quality,https://pillows.su/f/6ab3f25d7b784747be764f74a93f411f
DONDA [V1],DONDA,OG Filename: 200729 DONDA,,"Jul 29, 2020",Confirmed,Not Available,N/A
DONDA [V1],DONDA,"OG FIlename: DONDA KWLP - 07.31.20
Version of Donda: With Child from July 31st, 2020. 13 tracks long, with ""Life Of The Party"" included in the zip as well.",38:58,"Jul 31, 2020",OG File,CD Quality,https://pillows.su/f/efcaefeac6adfa8302b4957780d0d8d1
DONDA [V1],Donda: With Child [Visual Album],"Album copy used for the Donda: With Child visual album. The visual album contains video footage promoting YZY Gap, footage of the scenery of the ranch as well as shots with Ye himself. Audio rip also linked. Contains the following tracks:

1. Pray 4 Me
2. 12,000 Acres
3. Wolves
4. Follow The Light
5. Off The Grid
6. 24
7. Hurricane
8. Alien
9. Keep My Spirit Alive
10. God's Country
11. Future Sounds
12. I Know God Breathed On This
13. With Child
14. Crash Landing",34:29,"Aug 10, 2020",OG File,CD Quality,"https://pillows.su/f/46c9d288435820eb9837511d0eedd724
https://pillows.su/f/8cbeb5f2f0fdf5d0fa88819f90d4b329"
DONDA [V1],Donda,OG Filename: Donda 8.13.20,,"Aug 13, 2020",Confirmed,Not Available,N/A
DONDA [V1],Donda,OG Filename: Donda 8.14.20,,"Aug 14, 2020",Confirmed,Not Available,N/A
DONDA [V1],Donda,OG Filename: Donda 8.24.20,,"Aug 24, 2020",Confirmed,Not Available,N/A
DONDA [V1],Donda,OG Filename: Donda 8.25.20,,"Aug 25, 2020",Confirmed,Not Available,N/A
DONDA [V1],Donda,OG Filename: Donda 8.26.20,,"Aug 26, 2020",Confirmed,Not Available,N/A
DONDA [V1],Donda,OG Filename: Donda 8.28.20,,"Aug 28, 2020",Confirmed,Not Available,N/A
DONDA [V1],Donda,OG Filename: Bu 8.29.20,,"Aug 29, 2020",Confirmed,Not Available,N/A
DONDA [V1],Donda,OG Filename: Bu Sep 2020,,Sep 2020,Confirmed,Not Available,N/A
DONDA [V1],Donda,OG Filename: Donda 9.11.20,,"Sep 11, 2020",Confirmed,Not Available,N/A
DONDA [V1],Donda,OG Filename: Free Sep 2020 (Unknown what the Free in the file name means),,Sep 2020,Confirmed,Not Available,N/A
DONDA [V1],Donda (Instrumentals),OG Filename: Donda Inst,,,Confirmed,Not Available,N/A
DONDA [V1],Donda,OG Filename: DONDA 11,,,Confirmed,Not Available,N/A
DONDA [V1],Drops,OG Filenames: Drops,,,Confirmed,Not Available,N/A
DONDA [V1],Donda,"OG Filename: Donda for Todd
Copy of Donda: With Child sent to Todd Rundgren on December 7th, 2020.",55:39,"Dec 7, 2020",OG File,CD Quality,https://pillows.su/f/68db3d900e8a7c58f727244b6709f2bd
DONDA [V1],Donda,"Short copy of Donda from January 2021. Primarily features Ojivolta versions of songs, with Justin Austin vocals.",21:40,Jan 2021,Full,CD Quality,https://pillows.su/f/cf681aba1c9bd79a965b4c12415cc47b
,Donda [V3],"(07/09/2021) (Malik Yusef posts about a change in sound direction for the album)
(08/29/2021) (Donda officially releases)
(11/15/2021) (Donda (Deluxe) officially releases)",,,"Almost a year after the initial announcement of Donda, a Beats by Dre ad revealed that a listening party would take place at the Mercedes-Benz Stadium in Atlanta. It happened, but the album didn't drop. Ye moved into the stadium and lived there until the second listening event two weeks later. Once again, the album did not release. Ye later announced a third listening party at Soldier Field in Chicago, with the album coming the next day. It didn't. The album ended up releasing on August 29th, 2021 at 8AM EST, almost two days after the final listening party.",,
Donda [V3],Donda,"OG Filename: Archive
Leaked 2/25/24. Has songs as early as 2020 and as late as July 2021. From Pierre-Louis Auvrey.",45:05,Jul 2021,OG File,CD Quality,https://pillows.su/f/a3477576fa3aaa00873f950f6f43bf56
Donda [V3],Donda,"OG Filename: Album 10
Copy of the album from July 13th, 2021.",58:31,"Jul 13, 2021",OG File,CD Quality,https://pillows.su/f/9669bc61467ee0fe764026795bda1bd5
Donda [V3],Donda,"OG Filename: Album 11 Rev 1
OG Password: JamesDean
Another copy of the album from July 13th, 2021.",47:40,"Jul 13, 2021",OG File,CD Quality,https://pillows.su/f/29d2168eafdedc690df9c211473cfd6b
Donda [V3],Donda,"OG Filename: Whiteboard Playlist 210715
OG Password: 101520
Copy of the album from July 15th, 2021.",32:25,"Jul 15, 2021",OG File,CD Quality,https://pillows.su/f/93a898811b71b778c89059e060e33dbe
Donda [V3],Donda,"OG Filename: 03 July 13
Copy of the album from around July 16th, 2021. Labeled as from July 13th, but contains files from July 14th-16th.",57:33,"Jul 16, 2021",OG File,CD Quality,https://pillows.su/f/c44fa85b804308fb7799a54cb6ac7f63
Donda [V3],Donda,"OG Filename: Sequence 7 18 21
OG Password: 101520
Copy of the album from July 18th, 2021, identical to the copy above.",57:33,"Jul 18, 2021",OG File,CD Quality,https://pillows.su/f/e40384c6cd56fc030bd51bdf3c9dde82
Donda [V3],Donda,"OG Filename: Album 10 - playlist - 210719
OG Password: 101520
Copy of the album from July 19th, 2021.",1:27:35,"Jul 19, 2021",OG File,CD Quality,https://pillows.su/f/187b7c27e179d55516a13054aea1db55
Donda [V3],Donda,"OG Filename: Album 10 - 210721 update
OG Password: 101520
Copy of the album from July 21st, 2021.",37:36,"Jul 21, 2021",OG File,CD Quality,https://pillows.su/f/b921bbc065f466649aed7e463b522bb5
Donda [V3],Donda,"OG Filename: 07 Donda as of Sat July 24
Copy of the album from July 24th, 2021. Contains full MIKE DEAN mixes of the album, with identical and similar files to versions played at the LP1 listening party.",43:34,"Jul 24, 2021",OG File,CD Quality,https://pillows.su/f/2cfe74b335fa85478326488b49cc5fc5
Donda [V3],Donda,"OG Filename: 08 Donda as of Aug 19
Copy of the album from August 19th, 2021.",1:28:59,"Aug 19, 2021",OG File,CD Quality,https://pillows.su/f/4d71661a2675523ed6f3f2adf1a41436
Donda [V3],Donda,"OG Filename: 09 Donda as Aug 21
Copy of the album from August 21st, 2021.",1:28:19,"Aug 21, 2021",OG File,CD Quality,https://pillows.su/f/383cd2adb2ed551f4eb61a849147a2b3
Donda [V3],Donda,"OG Filename: 10 Donda as of Aug 23
Copy of the album from August 23rd, 2021.",1:35:38,"Aug 23, 2021",OG File,CD Quality,https://pillows.su/f/eb1d34dc935059d44a940facb039fbcb
Donda [V3],Donda,"OG Filename: 11 Donda as of Aug 25
Copy of the album from August 25th, 2021.",1:30:19,"Aug 25, 2021",OG File,CD Quality,https://pillows.su/f/6c50b73e2a8c328cb2e89282efa3e16a
Donda [V3],Donda,Release album copy.,,,Full,Lossless,https://imgur.gg/f/wlCGz44
Donda [V3],Donda (Deluxe),Deluxe album copy.,2:11:00,"Nov 14, 2021",Full,Lossless,https://imgur.gg/f/14e6usm
,"DONDA 2 [V1]
(For The Children, Donda 2: 4 Da Kidz)","(11/15/2021) (Ye releases Donda (Deluxe))
(10/03/2022) (Ye wears the White Lives Matter shirt)",,,"Donda 2 was announced by Ye via Instagram, being executive produced by Future. Ye then proceeded to get into many significant controversies. He hosted a listening party for it in Miami, in which many of the tracks were unfinished. It was released on the Stem Player a few days later, but it was still incomplete. Months later, Ye got into even more controversies, making him get dropped by Adidas, buy the social media Parler, and lose his billionaire status following his proclaiming ""White Lives Matter"" at Yeezy Season 9.",,
DONDA 2 [V1],Donda 2,"OG Filename: 2022 Hide away
Earliest known copy of Donda 2 from February 4, 2022. File metadata says files were copied/rebounced on February 15th. Includes a folder of ""PICKED"" songs.",1:35:15,"Feb 4, 2022",OG File,CD Quality,https://pillows.su/f/7bf656f3069c21d1524af9aed7013926
DONDA 2 [V1],Donda 2,"OG Filename: - PICKED
""Picked"" songs from the above copy, about 10 songs were excluded.",50:35,"Feb 4, 2022",OG File,CD Quality,https://pillows.su/f/a547cfc2e121d4fae331ea01d6033a3e
DONDA 2 [V1],Donda 2,"OG Filename: TRACKLIST 2022-02-13
Copy of Donda 2 from February 13th, 2022. Contains mostly Digital Nas and Beach House alts. Length includes all files. Tracklist meant for this copy of the album also included ""City of Gods"" and ""Wait 4 U"", but is not included in this copy of the album.",1:11:24,"Feb 13, 2022",OG File,CD Quality,https://pillows.su/f/cc7762402dd23790a593e755e1e6aebc
DONDA 2 [V1],Donda 2,"Copy of Donda 2 put together via files found in a mass leak, so some extra possible files that might have been considered for this copy are in a folder inside the linked zip. Length does not include the extra possible files.",1:01:49,Feb 2022,OG File,CD Quality,https://pillows.su/f/71e8c9aa77a4a82866851fd63358dde3
DONDA 2 [V1],Donda 2,"OG Filename: Donda 2 Tracklist (Album.02 Writer References)
Copy of Donda 2 from around February 20th - February 22nd, 2022. Has a similar order to tracklists posted on Ye's Instagram, and contains files reused for the pre-LP tracklist posted by Quavo.",1:16:15,Feb 2022,OG File,CD Quality,https://pillows.su/f/3ebe3ccb537066c71fd35b5d7e9b9bd9
DONDA 2 [V1],Donda 2,"OG Filename: Donda 2 Tracklist (Album.08)
Copy of Donda 2 from sometime in February 2022.",,Feb 2022,OG File,CD Quality,https://imgur.gg/f/Ke6iJso
DONDA 2 [V1],Donda 2,"OG Filename: Donda 2 Tracklist (Album.09)
Copy of Donda 2 from sometime in February 2022.",,Feb 2022,OG File,CD Quality,Link Needed
DONDA 2 [V1],Donda 2,"OG Filename: Donda 2 Tracklist (Album.09) - New Refs
Copy of a few new scattered Donda 2 references from sometime in February 2022. Probably meant to be placed on the 09 copy above to replace the old tracks.",,Feb 2022,OG File,CD Quality,https://imgur.gg/f/IlRclUg
DONDA 2 [V1],Donda 2,"OG Filename: Donda 2 Tracklsit (Album.09 Writer References)
Copy of Donda 2 from sometime in February 2022. Is just the writer references. Has not been uploaded yet as the file is too big. Yes, it is spelt wrong in the filename.",,Feb 2022,OG File,CD Quality,Link Needed
DONDA 2 [V1],Donda 2,"OG Filename: Donda 2 Tracklist (Album.10) - New Order
Copy of Donda 2 from sometime in February 2022. Has a new tracklist order.",,Feb 2022,OG File,CD Quality,Link Needed
DONDA 2 [V1],Donda 2,"OG Filename: Donda 2 Tracklist (For JH)
Copy of Donda 2 from sometime in February 2022. Sent to ""JH"".",,Feb 2022,OG File,CD Quality,Link Needed
DONDA 2 [V1],Donda 2,"OG Filename: iTunes Playlist (Album.06)
Copy of Donda 2 from sometime in February 2022.",,Feb 2022,OG File,CD Quality,Link Needed
DONDA 2 [V1],Donda 2,"OG Filename: iTunes Playlist (Album.07)
Copy of Donda 2 from sometime in February 2022. Found in the 130 GB Donda 2 Megaleak, but has all of its contents removed.",,Feb 2022,Confirmed,Not Available,N/A
DONDA 2 [V1],Donda 2,"OG Filename: Donda 2 Tracklist - 2022-02-20
Copy of Donda 2 made 2 days before the listening party.",,"Feb 20, 2022",OG File,CD Quality,Link Needed
DONDA 2 [V1],Donda 2: For The Children,"OG Filename: Mike Dean - All Versions of Songs
Copy made the day before Donda 2's intended release of 2/22/22. According to American, almost every song has production added from MIKE DEAN. Snippet pack leaked 11/8/24, with the full copy leaking on 11/21/24.",2:15:37,"Feb 21, 2022",OG File,CD Quality,https://pillows.su/f/dc9ed68f5906e07cfaaf2a9300f8a46c
DONDA 2 [V1],Donda 2 [Stem Player],"OG files for the most recent Donda 2 stem player copy except for the updated ""Flowers"" from late 2022. ""True Love"", the latest bounced song, is dated February 25th.",47:27,"Feb 25, 2022",OG File,Lossless,https://pillows.su/f/b28e958ee69e0da5facec1e2e3903fc8
DONDA 2 [V1],Donda 2,"OG Filename: Donda 2 Tracklist - 2022-03-01
Copy of Donda 2 from March 1st, 2022.",50:03,"Mar 1, 2022",OG File,CD Quality,Link Needed
DONDA 2 [V1],Donda 2,"OG Filename: Donda 2 Tracklist - 2022-03-21
Copy of Donda 2 from March 21st, 2022. Very similar to the released stem player copy, with finished/updated versions of songs added as well as slight tracklist restructures.",55:17,"Mar 21, 2022",OG File,CD Quality,https://pillows.su/f/917a46edce33cf45b56af613ef334285
DONDA 2 [V1],2022 GOOD Fridays,"OG Filename: GF Mixes from Mike Dean
In April of 2022, Ye planned to do another series of GOOD Fridays single releases. Songs considered for the release were ""True Love,"" ""530,"" ""We Did It Kid"" and ""Pablo,"" all mixed by MIKE DEAN.",11:12,"Apr 11, 2022",OG File,CD Quality,https://pillows.su/f/dbadb069730220294297fd138b1968db
,"WAR
(Collaboration with James Blake)","(04/??/2022) (The project is conceived)
(12/07/2022) (Someday We'll All Be Free is released on the InfoWars website)",,,"WAR was a collaborative project between Ye and James Blake. Early sessions for the project began around April/May 2022. On his third Drink Champs interview, Ye referred to these sessions as work for ""their album"". Three songs from the project were played at a party featured on Naomi Campbell's Instagram, with the song ""What I Would Have Said At Virgil's Funeral"" being previewed in full at YZY Season 9 shortly thereafter. The project was thought to have been scrapped in the wake of Ye's numerous antisemitic comments, however James Blake has gone on record to say that Ye is the only thing stopping the project from seeing a release. Was thought to have also been a collaboration with No I.D., but James Blake confirmed he only did production on one session.",,
WAR,WAR,"According to dondasvault, there is ""a copy of roughly 10 tracks + stems, freestyles and refs"". This album copy apparently has ""several finished songs"", however info from the seller is inconsistent.",,,Rumored,Not Available,"https://ibb.co/BnS1nnh
https://ibb.co/m6XN7nG"
WAR,WAR,A full 9 track copy of WAR leaked track by track after unrelated fundraisers for charity. ,32:47,Oct 2022,Full,CD Quality,https://pillows.su/f/38e26be2dcb71a2668548562814f2537
,"VULTURES 1
(Collaboration with Ty Dolla $ign as ¥$)
(Vultures, Vultures Vol. 1)","(10/28/2023) (The name of the project is changed from Bad Bitch Playbook to VULTURES 1)
(02/10/2024) (VULTURES 1 officially releases)",,,"After the album's name change from Bad Bitch Playbook Vol. 1 to VULTURES 1, four listening parties were scheduled between December 12th, 2023, and February 9th, 2024. In 2024, Ye announced that VULTURES would be a trilogy, with the first installment dropping on February 9th, followed by the second and third albums in March and April. VULTURES 1 would end up being released on February 10th, the day after the final listening party.",,
VULTURES 1,"VULTURES
(prod. will.i.am)","According to Ty in an interview, a copy of VULTURES produced by will.i.am exists.",,,Confirmed,Not Available,N/A
VULTURES 1,Vultures Vol. 1,"Early version of Vultures. Leaked July 31st, 2024. The files fade out because it's the OG iTunes uploads that were placeholders. ""Unlock"" (""Talking"") and ""Drunk"" (""Forever Rollin'"") are just incorrent names.",39:25,"Dec 15, 2023",OG File,Lossless,https://pillows.su/f/7bb922989576ea68e7b29f319daafaaf
VULTURES 1,VULTURES VOL.1/2,"Folder posted to SHDØW's Instagram Story showing a 39-track copy of Vultures 1 & 2, with the caption ""this is how you finish the album"".",,"Dec 18, 2023",Confirmed,Not Available,https://ibb.co/rGQxNXW1
VULTURES 1,VULTURES 1,Copy of VULTURES 1 sent through email after purchasing the digital download. Identical to the initial release.,55:33,"Feb 10, 2024",OG File,Lossless,Link Needed
VULTURES 1,VULTURES 1,"Day one copy of VULTURES 1 containing ""GOOD (DON'T DIE)"".",,,Full,Lossless,Link Needed
VULTURES 1,VULTURES 1,"Updated copy of VULTURES 1 removing ""GOOD (DON'T DIE)"".",,,Full,Lossless,Link Needed
VULTURES 1,VULTURES 1,"OG Filename: Vultures Mastering upload Revised
Unreleased VULTURES 1 copy with updated mixes. Leaked October 17th, 2024. Has file dates ranging from February 8th to February 12th.",56:00,"Feb 12, 2024",OG File,Lossless,https://pillows.su/f/218ad166342e8cbdbfc0dce5c4ce2d3b
VULTURES 1,VULTURES 1,"OG Filename: New Masters
Later copy with updated mixes. Leaked October 17th, 2024. Has new mixes for ""BACK TO ME"", ""BEG FORGIVENESS"", ""CARNIVAL"", ""HOODRAT"", ""KING"", and ""PAID"". Has file dates ranging from February 12th to March 3rd.",34:42,"Mar 3, 2024",OG File,Lossless,https://pillows.su/f/2ddc4d578d02c678ecf1a3ca06688d52
,"VULTURES 2
(Collaboration with Ty Dolla $ign as ¥$)
(Vultures Vol. 2)","(02/10/2024) (VULTURES 1 officially releases)
(08/03/2024) (VULTURES 2 officially releases)
(11/10/2024) (VULTURES 2 receives its last update)",,,"VULTURES 2 was announced alongside 2 other volumes of VULTURES, and was meant to release on March 8th, 2024, and then May 3rd, 2024. This album would've became the first release exclusive to the YZYAPP. The cover shows Ty Dolla $ign holding a portrait of his brother Big TC, who is currently in prison. After the album failed to drop on May 3rd, 2024, the direction of the project completely shifted, and was to be censored. The album failed to drop August 2nd and then dropped August 3rd with questionable mixing/songs.",,
VULTURES 2,VULTURES 2,"Phoenix LP copy of VULTURES 2. Was missing track 4, which is ""Pay Per View"". Leaked 10/21/24. ""Pay Per View"" later leaked 11/03/24.",23:22,"Mar 10, 2024",OG File,Lossless,https://pillows.su/f/736944f30f968451097710cd94892623
VULTURES 2,"VULTURES 2
(prod. Cruza)",Album copy of VULTURES 2 from May 2024 which contains production on all songs handled exclusively by Cruza.,,May 2024,Partial,Lossless,https://pillows.su/f/1abeaae679cf09e22a751d514b9e34ae
VULTURES 2,"VULTURES 2
(prod. Wes Singerman & taydex)",Wes Singerman & taydex produced copy of VULTURES 2. Not every song has leaked.,,,Partial,CD Quality,https://pillows.su/f/8fbba520eae8b9dea3e9263d03295dd7
VULTURES 2,VULTURES 2 [Release V1],Initial release copy of VULTURES 2.,51:13,"Aug 3, 2024",Full,Lossless,https://pillows.su/f/9a50e801b9811c67eeb6e64b9f0bc990
VULTURES 2,VULTURES 2 [Release V1.1],"Has some mixing changes to a couple songs and a name change for ""MAYBE"" to now be ""FOREVER"", it is also shorter. ""SKY CITY"" also has a new mix and less AI isolated drums / Ty vocals. ""FRIED"" & ""FIELD TRIP"" now also have new mixes. Full changelog here.",50:26,"Aug 4, 2024",Full,Lossless,https://pillows.su/f/1b872976de1807b1efa5ea832ff858a9
VULTURES 2,VULTURES 2 [Release V1.2],"""530"" now is CDQ and has a new mix with chimpunk vocals on the beatswitch. ""RIVER"" now also has the cash sound effect removed, Pierre drums again at Thug's part and a new mix. ""FRIED"" also has new unmixed adlibs. ""FIELD TRIP"" has a new mix and so does ""DEAD"". ""SKY CITY"" also has the AI vocals mixed better with better reverb and delay. Full changelog here.",50:25,"Aug 5, 2024",Full,Lossless,https://pillows.su/f/c52fbf12c698d0b7375ea9f37232640c
VULTURES 2,VULTURES 2 [Release V1.3],"Has changes to ""DEAD"" and ""FRIED"".",50:25,"Aug 5, 2024",Full,Lossless,https://pillows.su/f/ad77a706571fe1a0af3cd25f423883a0
VULTURES 2,VULTURES 2 [Release V1.4],"Changes ""MY SOUL"" and ""FRIED"". Full changelog here.",50:19,"Aug 6, 2024",Full,Lossless,https://pillows.su/f/38b486dc7c1457628c74a89b50c14aec
VULTURES 2,VULTURES 2 [Release V1.5],"""MY SOUL"" has a rearranged order of verses, vocals are no longer panned to the left and production is different on outro.",50:19,"Aug 6, 2024",Full,Lossless,https://pillows.su/f/17f2aa6158a0bf25e06721a511eb06f7
VULTURES 2,VULTURES 2 [Release V1.6],"Part of the VULTURES 2 DIGITAL DELUXE 1. Adds ""TAKE OFF YOUR DRESS"" as Track 17.",53:45,"Aug 7, 2024",Full,Lossless,https://pillows.su/f/0fab4228fa5de340dd11af8cf05a19aa
VULTURES 2,VULTURES 2 [Release V1.7],"Clean version with mix updates for every song apart from ""BOMB"" and a new tracklist order. Also removes ""HUSBAND"" and ""ISABELLA"" off of ""LIFESTYLE"".",48:44,"Aug 8, 2024",Full,Lossless,https://pillows.su/f/15009c62f240f9ff6bdc04a754d12f6a
VULTURES 2,VULTURES 2 [Release V1.8.1],"Part of the VULTURES 2 DIGITAL DELUXE 2. Adds ""BELIEVER"" as Track 17.",53:32,"Aug 8, 2024",Full,Lossless,https://pillows.su/f/6e688041cbced2b14c7129da5f2c3c93
VULTURES 2,VULTURES 2 [Release V1.8.2],"Part of the VULTURES 2 DIGITAL DELUXE 3. Adds ""DRUNK"" as Track 17.",53:29,"Aug 8, 2024",Full,Lossless,https://pillows.su/f/152b63e7b3816a356e522beecfc651a1
VULTURES 2,VULTURES 2 [Release V1.8.3],"Part of the VULTURES 2 DIGITAL DELUXE 4. Adds ""GUN TO MY HEAD"" as Track 17.",52:35,"Aug 8, 2024",Full,Lossless,https://pillows.su/f/b5a3315dfffc1507fa9f7b7d0f6d24e9
VULTURES 2,VULTURES 2 [Release V1.8.4],"Part of the VULTURES 2 DIGITAL DELUXE 5. Adds ""CAN U BE"" as Track 17.",53:46,"Aug 9, 2024",Full,Lossless,https://pillows.su/f/a5c0242d921caa420c0b3ece4d827eae
VULTURES 2,VULTURES 2 [Release V1.9],"Part of the VULTURES 2 DIGITAL DELUXE 5. Adds an updated ""CAN U BE"" with an updated mix, alternate Ty$ lyrics, and new AI Ye vocals that replace most of the Ty$ near the end of the song. Track 17.",53:46,"Aug 9, 2024",Full,Lossless,https://pillows.su/f/a3e784a1bbfc1e3067a035b73c8f6c55
VULTURES 2,VULTURES 2 [Release V1.10],"Tracklist updated to match V1.7, however still has the old versions without the newest mixes. ""LIFESTYLE"" is still unfixed and has ""HUSBAND"" and ""ISABELLA"".",50:07,"Aug 9, 2024",Full,Lossless,https://pillows.su/f/5740c4cbbc347fe1b05b1f8548f2dd4c
VULTURES 2,VULTURES 2 [Release V1.11],"Version with all the songs being mixed by Irko and has the fixes from V1.7. ""FOREVER"" also now has AI Ye vocals.",49:49,"Aug 16, 2024",Full,Lossless,https://pillows.su/f/35756e900b8853c5ca3d6f9e01cd91e3
VULTURES 2,VULTURES 2 [Release V1.12],"YouTube Music version of the Deluxe. ""RIVER"" and ""MY SOUL"" are shorter, and ""FIELD TRIP"" has more on time Carti vocals. Also has some of the deluxe tracks.",58:11,"Oct 16, 2024",Full,CD Quality,https://pillows.su/f/869a121b08228e605e845e2705cd888c
VULTURES 2,VULTURES 2 [Release V2.0],"This is the current version on streaming, for both clean and explicit. FIELD TRIP has been taken off of most DSPs.

""TIME MOVING SLOW"" - Cruza drums removed
""FIELD TRIP"" - Playboi Carti verse is now on beat
""FRIED"" - New mix, significantly louder claps and synths.
""530"" - Mumble replaced with an AI verse and Ty punch-ins.
""BOMB"" - Yuno Miles feature added
""RIVER"" - Outro shortened
""LIFESTYLE"" - Mix changes
""MY SOUL"" - Slight mix changes

[Huge shoutouts to ben3759 and son! for helping with all these archived versions]",49:02,"Nov 11, 2024",Full,Lossless,https://imgur.gg/f/jN0fA92
,BULLY [V1],"(08/03/2024) (VULTURES 2 officially releases)
(06/15/2025) (BULLY misses its intended release date)
(1/26/2026) (Ye admits to being medicated again)",,,"On September 3rd, 2024, the CEO of Channel Candy, Ye's new touring company, confirmed that work on a new solo Ye album had began after the South Korea Vultures listening experience. On September 28th, 2024, on the second Haikou listening event, Ye confirmed that the album name is Bully, which references the movie with the same name that he posted on his Instagram story a few days prior to the event. On January 2nd, 2025, Ye announced the album would have AI on it after months of speculation, and that it could help AI become used more in music. After the release of Bully V1, Ye confirms his intention to re-record the AI on Bully, and stated it was being mixed.",,
BULLY [V1],BULLY [DON TOLIVER REFERENCES],Copy containing every Don Toliver reference track that would be AI'ed on future versions. Only a small amount of reference tracks have leaked as of now. Unordered.,,"Sep 1, 2024",Partial,High Quality,https://imgur.gg/f/VuexHLz
BULLY [V1],BULLY,"October copy of the album. Has alternate reference tracks. The only real vocals–excluding the WAR era vocals from ""This One Here"" which are on all other copies of BULLY–is an unused hook for ""Can't Hurry Love"".",20:25,"Oct 18, 2024",OG File,CD Quality,https://pillows.su/f/dbe0a5c3b9e9cc88d419e3a634bacd3e
BULLY [V1],BULLY,"According to Malik Yusef he ""presented Ye a couple versions of BULLY"" but Ye did not like them.",,,Confirmed,Not Available,N/A
BULLY [V1],BULLY,November copy of the album.,21:47,"Nov 12, 2024",Full,CD Quality,https://pillows.su/f/7c7dc3b681d278723b96b26087527fea
BULLY [V1],BULLY,Mid to late November copy of BULLY mixed by Irko.,23:41,Nov 2024,OG File,Lossless,https://imgur.gg/f/ZfycJfY
BULLY [V1],BULLY,"December copy of the album. Adds ""Losing Your Mind"" and ""Melrose"", and has a differently sequenced tracklist.",29:28,"Dec 23, 2024",Full,CD Quality,https://pillows.su/f/45c4288534f869cd3426dc639f663a9c
BULLY [V1],BULLY,"January copy of the visual album. Folder opened by DJ Fai on a stream with Ty Dolla $ign after the chat asked him to play ""This One Here"". ",,,Confirmed,Not Available,N/A
BULLY [V1],BULLY,"Copy intended to be released on streaming July 25th, 2025.",31:24,,OG File,Lossless,https://pillows.su/f/5cad6d0f07fe7f1f7b3ab8c4cee0a5b1
BULLY [V1],BULLY,"Copy uploaded on the backend of Spotify some time after the original delay, changes track 7 and 13.",,,Confirmed,Not Available,N/A
BULLY [V1],BULLY,"Copy used to be released on the pressed vinyls and CD's possibly being dated December 2025, as the CDMX version of All The Love was the same as the Physical copy.",,,Rumored,Not Available,N/A
,"CUCK
(CUKKK, WW3, IN A PERFECT WORLD)","(02/07/2025) (Ye starts his first twitter posting spree saying ""I LOVE HITLER. I'M A NAZI,"")
(03/06/2025) (Ye announces that the album has a new ""antisemitic sound"")
(05/22/2025) (Ye states that he's ""Done with the Antisemitism"" and proceeds to elaborate new ideas for the upcoming project.)
(06/22/2025) (Ye announces the name change to ""IN A PERFECT WORLD"")",,,"On March 6th, 2025, Ye tweeted, ""this next album got that antisemitic sound"" and ""my new sound called antisemitic"". This would mark a shift in Ye's soundscape, as his antisemitic ideas had been mostly contained to his Twitter at that time, besides a few one-off remarks about Jews on the VULTURES albums. On March 16th, 2025, Ye would tweet an image of a red swastika against a black background, declaring it as a ""NEW ALBUM COVER"". On April 2nd. 2025, DJ Akademiks would post a series of Tweets that eventually led to the announcement of a new album titled WW3, separating this project from BULLY.  ",,
CUCK,Sheffmafe Beats for WW3,"A Dropbox from Sheffmade with distinct early beats from Dave Blunts references for WW3 is circulating online.
Some of them were recovered. a full copy of every beat is unknown to exist, but is likely to be.",,March 2025,Confirmed,Not Available,
CUCK,WW3 [Dave Blunts Reference Tracks],"Album copy containing the majority of Dave Blunts' reference tracks for CUCK developed within the full month of March 2025. Dated March 28th, 2025, though most references were made prior. Only loose track from this that has leaked is the beat for Jared.",,"Mar 28, 2025",Confirmed,Not Available,N/A
CUCK,CUCK,"Copy of CUCK that was mostly AI'ed Dave References or initial finished versions of songs with Ye Vocals over Sheffmade and Quadwoofer instrumentals, which those were also used onto Dave Blunts references. hence it's why Some earlier sessions had different arrangements.",,"Apr 2, 2025",Confirmed,Not Available,N/A
CUCK,CUCK,Copy of the album fully produced by Digital Nas.,,Apr 2025,Confirmed,Not Available,N/A
CUCK,CUCK,Copy of the album Mixed by Irko.,,Apr 2025,Rumored,Not Available,N/A
CUCK,CUCK,"Heavily circulated CUCK copy owned by several different people, most notably Azealia Banks. Only known tracks are ""Dirty Magazines"" and ""Cosby"", but most tracks from other copies are likely on it.",,Apr 2025,Confirmed,Not Available,N/A
CUCK,CUCK [V2],"Showcased on a iTunes tracklist posted by Ye to Twitter April 28th, 2025. Highly similar to the Copy below, but with song lenght differences, which were just different picked versions of songs that are now succesfully leaked.",,Apr 2025,Confirmed,Not Available,http://ibb.co/Dfzc7qN2
CUCK,CUCK [V2],"Album copy for the blind groupbuy version of CUCK. According to the seller, the copy is from about 2 weeks ago (as of May 19th, 2025).
Date is now revealed to be April 28, 2025. As the seller stated, it was true at most. A gigaleak of CUCK dating Jan 18, 2026 and it's full sessions are packed with the same date. Was intended to be released, stated by Digital Nas.",30:12,"Apr 28, 2025",Full,CD Quality,https://pillows.su/f/47fd7a5c0ef2a1e39ce8aa751ab72c90
CUCK,CUCK [V2],"OG-FILE Version of the ""CUCK Album Copy"" which are the same files but without any compression. Included in the Session folders from the January 18, 2026 gigaleak.",30:12,"Apr 28, 2025",OG File,Lossless,https://imgur.gg/f/l6bGewf
,DONDA 2 [V2],"(03/??/2024) (Traxster talks to Mike Dean in a leaked phone call about putting Donda 2 on DSPs)
(04/29/2025) (The 2025 version of DONDA 2 is officially released onto DSPs)
(06/06/2025) (The 2025 version of DONDA 2 receives its last update)",,,"After releasing Donda 2 via the Stem Player in 2022, Ye would eventually move onto other projects. However, the project never left his mind, with some songs continuing to be considered in the Vultures era. 2025 would see Ye enter a new era of creative fuel, once again working on multiple projects at once. With plans to release BULLY and CUCK, Ye also spoke of plans to ""officially"" release Donda 2, repeatedly saying he planned to rerecord verses and upload a ""finished"" version of the album. ",,
DONDA 2 [V2],DONDA 2,Copy of the album mixed by Irko that was later brought up on April sessions.,,"Nov 9, 2024",Full,Lossless,https://pillows.su/f/1fd27bfc3423b2d21bb499df1f8eb25c
DONDA 2 [V2],DONDA 2 [Release V1],Initial release copy of DONDA 2.,,"Apr 29, 2025",Full,Lossless,https://imgur.gg/f/fQYLfsr
DONDA 2 [V2],DONDA 2 [Release V1.1],"Second release copy of DONDA 2. Adds ""JESSE"" and ""SUZY"". ""LORD LIFT"" got renamed to ""LORD LIFT ME UP"", ""FIRST TIME"" got renamed to ""FIRST TIME IN A LONG TIME"", and ""MR MIAGI"" got renamed to ""MR MIYAGI"" and has a different intro. ""HAPPY"" has an AI Ye verse and is shorter. ""LOUIE BAGS"" Has added AI Ye verses, updated drums, and more delay on the intro.",,"May 1, 2025",Full,Lossless,https://imgur.gg/f/hBSXMk0
DONDA 2 [V2],DONDA 2 [May 2nd Copy],"Copy of DONDA 2 from May 2nd, 2025. Likely made for the Scrybe release of the album, as this copy adds ""CITY OF CHI"", which was originally exclusive to the platform. Leaked May 9th, 2025, as a bonus for the failed ""Pre-2016 Many Wanted Songs"" groupbuy.",,"May 2, 2025",OG File,Lossless,https://imgur.gg/f/gLPsDab
DONDA 2 [V2],DONDA 2 [Release V1.2],"Third release copy of DONDA 2. Adds ""CITY OF CHI"".  ""FIRST TIME IN A LONG TIME"" has new, AI vocals.",,"May 10, 2025",Full,Lossless,https://pillows.su/f/3ea0acf6cfaeda32954a1fd2cd677070
DONDA 2 [V2],DONDA 2 [Release V1.3],"Fourth release copy of DONDA 2. Removes the DJ Akademiks intro from ""SECURITY"".",,"Jun 6, 2025",Full,Lossless,https://pillows.su/f/efc0c0eeb1836bc34a7fe80f65e53622
DONDA 2 [V2],DONDA 2 [Release V1.4],"This is the current version on streaming. ""PABLO"", ""MR MIYAGI"", ""WE DID IT"" and ""HAPPY"" are removed from some DSPs.
Fifth release copy of DONDA 2. AI extracts the sample out of KEEP THE FLOWERS due to a lawsuit.",,"Feb 13, 2026",Full,Lossless,"https://open.spotify.com/album/1ZkGNUz1un0b3Z7EsJl3ci?si=5fP6eeO2Tfi364kQFywdVQ
Needs Ripping"
,BULLY [V2],"(01/26/2026) (Ye apologizes in the New York Times newspaper and admits to being medicated again)
(03/28/2026) (BULLY releases)
(Ongoing)",,,"After 2 years of controversy Ye makes his comeback with the goal of removing AI from his album BULLY. He sets his goals and gets back in the studio with the help of Nine Vicious, CeeLo Green, Travis Scott, and presumably many others. After the album gets delayed 2 more times and misses the final release date by a day Ye releases the album on March 28, 2026 and begins updating it with new mixing and vocals alongside a deluxe.",,
BULLY [V2],BULLY,"Copy uploaded to Apple Music and Spotify, tracklist is identical to the one seen in the BULLY cassetes. Song lengths are different than the leaked copy but the avaliable songs on DSP's still contain AI besides DAMN.",~30:00,,Confirmed,Not Available,N/A
BULLY [V2],BULLY,March physical copy of BULLY.,~29:39,,Full,CD Quality,https://imgur.gg/f/u4TwZ1p
BULLY [V2],BULLY,Multiple sources have confirmed the existence of a heavily passed around unmastered copy of the album.,,,Confirmed,Not Available,N/A
BULLY [V2],BULLY (OG FILES) ,"Copy of the March 28th streaming version found on Vydia's backend, leaked the same day as its release. Identical to the version on streaming, except ""PREACHER MAN"" is incorrectly exported and has an extra 3 minutes of silence. All files have leftover metadata, and roughly half retain their OG filenames with incorrect stylization. Also includes the music video for ""FATHER"".",46:20,"Mar 28, 2026",OG File,Lossless,https://imgur.gg/f/VU4A7Ed
BULLY [V2],BULLY [Release V1],Initial release copy of BULLY. Explicit. Still has some AI.,42:18,"Mar 28, 2026",Full,Lossless,https://imgur.gg/f/jNYlMfg
BULLY [V2],BULLY [Release V1.0.1],Updated copy of BULLY removing a drumhit on DAMN.,,,Confirmed,Not Available,
BULLY [V2],BULLY [Release V1.1],Updated copy of BULLY with Don Toliver's vocals on CIRCLES being replaced by Ye's. Still has AI on the chorus. Explicit. Still contains AI.,42:26,"Apr 1, 2026",Full,Lossless,https://imgur.gg/f/eD4hGmt
BULLY [V2],BULLY - DELUXE,Deluxe album copy. Explicit.,46:56,"June 19, 2026",Full,Lossless,https://imgur.gg/f/RL1jAui
