Era,Name,Notes,Track Length,Available Length,Quality,Link(s)
,"The College Dropout
(I'm Good...)","(08/18/2002) (Ye announces he signed to Roc-A-Fella)
(02/10/2004) (The College Dropout officially releases)",,"Following his signing to Roc-A-Fella Records, Ye released his debut studio album, The College Dropout. It features string arrangements, choirs, and his signature soul sampling, frequently branded as ""chipmunk soul"" for its sped-up and high-pitched nature. Contrary to the popular gangster-persona lyrics at the time, his songs mostly revolved around themes of family, materialism, religion, and racism. The inspiration for finally making his music came when he was in a near-fatal car crash.                                           ",,
,,Released,,,,
The College Dropout,All Falls Down,Officially released music video for All Falls Down.,4:05,Full,High-Res,"https://imgur.gg/f/iJWAvdA
https://www.youtube.com/watch?v=8kyWDhB_QeI"
The College Dropout,Slow Jamz,Officially released music video for Slow Jamz.,3:39,Full,High-Res,https://youtu.be/hWmgsfiklcs?si=OeNkK0lbhCkfSVgG
The College Dropout,Jesus Walks (V1),Officially released music videos for Jesus Walks Version 1.,3:59,Full,Low-Res,https://imgur.gg/f/GJeUYk3
The College Dropout,Jesus Walks (V2),Officially released music videos for Jesus Walks Version 2.,4:06,Full,High-Res,https://youtu.be/MYF7H_fpc-g?si=L1JOj5q9HJoxiWWZ
The College Dropout,Jesus Walks (V3),Officially released music videos for Jesus Walks Version 3.,4:18,Full,Low-Res,https://imgur.gg/f/PDdjtjm
The College Dropout,The New Workout Plan (Short),Officially released music video for The New Workout Plan.,5:15,Full,High-Res,https://www.youtube.com/watch?v=Ua61XY84gGg
The College Dropout,The New Workout Plan (Long),Officially released music video for The New Workout Plan.,8:07,Full,High-Res,https://www.youtube.com/watch?v=ylT16QB6Uig
The College Dropout,The New Workout Plan (MTV Version),Officially released music video for The New Workout Plan.,5:15,Full,High-Res,https://www.youtube.com/watch?v=X79oNWQ_tS4
The College Dropout,Through The Wire ,Officially released music video for Through The Wire.,4:55,Full,Low-Res,"https://imgur.gg/f/INWLGSg
https://www.youtube.com/watch?v=uvb-1wjAtk4"
The College Dropout,Two Words,Officially released music video for Two Words.,4:44,Full,High-Res,https://youtu.be/tkFOBx6j0l8?si=km6VENwrMEmgJL0z
,,Features,,,,
The College Dropout,Slum Village - Selfish (feat. Ye & John Legend),Officially released music video for Selfish.,4:20,Full,Low-Res,https://youtu.be/S_3ZQM_vLQo?si=Fhh-6vdCOFuw5Vhd
The College Dropout,"Consequence - The Good, The Bad, The Ugly (feat. Ye)","Officially released music video for The Good, The Bad, The Ugly.",4:12,Full,Low-Res,https://www.youtube.com/watch?v=UZfU6KgAJ-U&list=RDUZfU6KgAJ-U&start_radio=1
The College Dropout,"Malik Yusef - Wouldn't You Like To... (feat. Ye, Common, & JV)",Officially released music video for Wouldn't You Like To...,4:09,Full,Low-Res,https://www.youtube.com/watch?v=OeLh57zFCzo
,,Unreleased,,,,
The College Dropout,Get Em High ,"Confirmed to exist by Consequence on Twitter, who posted a now lost photo of he and Ye behind the scenes on the set for the video.",,Confirmed,Not Available,https://twitter.com/ItsTheCons/status/830083297619308544
The College Dropout,Spaceship ,"A music video for the song was fully shot and made, but never released. It eventually leaked online years later, but never caught mainstream attention until Ye uploaded it to his official website as part of the WESTDAYEVER campaign to represent his partnership with the clothing company, Gap.",4:58,Full,Low-Res,"https://drive.google.com/file/d/124hvLV1Yku5F8v9BHePu7FTlpq8JGQpm/view?usp=sharing
https://www.youtube.com/watch?v=wGM6N0qXeu4 "
The College Dropout,Two Words,"It was shown in a MTV Direct Effect news report with Sway that the original music video for ""Two Words"" involved Ye rapping on a couch in the Dropout Bear suit.",,Snippet,High-Res,"https://pillows.su/f/4de5575496bbd3b346ef22cc03484b23
https://drive.google.com/file/d/1LxRHPAG_iR7fO14SfiNtLWtYtd1fL1gC/view"
,Late Registration,"(02/10/2004) (The College Dropout officially releases)
(08/30/2005) (Late Registration officially releases)",,"Late Registration continues the social themes introduced in The College Dropout, but now with orchestral production influenced by co-producer Jon Brion. Ye's newfound success allowed him to expand his ambitions from a single violinist to an entire string orchestra, mixing it with production including chipmunk soul and lullaby-like instrumentals. Lyrically, the album features a mix of more socially charged songs to more personal cuts. Production-wise, inspiration came from artists such as British trip-hop band Portishead and Fiona Apple's second album When The Pawn…                        ",,
,,Released,,,,
Late Registration,Heard 'Em Say,Officially released music video for Heard 'Em Say.,3:12,Full,High-Res,https://www.youtube.com/watch?v=elVF7oG0pQs&list=PLs0CuxEPlt1wW47SlkHZuBGWPR2goRvtt&index=11
Late Registration,Touch The Sky,Officially released music video for Touch The Sky.,5:25,Full,High-Res,https://www.youtube.com/watch?v=YkwQbuAGLj4&list=PLs0CuxEPlt1wW47SlkHZuBGWPR2goRvtt&index=12
Late Registration,Gold Digger,Officially released music video for Gold Digger.,3:41,Full,High-Res,https://youtu.be/6vwNcNOTVzY?si=i3TjTReBXwuLrNBW
Late Registration,Drive Slow,Officially released music video for Drive Slow.,5:25,Full,High-Res,https://youtu.be/xLZs_HTOp5U?si=0N6H5k7NOok2SDEF
Late Registration,Diamonds From Sierra Leone,Officially released music video for Diamonds From Sierra Leone.,5:02,Full,High-Res,https://youtu.be/92FCRmggNqQ?si=SFAyNSqojx57IoW4
Late Registration,Touch The Sky [Trailer],Trailer for a Touch The Sky music video.,1:17,Full,Low Quality,https://drive.google.com/file/d/1EfrBvC8Ceu9jiO0c8d_050eqlG6tG5VJ/view?usp=sharing
,,Features,,,,
Late Registration,Keyshia Cole - I Changed My Mind (feat. Ye),Officially released music video for I Changed My Mind.,3:23,Full,High-Res,https://youtu.be/LbE1qz8wktQ?si=gtpWVoqUKaxUkdDu
Late Registration,Common - The Food (feat. Ye),Officially released music video for The Food.,2:57,Full,High-Res,https://youtu.be/Woat30j2ICc?si=cDQJ_UVLPo0z7adq
Late Registration,Do or Die - Higher (feat. Ye),Officially released music video for Higher.,3:48,Full,High-Res,https://youtu.be/xKYqrCKjk4I?si=HjcEhe5F90C-FMTw
Late Registration,Dilated Peoples - This Way (feat. Ye),Officially released music video for This Way.,4:03,Full,High-Res,https://youtu.be/Rbo9QlcLcX8?si=7CWBRUk3gu_HMdU2
Late Registration,Cam'ron - Down And Out (feat. Ye),Officially released music video for Down And Out.,4:11,Full,High-Res,https://www.youtube.com/watch?v=fTIrsl4C8gk&list=RDfTIrsl4C8gk&start_radio=1
Late Registration,Common - GO! (feat. Ye),Officially released music video for GO!,3:54,Full,High-Res,https://youtu.be/YCe1gC5VaW4?si=BFq6WeMQgUMR7Emu
,,Unreleased,,,,
Late Registration,Heard 'Em Say [Behind The Scenes],"Behind the scenes of the music video for ""Heard 'Em Say"" as part of MTV's ""Making the Video"". Technically full, but according to the Lost Media Wiki it is missing it's end credits.",,Full,High Quality,https://www.youtube.com/watch?v=BRYutD7EYls
Late Registration,Drive Slow [Alternate Music Video],"Alternate music video, featuring Adam Levine. Behind the scenes footage is available.",5:24,Full,High Quality,"https://drive.google.com/file/d/1xf6oC12fxlEfkO_A7EbI0-iuFAmcBs0g/view?usp=sharing
https://www.youtube.com/watch?v=xLZs_HTOp5U"
Late Registration,Heard 'Em Say [Alternate Music Video #1],"Alternate music video, featuring Adam Levine. Intro and outro are extended to fit the length of the music video.",4:10,Full,High Quality,https://archive.org/details/heard-em-say-micehl-gondry-version
Late Registration,Heard 'Em Say [Alternate Music Video #2],"Alternate music video. Partial leaked on Auger96's stream August 7th, 2025.",,Partial,High Quality,https://imgur.gg/f/EKUIvlL
,Graduation,"(08/30/2005) (Late Registration officially releases)
(09/11/2007) (Graduation officially releases)",,"Graduation is the third studio album from Ye. Inspiration came from stadium tours, indie rock, and house music. It was a considerable departure from the sound Ye had used on his first two studio albums, which featured samples and inspirations from the soul and orchestral music Ye grew up alongside. This album included a much more electronic sound, featuring layering synthesizers. Lyrically, Ye analyzes himself and talks about his life after becoming famous and how the media criticize him.			",,
,,Released,,,,
Graduation,Good Morning,"HQ version of the ""Good Morning"" music video. Refound 9/2/24. ",3:06,Full,CD Quality,"https://pillows.su/f/8427c7767e35a024197fbd1630c2a026
https://vimeo.com/380442057"
Graduation,Champion,Officially released music video for Champion.,3:48,Full,High-Res,https://youtu.be/AMoT8NPnE0M?si=7HljDbQRiClryH3J
Graduation,Stronger,Officially released music video for Stronger.,4:27,Full,High-Res,https://youtu.be/PsO6ZnUZI0g?si=gBYeqLl3pRo2XAmm
Graduation,Good Life ,"Official music video for ""Good Life"" with an extended intro.",3:50,Full,High Quality,https://pillows.su/f/82e749ccf984a36f7e1bc822afcdbd03
Graduation,Can't Tell Me Nothing,Officially released music video for Can't Tell Me Nothing.,4:32,Full,High Quality,https://www.youtube.com/watch?v=vJwOg-B-T3w
Graduation,Flashing Lights (V1),Officially released music video for Flashing Lights.,2:54,Full,High-Res,https://youtu.be/ila-hAUXR5U?si=-BhHJym1sF1X01Af
Graduation,Flashing Lights (V2),"Second version of music video for ""Flashing Lights"".",4:03,Full,High Quality,https://youtu.be/Vx5jlws8fwM
Graduation,Flashing Lights (V3),"Third version of music video for ""Flashing Lights"". 1080p version found September 25th, 2023.",3:58,Full,CD Quality,"https://pillows.su/f/e58213639a636340a1b55ff22076ca4b 
https://youtu.be/1PXZicFj6Og"
Graduation,Homecoming,Officially released music video for Homecoming.,3:25,Full,High-Res,https://youtu.be/LQ488QrqGE4?si=ooTdFgbCJsGx-S-x
Graduation,Classic (Better Than I've Ever Seen),Officially released music video for Classic (Better Than I've Ever Seen).,5:24,Full,High-Res,https://youtu.be/3isJg0AoUb8?si=oI0ekN-7sJoyyv2X
Graduation,Throw Some D's (Remix) ,"Music video for the remix for ""Throw Some D's"".",2:50,Full,High Quality,https://www.youtube.com/watch?v=nbgg3_0oUe0
,,Features,,,,
Graduation,Rhymefest - Brand New (feat. Ye),Officially released music video for Brand New.,3:40,Full,High-Res,https://youtu.be/HaT47XtJ5Co?si=88CJt5iklZWwBEKD
Graduation,Jamie Foxx - Extravaganza (feat. Ye),Officially released music video for Extravaganza.,3:37,Full,High-Res,https://youtu.be/XANGDRTLi10?si=5uXBjK47QrXq1LKB
Graduation,Consequence - Grammy Family (feat. Ye),Officially released music video for Grammy Family.,3:24,Full,High-Res,https://youtu.be/DtpiQelqqSM?si=YpnwSt3v3h8EuuCW
Graduation,Pharrell - Number One (feat. Ye),Officially released music video for Number One.,3:59,Full,High-Res,https://youtu.be/5_bde8Z8QwY?si=X5eqafzHsHecG7ON
Graduation,Teriyaki Boyz - I Still Love H.E.R. (feat. Ye),Officially released music video for I Still Love H.E.R.,5:19,Full,High-Res,https://youtu.be/yVRbBpvdRRg?si=x_e3vSvrB_TUgalQ
Graduation,Kid Sister - Pro Nails (feat. Ye),Officially released music video for Pro Nails.,3:32,Full,High-Res,https://youtu.be/pT9IZ6Xoees?si=8xwuU1Gs76KXGSzf
,,Unreleased,,,,
Graduation,"Can't Tell Me Nothing [Alternate Music Video]
(feat. Zach Galifianakis) ","On July 25, 2007, West premiered an alternate music video for ""Can't Tell Me Nothing"" on his website. This version was directed by Michael Blieden and featured comedian Zach Galifianakis and folk singer-songwriter Will Oldham. West had been introduced to Galifianakis' work through his personal trainer, and eventually asked him to perform in his second video after attending one of Galifianakis' stand-up shows in Los Angeles. The unscripted, low-budget music video was filmed at Galifianakis' farm in North Carolina and features him and Oldham lip-synching to the song. The alternate video was selected by Rolling Stone as the third best music video of 2007 while Pitchfork cited the version as thirtieth best music video of the decade.",5:05,Full,High Quality,https://www.youtube.com/watch?v=vJwOg-B-T3w
Graduation,Flashing Lights (Full Uncut),"Complete version of music video for ""Flashing Lights"".",3:27,Full,Low Quality,https://youtu.be/ynEcdjeFwjs
Graduation,Homecoming [Behind the Scenes],"A behind the scenes video made for the ""Homecoming"" music video, consisting of interviews, photoshoots and more from the set.",,Full,High Quality,"https://youtu.be/Gk67adLmz3Q
https://youtu.be/NboNV468W5I
https://youtu.be/eNmBo6bdCPg"
,808s & Heartbreak,"(09/11/2007) (Graduation officially releases)
(11/24/2008) (808s & Heartbreak officially releases)",,"Following the death of his mother due to complications after cosmetic surgery, his relationship with fiancé Alexis Phifer finally ending for good, and a struggle to adapt to his celebrity status, Ye felt emotionally drained and lost. Ye dealt with his pain by channeling it into a sonically stripped-down album, one dominated by his use of the titular Roland TR-808 drum machine and Auto-Tune. This album significantly influenced future hip-hop music, having influenced Drake, Future, Travis Scott, and more.			",,
,,Released,,,,
808s & Heartbreak,Welcome To Heartbreak,Officially released music video for Welcome To Heartbreak.,4:31,Full,High-Res,https://youtu.be/wMH0e8kIZtE?si=cBTCDlOcPCwvEUe0
808s & Heartbreak,Heartless,Officially released music video for Heartless.,3:41,Full,High-Res,https://youtu.be/Co0tTeuUVhU?si=a1sa1bbQlZ0TLXtb
808s & Heartbreak,Amazing,"Officially released music video for Amazing, featues Jeezy.",3:59,Full,High-Res,https://youtu.be/PH4JPgVD2SM?si=i2HhiMs9d5Vt-P2Q
808s & Heartbreak,Love Lockdown,Officially released music video for Love Lockdown.,4:36,Full,High-Res,https://youtu.be/HZwMX6T5Jhk?si=hi8SCB-n7-c5WBpW
808s & Heartbreak,Paranoid,Officially released music video version with a different mix and intro before the song.,3:25,Full,High-Res,https://youtu.be/irBP5FnksKc
808s & Heartbreak,Coldest Winter,"Music video version with a slightly different mix and an alternate intro. Google drive link is a 720p version of the MV, so higher quality than the Youtube upload, and it was ripped from Vimeo, as it was uploaded there by its director Nabil Elderkin.",3:54,Full,High Quality,https://www.youtube.com/watch?v=n6rjQ9VVLDI                                                                                                                        https://drive.google.com/file/d/1f1oLglIcnWY2quePYVSbn53_I4ygsBRu/view?usp=sharing
,,Features,,,,
808s & Heartbreak,Jeezy - Put On (feat. Ye),Officially released music video for Put On.,4:42,Full,High-Res,https://youtu.be/1aEImx74gLA?si=QRpBLFynK-Q5AhJu
808s & Heartbreak,Fonzworth Bentley - Everybody (feat. Ye & Andre 3000),Officially released music video for Everybody.,4:01,Full,High-Res,https://youtu.be/lPqm8wV9_Os?si=K494KFa55dhNMKif
808s & Heartbreak,DJ Khaled - Go Hard (feat. Ye & T-Pain),Officially released music video for Go Hard.,4:37,Full,High-Res,https://youtu.be/AOdM0dTJKPw?si=s2E2k5JcagYFdRnz
808s & Heartbreak,88-Keys - Stay Up! (Viagra) (feat. Ye),Officially released music video for Stay Up! (Viagra).,2:50,Full,High-Res,https://youtu.be/G4b6gsjS95k?si=gl7_OqJFZnAkvwmo
808s & Heartbreak,Estelle - American Boy (feat. Ye),Officially released music video for American Boy.,4:02,Full,High-Res,https://youtu.be/Ic5vxw3eijY?si=VHjAjgfhHltUis4o
808s & Heartbreak,Beyonce - Ego (Remix) (feat. Ye),Officially released music video for Ego (Remix).,4:53,Full,High-Res,https://youtu.be/AvBbBOFxFGY?si=Zm2XBsQ_u4beu6qh
,,Unreleased,,,,
808s & Heartbreak,Paranoid [V1],"An early version of the music video for ""Paranoid"" leaked the day before the official one was meant to drop. Ye complained about it on his blog, saying, ""IT HURTS ME TO SEE THE OLD AND VERY WRONG VERSION OF THE PARANOID VIDEO GET LEAKED ALL OVER THE NET WHILE I WAS ON AN 11 HR FLIGHT AND COULDN'T DO ANYTHING ABOUT IT.""  Almost entirely different from the official video, except for the ending scene which becomes the intro in later versions. The video is also in color, whereas the official video is in black-and-white.",3:47,Full,High Quality,https://www.youtube.com/watch?v=Q9WV3JSWFwk
808s & Heartbreak,Paranoid [V2],"In the blog post mentioned in the previous entry, Ye says that another version of the music video had ""got leaked from the camera phone"" the week earlier, adding that this version was closer to the one that eventually released. This version is currently lost, and the differences from other versions are unknown.",,Confirmed,Not Available,https://imgur.com/a/P2y7yuM
808s & Heartbreak,RoboCop [V1],"Music videos for ""RoboCop"". The video stars Amber Rose and Ye in a stop motion type of video. For a while only 1 confirmed snippet of footage existed, one upload of it even being struck by YouTube copyright. Uploaded in full HD to the PunkCity YouTube channel October 14th, 2024.",4:22,Full,CD Quality,https://pillows.su/f/cedb108d159f46e2078f719fe4e35961
808s & Heartbreak,RoboCop [V2-V5],Proven to exist by the filename below.,,Confirmed,Not Available,
808s & Heartbreak,RoboCop [V6],"OG Filename: robocop-v5_HD
Music videos for ""RoboCop"" without Amber Rose and with a doll lookalike instead in a stop motion type of video. Leaked November 10th, 2024.",4:10,Full,High Quality,"https://pillows.su/f/5890714d435e321c8c577e8ea3d2953c
https://drive.google.com/file/d/1wDM_x0ayywdpXQY4Li0Icjh8rCxoqQhD/view"
808s & Heartbreak,Street Lights,"Music video for ""Street Lights"". While it looks very artificial, it was only a first draft simulated concept of what it would look like. It's currently unknown if any later versions of the Music Video exist.",3:11,Full,High Quality,"https://www.youtube.com/watch?v=5oPBzK_FCQ8
https://drive.google.com/file/d/1IN4dJxYPWe6M8WNf-l50NpgZA2sahbPe/view?usp=sharing"
808s & Heartbreak,RoboCop [Behind The Scenes],"Behind the scenes of the ""RoboCop"" music video.",,Full,High Quality,https://vimeo.com/13662763
,"Good Ass Job
(Winter Spring Summer Fall)","(11/24/2008) (808s & Heartbreak officially releases)
(05/??/2010) (The project shifts into My Beautiful Dark Twisted Fantasy)",,"As far back as 2003, Ye had planned a four-album series revolving around going to college, with Good Ass Job concluding the series. The death of his mother derailed this plan, with his fourth album becoming the somber 808s & Heartbreak. People still expected Good Ass Job to release, though, as Ye's next album as late as early 2010. When the wake of the 2009 VMAs incident happened, it would cause Good Ass Job not to release. The title seems to have changed to MBDTF around 2009 New Year's Eve or atleast not called GAJ anymore. The cover included for this era is the original cover for the single ""POWER.""                        ",,
,,Features,,,,
Good Ass Job,GLC - The Big Screen (feat. Ye),"Hard to find Music Video for ""The Big Screen"".",4:09,Full,High Quality,"https://pillows.su/f/f25d2af1ab5bddef3076661a6a8af1ce
https://www.youtube.com/watch?v=mRhRZ3fOg6s"
Good Ass Job,Keri Hilson - Knock You Down (feat. Ye & Ne-Yo),Officially released music video for Knock You Down.,4:44,Full,High-Res,https://youtu.be/p_RqWocthcc?si=Uib-0LrWE-Zix3Eu
Good Ass Job,Jay-Z - Run This Town (feat. Ye & Rihanna),Officially released music video for Run This Town.,5:16,Full,High-Res,https://youtu.be/ztygmWtWCjQ?si=sTJyFOCBAtBCeygU
Good Ass Job,"Drake - Forever (feat. Ye, Lil Wayne & Eminem)",Officially released music video for Forever.,6:14,Full,High-Res,https://youtu.be/eDuRoPIOBjE?si=HkNhsD-eiMEBZ7kt
Good Ass Job,Mr Hudson - Supernova (feat. Ye),Officially released music video for Supernova.,3:17,Full,High-Res,https://youtu.be/UkZt7tZl2AE?si=TQdJexI2mZEAMCqC
Good Ass Job,"Jamie Foxx - Digital Girl Remix (feat. Ye, The-Dream & Drake)",Officially released music video for Digital Girl.,4:24,Full,High-Res,https://youtu.be/fKe79ceHjtE?si=qUhTNQFbee0knXyR
Good Ass Job,"N.A.S.A. - Gifted (feat. Ye, Lykke Li & Santigold)",Officially released music video for Gifted.,3:40,Full,High-Res,https://youtu.be/WZB7yswo6a0?si=m9c5Yt4PcBpsfhsz
Good Ass Job,Clipse - Kinda Like A Big Deal (feat. Ye),Officially released music video for Kinda Like A Big Deal.,3:07,Full,High-Res,https://youtu.be/3LD98c-9fGY?si=g0MSKmhAz7CEzB3P
Good Ass Job,Kid Cudi - Make Her Say (feat. Ye & Common),Officially released music video for Make Her Say.,3:18,Full,High-Res,https://youtu.be/Xt22KvnRSL4?si=qT6EzptO53tMWfQy
,"My Beautiful Dark Twisted Fantasy
(My Dark Twisted Fantasy)","(05/??/2010) (The project properly shifts into My Beautiful Dark Twisted Fantasy)
(07/28/2010) (Ye announces the album title is no longer Good Ass Job)
(11/22/2010) (My Beautiful Dark Twisted Fantasy officially releases)",,"Conceived during West's self-imposed exile following the 2009 VMA incident and further influenced by his deteriorating relationship with model Amber Rose, My Beautiful Dark Twisted Fantasy is a genre-bending masterpiece that explores the darker sides of celebrity, fame, and love. With grand production that sounds like the natural evolution of all the albums that came before it, this is seen by many as Ye's best album, even earning an extremely rare 10/10 rating from Pitchfork. The recording process was finished by October 2010, according to Ye in a tweet. Most tracks were made in Avex in Honolulu, Hawaii, where Ye flew out artists and producers to work on the album. Said sessions also had ""Commandments"", that prohibited Tweeting, taking pictures, and wearing hipster hats.",,
,,Released,,,,
My Beautiful Dark Twisted Fantasy,POWER,Officially released music video for POWER.,1:43,Full,High-Res,https://youtu.be/L53gjP-TtGE?si=gez9bREZ2y-6QZ0I
My Beautiful Dark Twisted Fantasy,Runaway ,Officially released music video for Runaway.,4:38,Full,High-Res,https://youtu.be/Bm5iA4Zupek?si=PcDjFPyiSbEcnUUr
My Beautiful Dark Twisted Fantasy,Runaway (Extended),Officially released extended music video for Runaway.,8:29,Full,High-Res,https://youtu.be/L7_jYl8A73g?si=FWtD8Mo9cj-4hjLy
My Beautiful Dark Twisted Fantasy,All Of The Lights,Officially released music video for All Of The Lights ,5:28,Full,High-Res,https://youtu.be/HAfFfqiYLp0?si=-EtEOI1zyQz9SClY
My Beautiful Dark Twisted Fantasy,All Of The Lights (Revised),Officially released revised music video for All Of The Lights,5:23,Full,High-Res,https://youtu.be/cAX0xgHoB6k?si=TbG5FKAhCIje8UMV
,,Features,,,,
My Beautiful Dark Twisted Fantasy,JYJ - Ayyy Girl (feat. Ye & Malik Yusef),Officially released music video for Ayyy Girl.,4:56,Full,High-Res,https://youtu.be/tkOlW4OVn7c?si=djKUHYRC-9uwh7Lv
My Beautiful Dark Twisted Fantasy,Kid Cudi - Erase Me (feat. Ye),Officially released music video for Erase Me.,3:53,Full,High-Res,https://youtu.be/ICaTsTkBPV8?si=pLdjjW54Rzjxf5YN
My Beautiful Dark Twisted Fantasy,Katy Perry - E.T. (feat. Ye),Officially released music video for E.T.,5:02,Full,High-Res,https://youtu.be/t5Sd5c4o9UM?si=orZsNvuQvvMs6gwq
,,Unreleased,,,,
My Beautiful Dark Twisted Fantasy,Lost In The World [Original Music Video],"OG Filename: KW_LOST_IN_THE_WORLD_MV_V1
Original version of the music video. Leaked April 18th 2025.",4:18,OG File,High Quality,https://pillows.su/f/9a495f4bf0c0e8bdf5cf6f120800678f
My Beautiful Dark Twisted Fantasy,Monster,"A music video for ""Monster"" was supposed to be released, but MTV refused to air it. After hearing this, and because the video leaked a few days prior, Ye took it off of YouTube. The text at the beginning is blurry, but is able to be read as, ""The following content is in no way to be interpreted as misogynistic or negative towards any group of people. It is an art piece and shall be taken as such."" This version includes an altered outro from the Bon Iver outro that is missing a single line. The music video depicts Nicki as a vampire, Ye as Dr. Frankenstein, and has many other references to Thriller movies such as American Psycho, Saw, and Michael Jackson's ""Thriller"". An unfinished version leaked and is included in the link section as well as a behind the scenes video, which depicts Rick Ross eating a fetus (NSFW).",,Full,Lossless,"https://youtu.be/bX7JW-L_jhg?t=30
https://imgur.gg/f/U0xVmao"
My Beautiful Dark Twisted Fantasy,POWER [Alternate Music Video 1],"Alternate music video for ""POWER"" (NSFW).",1:30,Full,CD Quality,https://pillows.su/f/001564721d6e260e8e918fd6dadc81a6
My Beautiful Dark Twisted Fantasy,POWER [Alternate Music Video 2],"In an interivew with Power 105.1, Ye stated that he had plans to do a 40-minute version of the ""POWER"" music video - same style as the original, just extended. He also said he wanted to put it out on DVD.",,Rumored,Not Available,https://www.dailymotion.com/video/xeftxh
My Beautiful Dark Twisted Fantasy,All Of The Lights [Behind The Scenes],"Unofficial behind the scenes video showing the filming of the 
""All Of The Lights"" music video.",,Full,High Quality,https://imgur.gg/f/AC0ZBwv
My Beautiful Dark Twisted Fantasy,POWER [Behind The Scenes],"Has a couple of scenes where some behind the scenes are shown of the ""POWER"" Music Video.",2:53,Full,High Quality,https://pillows.su/f/f694f8893e77001caa953eb2a0eeb9b9
My Beautiful Dark Twisted Fantasy,"Katy Perry - E.T. (Alternate Master)
(feat. Ye)","High-quality rip of the ""E.T."" music video. Alternate master.",,Full,High Quality,https://1dcd4811125.acl.multichain.storage/ipfs/QmNQ6KkG7iL4KpPch3EPkfBPvKt7Sbx6WwbruutGbSKSzQ?filename=Katy_Perry_feat._Ye_West_-_E.T._1080p_MASTER_ProRes_LPCM2.0.mov
My Beautiful Dark Twisted Fantasy,"La Roux - In For The Kill (Remix)
(feat. Ye)","Multiple news sources, including MTV and Hypebeast, reported on the filming of a music video to accompany the release of the remix to La Roux's ""In For The Kill"" featuring a verse from Ye. La Roux was quoted as saying that the music video for Ye's remix of the song would have, ""a hyped-up Ye kind of feeling to it"". Most likely scrapped due to Ye sexually assaulting a model on set.",,Confirmed,Not Available,"https://web.archive.org/web/20101112212553/http://www.mtv.com/news/articles/1649571/20101007/la_roux.jhtml 
https://web.archive.org/web/20101011002919/http://hypetrak.com/2010/10/Ye-west-assists-la-roux/ "
,"Watch The Throne
(Collaboration with JAY-Z as The Throne)","(08/27/2010) (Ye announces a ""joint-EP"" with JAŸ-Z)
(11/22/2010) (My Beautiful Dark Twisted Fantasy officially releases)
(08/08/2011) (Watch The Throne officially releases)
(08/12/2011) (Watch The Throne (Deluxe) officially releases)",,"Considered one of the most legendary collab albums of all time, Watch The Throne puts together two of the most legendary figures in music history for a full studio album. Ye teams up with his big brother, JAŸ-Z, for an album, focused primarily on luxury, black excellence, and the American dream. The album's production also reflects that, and having been recorded by two future billionaires primarily in New York City's Tribeca Grand Hotel, how could it not?",,
,,Released,,,,
Watch The Throne,No Church In The Wild ,Officially released music video for No Church In the Wild.,5:04,Full,High-Res,https://youtu.be/FJt7gNi3Nr4?si=TXVUEXahxK2iR-xS
Watch The Throne,Niggas In Paris,Lossless music video for Niggas In Paris.,4:04,Full,Lossless,https://pillows.su/f/7529a09dba8374406b52d779d565a9c5
Watch The Throne,Otis,Officially released music video for Otis.,3:17,Full,High-Res,https://youtu.be/BoEKWtgJQAU?si=nYi5YiUg-nlv0uwT
,,Features,,,,
Watch The Throne,Big Sean - Marvin & Chardonnay (feat. Ye & Roscoe Dash),Officially released music video for Marvin & Chardonnay.,3:43,Full,High-Res,https://youtu.be/A1anxnA7Zwc?si=cT3pZUrffQHfd9MZ
,,Unreleased,,,,
Watch The Throne,"No Church In The Wild [Music Video Master]
(feat. Frank Ocean & The-Dream)","OG Filename: Jay-Z x Ye - No Church In The Wild (feat. Frank Ocean & The-Dream) MASTER ProRes 1080p LPCM2.0
Master for the ""No Church In The Wild"" music video. Leaked March 6th, 2023. Is currently lost.",,Confirmed,Not Available,https://web.archive.org/web/20250304113339/https://sharemania.us/threads/jay-z-x-kanye-west-no-church-in-the-wild-feat-frank-ocean-the-dream-master-prores-1080p-lpcm2-0.216418/
Watch The Throne,"Lift Off
(feat. Beyoncé, Don Jazzy, Seal, Mr Hudson, Bankulli & Ricardo Lewis)","According to a journalist who attended a ""private listening session"" at the Mercer, ""Lift Off"" was going to have a music video. It's unknown whether or not this was shot.",,Confirmed,Not Available,https://hiphopdx.com/news/id.15880/title.details-emerge-on-jay-z-Ye-wests-watch-the-throne
,"Cruel Summer
(Collaboration with G.O.O.D. Music)","(08/12/2011) (Watch The Throne (Deluxe) officially releases)
(09/14/2012) (Cruel Summer officially releases)",,"A compilation of new songs from Ye's label, G.O.O.D. Music, 2012's Cruel Summer is one of the most collaborative Ye projects he accomplished. Featuring various collaborations with Pusha T, Big Sean, 2 Chainz, John Legend, and many more, this album spawned many big hits, including ""Mercy"" and the remix of the Chief Keef song ""Don't Like."" This album also marks the first time Ye would work with Travis Scott, an at-the-time complete unknown with no mixtape to his name.",,
,,Released,,,,
Cruel Summer,Mercy,Officially released music video for Mercy.,5:34,Full,High-Res,https://youtu.be/7Dqgr0wNyPo?si=rGGAuKrbhQYVT1vu
Cruel Summer,I Wish You Would / Cold.1,"Officially released music video for Cold.1. Combined with DJ Khaled's ' I Wish You Would', Cold starts at 3:52.",5:39,Full,High-Res,https://www.youtube.com/watch?v=ub9MMPAyN3k
,,Features,,,,
Cruel Summer,2 Chainz - Birthday Song (feat. Ye),Officially released music video for Birthday Song.,5:09,Full,High-Res,https://youtu.be/Y34jC4I1m70?si=wZF0nYwFrpgxd3bf
Cruel Summer,"Beyoncé - Party (Remix) (feat. J. Cole, André 3000, Ye & Consequence)",Officially released music video for the J. Cole remix of Party. Starts with a shot of a dog barking for some reason.,3:40,Full,High-Res,https://www.youtube.com/watch?v=XWCwc1_sYMY
Cruel Summer,"Fat Joe - Pride N Joy (feat. Ye, Miguel & Jadakiss)",Officially released music video for Pride N Joy.,3:03,Full,High-Res,https://youtu.be/tk2K_PSPshs?si=XYQLQtt6yxDVdC60
,,Unreleased,,,,
Cruel Summer,"Swizz Beatz - Skyscrapers
(feat. Ye & Bono)","Swizz Beatz said an animated music video was being made for ""Skyscrapers"".",,Confirmed,Not Available,https://www.mtv.com/news/v0ca1u/swizz-beatz-Ye-bono-skyscrapers
,"Thank God For Drugs
(Yeezus, Nigger Cock)","(06/29/2012) (No I.D. says he's working on Ye's latest solo album)
(05/16/2013) (Ye changes the album title to Yeezus)",,"Before Ye chose the name Yeezus for his sixth solo album, the name was Thank God For Drugs. Recording started in 2012 and accelerated in early 2013, with Ye and his producers producing material very quickly. The tracklist for the album boasted 20 songs, with around 3.5 hours of rough material created for the album. After changing the album's name to Yeezus, Ye recruited Rick Rubin to cut down this material and take the music in a minimal direction.",,
,,Released,,,,
Thank God For Drugs,New Slaves,"The music video from May 2013 that was projected onto 66 buildings across the world, many being related to corperate greed, racism, and consumerism. Contains different vocals in the outro of the song.",4:29,Full,CD Quality,https://pillows.su/f/e4e39f141ff704411c199e742f5006e8
,"Yeezus
(Nigger Cock, Thank God For Drugs)","(05/16/2013) (Ye changes the album title to Yeezus)
(05/20/2013) (Yeezus pre-orders are taken down)
(06/18/2013) (Yeezus officially releases)",,"Yeezus marked a complete reverse from the bombastic production that Ye accomplished on My Beautiful Dark Twisted Fantasy. He swapped lush soul and anthemic hooks for splintering electro, acid house, and industrial force while packaging some of his most lewd and heart-crushing tales. Initially envisioned as Thank God For Drugs, a much larger project, Ye would play the album for Rick Rubin, he later recalled listening to roughly 3-hours of unfinished material that seemed to need months worth of work - despite the release date being a month away. Ye enlisted Rubin to refine and complete the project, finishing a majority of the songs just two days before release.",,
,,Released,,,,
Yeezus,Black Skinhead,Officially released music video for Black Skinhead.,3:46,Full,High-Res,https://youtu.be/q604eed4ad0?si=hDBrNa1jXkVBEiZ9
Yeezus,Bound 2,Officially released music video for Bound 2.,4:14,Full,High-Res,https://youtu.be/BBAtAM7vtgc?si=tOIWKd-E3aSS1R5g
,,Features,,,,
Yeezus,"Busta Rhymes - Thank You (feat. Ye, Q-Tip & Lil Wayne)",Officially released music video for Thank You.,4:20,Full,High-Res,https://youtu.be/QhIrzbhEGvs?si=XKam-VSdSJHbpsPi
Yeezus,Future - I Won (feat. Ye),Officially released music video for I Won.,,Full,High-Res,https://www.youtube.com/watch?v=i2VrxrGcWl8
,,Unreleased,,,,
Yeezus,Black Skinhead [Demo Music Video],"Unfinished version of the music video that was leaked online, and was forcefully taken down by Ye himself.",3:31,Full,CD Quality,https://pillows.su/f/d78250792a0732d224e94ed8d2545a0c
Yeezus,"Black Skinhead (Remix)
(Rule The World, Everybody Wants To Rule The World)","Music video for the ""Black Skinhead"" remix. Leaked 4/24/24.",3:41,Full,High Quality,https://pillows.su/f/9af19dbfdadfc68970efbf38d9d2096e
Yeezus,"Black Skinhead (Remix) [Alternate]
(prod. ???)","Another remix for ""Black Skinhead"" with a music video, posted by library_archv.",,Snippet,High Quality,https://pillows.su/f/ed9c393c6f94fc2ba925ce03c354dde1
,"So Help Me God
(Chiraq, ULTRA, Wolves, Ye-Ye)","(07/16/2014) (Ye begins hosting recording sessions while staying in Mexico)
(06/28/2015) (Ye performs at Glastonbury)",,"Announced in February 2015, So Help Me God is now one of Ye's most infamous unreleased projects. Essentially being a more advanced version of the songs developed during the Yeezus 2 era, So Help Me God gained significant hype as the teaser tracks of ""Wolves,"" ""All Day,"" and ""Only One"" was revealed to the public. Despite intending to release the album in March 2015, Ye never finished So Help Me God, and only a few songs from the era ended up on The Life Of Pablo.",,
,,Released,,,,
So Help Me God,Only One,Officially released music video for Only One.,3:03,Full,High-Res,https://youtu.be/WibQR0tQ0P8?si=sdk_vSkNYIJwMJE3
So Help Me God,FourFiveSeconds,Officially released music video for FourFiveSeconds.,3:12,Full,High-Res,https://youtu.be/kt0g4dWxEBo?si=WXUsn5mC2IsmBtoJ
,,Features,,,,
So Help Me God,Big Sean - All Your Fault (feat. Ye),Officially released music video for All Your Fault,4:11,Full,High-Res,https://youtu.be/59GRKgTSFe0?si=Y2ud8yq-abspwYos
So Help Me God,Big Sean - Blessings (feat. Ye & Drake),Officially released music video for Blessings,5:12,Full,High-Res,https://youtu.be/M6t47RI4bns?si=tfhBQDBs57gU6UOH
So Help Me God,Big Sean - One Man Can Change the World (feat. Ye & John Legend),Officially released music video for One Man Can Change the World.,4:15,Full,High-Res,https://youtu.be/GBVotNefYME?si=Sbfge4kt6sgAm58C
So Help Me God,Vic Mensa - U Mad (feat. Ye),Officially released music video for U Mad.,4:41,Full,High-Res,https://youtu.be/fP8FMdVcCQQ?si=PpMaNQhg7sld8PYJ
,,Unreleased,,,,
So Help Me God,All Day / I Feel Like That,"A music video containing ""All Day"" and unreleased track ""I Feel Like That"". Directed by Steve McQueen and played by Ye for several fans in Paris. Many recordings of this video were taken and uploaded online until the full video was accidentally uploaded by the production studio. Later was leaked in full 4K on Christmas Eve 2020, but nobody fucking downloaded it. Then it leaked again in 4K as a bonus to a Childish Gambino groupbuy.",9:02,Full,Lossless,https://pillows.su/f/8469fb6716d486a2f02d1bee373dc6b0
So Help Me God,"FourFiveSeconds [Music Video Master]
(feat. Rihanna & Paul McCartney)","OG Filename: FourFive_1920x1080_MASTER_150201_H264
Filename for the master of the music video, said to exist by Saya. Nothing else is known.",,Confirmed,Not Available,N/A
,"The Life Of Pablo
(So Help Me God, SWISH, WAVES, The White Picket Fence, ULTRA)","(12/31/2015) (Ye drops ""Facts"" and the rollout begins)
(02/14/2016) (The Life Of Pablo officially releases)
(06/14/2016) (The Life Of Pablo receives its last update)",,"The Life Of Pablo is Ye's 7th studio album, with constant name changes before release. Sporadic and scatter-shot, the album is one of a kind. The title refers to three people: artist Pablo Picasso, drug dealer Pablo Escobar, and Paul the Apostle, whose name is Pablo in Spanish. The album was initially released only on TIDAL, but later made its way to other streaming services with some updates. Ye finally finished it by adding the track ""Saint Pablo.""",,
,,Released,,,,
The Life Of Pablo,Famous,Officially released music video for Famous.,10:37,Full,High-Res,https://youtu.be/p7FCgw_GlWc?si=zbDUFsIQyN-4HS58
The Life Of Pablo,Wolves,Officially released music video for Wolves.,4:10,Full,High-Res,https://youtu.be/eEfZzknAe1c?si=j7fInKeHu2McJxEv
The Life Of Pablo,Fade,Officially released music video for Fade.,3:45,Full,High-Res,https://youtu.be/IxGvm6btP1A?si=KQFPt5wB-ojbSE8S
,,Features,,,,
The Life Of Pablo,Franchis and the Lights - Friends (feat. Ye & Bon Iver),Officially released music video for Friends.,3:14,Full,High-Res,https://youtu.be/wScYn10D2vo?si=rgSiYr4qZaZm83N8
,,Unreleased,,,,
The Life Of Pablo,Highlights ,Reported that it was filmed in Iceland. No snippet.,,Rumored,Not Available,https://www.hotnewhiphop.com/Ye-west-reportedly-filmed-highlights-video-in-iceland-news.22772.html
The Life Of Pablo,Pt. 2,"Footage of a music video for ""Pt. 2"" being made during the same shoot as the ""Panda"" music video was posted by Luka Sabbat on Vine. Apparently it was uploaded on Vimeo, but the link is now dead.",,Snippet,Recording,https://temp.imgur.gg/f/n5ID86T
The Life Of Pablo,Waves ,"A music video for ""Waves"" was supposedly being filmed in Scotland.",,Rumored,Not Available,https://www.heraldscotland.com/news/14422207.Ye-west-in-scotland-shooting-scenes-for-new-music-video/
The Life Of Pablo,Wolves [Alternate Cut],"Alternate/directors cut of the ""Wolves"" music video.",,Full,CD Quality,https://pillows.su/f/ef6c0c584454cf78606dfd7f27c8ea94
,"ye
(The Spiritual Awakening)","(05/15/2018) (Ye restarts the project)
(06/01/2018) (ye officially releases)
(11/07/2018) (ye receives its last update)",,"ye discusses topics in Ye's life, including mental health, family, and addiction. He also explicitly announced his diagnosis of bipolar disorder through the album's artwork and a proclamation within the album. The seven-song project, created in Jackson Hole, Wyoming, was released alongside five other projects. Ye revealed in an interview that after his infamous TMZ interview (in which he stated that slavery was a choice), he completely re-did his album with an entirely new theme.",,
,,Unreleased,,,,
ye,Ant Clemons - Pooty Tang,"Music video, using the original version of the Ant Clemons song. Only Ant Clemons is featured in the video. ",,Snippet,High Quality,https://www.instagram.com/p/BoZnTpsnmrF/?igshid=rl7p38mkrldf
,"KIDS SEE GHOSTS
(Collaboration with Kid Cudi as KIDS SEE GHOSTS)
(Everybody Wins)","(11/30/2016) (Ye is released from UCLA Medical Hospital)
(06/08/2018) (KIDS SEE GHOSTS officially releases)",,"Out of the five Wyoming projects from 2018, people consider KIDS SEE GHOSTS one of the best. This album focuses heavily on overcoming struggles caused by mental health, which Ye and Cudi have been fighting. It's characterized by many psychedelic and rock-influenced elements, making for an album that sounds like nothing else. This album was officially released on June 8th, 2018, making it Ye's second collab album.",,
,,Released,,,,
KIDS SEE GHOSTS,YNW Melly - Mixed Personalities (feat. Ye),Officially released music video for Mixed Personalities.,4:16,Full,High-Res,https://youtu.be/iFv6BXjnKRU?si=efHFMOSU6KQHWEif
,Yandhi [V1],"(06/01/2018) (ye officially releases)
(11/13/2018) (Ye delays Yandhi again after performing at Camp Flog Gnaw)",,"Upon hearing the beat to ""Hurricane"" during sessions for Good Ass Job (2018), Ye became inspired to create a whole new album titled Yandhi. With the album's concept in his mind, Ye and his producers began frenzied work as they developed multiple new songs throughout September 2018, aiming for a September 29 release date. As they did not meet this deadline, Ye went to Uganda to conduct further work on the album, but delayed it indefinitely on November 13.",,
,,Released,,,,
Yandhi [V1],I Love It,Officially released music video for I Love It.,2:10,Full,High-Res,https://youtu.be/cwQgjq0mCdE?si=TaOiUMX-tQceJAi_
,,Unreleased,,,,
Yandhi [V1],I Love It [OG File],"OG Filename: Ye & Lil Pump _ I Love It (feat. Adele Givens) HD PAL
OG file for the ""I Love It"" music video, found in a mass leak of Warner Records material.",2:04,OG File,CD Quality,https://archive.org/details/Ye-west-lil-pump-i-love-it-feat.-adele-givens-hd-pal
Yandhi [V1],New Body,"OG Filename: KW_NM_NewBody_1028
Video for the Yandhi version of ""New Body"". Features Ye and Ty Dolla $ign dressed up in fursuits. Was apparently shot with black light paint under black lights, had a rollercoaster which Nicki Minaj rode, someone being sick, wolf masks and a prison cell. Many photos of the set have leaked over the years from behind the scenes pictures. Only actual snippet of the video came on WESTDAYEVER in 2020. Leaked in full in October 2023.",3:43,OG File,CD Quality,https://pixeldrain.com/u/ZK57s8qN
Yandhi [V1],We Got Love,"Video for the Yandhi version of ""We Got Love"". Recorded in the TMZ parking lot after SNL.",,Partial,Recording,https://www.youtube.com/watch?v=yNIugeNhMF0
Yandhi [V1],6ix9ine - MAMA (feat. Ye & Nicki Minaj),"Nicki, Ye, and 6ix9ine were supposed to film a music video for the track in Beverly Hills, but it was never finished due to a shooting on set, in December 2018. When 6ix9ine tried to record it again, he was arrested on racketeering charges.",,Never  Recorded,Not Available,https://www.independent.co.uk/arts-entertainment/music/news/Ye-west-shots-fired-nicki-minaj-music-video-6ix9ine-a8628656.html
,"JESUS IS KING
(Christ Jesus)","(04/21/2019) (Ye performs at Coachella with Sunday Service Choir)
(10/25/2019) (JESUS IS KING officially releases)
(10/31/2019) (JESUS IS KING receives its last update)",,"Following a revelation on Easter 2019 at Coachella, Ye scrapped Yandhi and reworked it to focus on God and Christianity. This album ended up being JESUS IS KING. After a private listening party in Detroit, Kim Kardashian announced that the album would release on Sunday, September 29, following listening parties in Chicago and New York. It didn't, and there were no updates for almost a month. On October 20, 2019, Ye suddenly reappeared on Twitter to announce the final release date.",,
,,Released,,,,
JESUS IS KING,Follow God,Officially released music video for Follow God.,2:28,Full,High-Res,https://youtu.be/ivCY3Ec4iaU?si=6koVfo0NuTIzIVmM
JESUS IS KING,Closed On Sunday,Officially released music video for Closed On Sunday.,2:36,Full,High-Res,https://youtu.be/MKM90u7pf3U?si=nqnsQBC_Ukn8Qflm
,,Unreleased,,,,
JESUS IS KING,Hands On,"Planned music video for ""Hands On"", had visuals of a ""family, a mom and three kids with their hands on the dad"". Was mentioned in one of the ""Hands On"" freestyles. Unknown if this was ever actually recorded.",,Rumored,Not Available,N/A
JESUS IS KING,Water,"OG Filename: NEW WATER Sequence 1
Solo Ant Clemons. OG file leaked 01/30/24.",1:51,OG File,CD Quality,https://pillows.su/f/39e140f2845ae3439d9315b0f3137496
,"God's Country
(JESUS IS LORD, Our Beautiful Amazing Reality, Our Beautiful Light Clear Reality, Palm Springs)","(10/25/2019) (JESUS IS KING officially releases)
(07/18/2020) (Ye announces his new album titled DONDA)",,"Shortly after the release of JESUS IS KING, Ye (almost immediately) started working on new material. Songs from this era revolve around his faith while also consisting of dark themes (such as prison) and lyrics about current social issues. Initially announced as God's Country on May 20th, 2020 by Arthur Jafa, tracks from this album would go on to be developed further in the DONDA [V1] era, following Ye getting new inspiration to make an album dedicated to his mother.",,
,,Released,,,,
God's Country,Wash Us In The Blood,Officially released music video for Wash Us In The Blood.,3:42,Full,High-Res,https://www.youtube.com/watch?v=h0U2QUGKbSE
,,Unreleased,,,,
God's Country,Wash Us In The Blood [Early Music Video],Snippet of a early version of the music video from April posted by waterfalls. More snippets later shared by flab.,,Snippet,High Quality,"https://pillows.su/f/56b41709f563f9f9aa966000f572e9fb
https://pillows.su/f/07ac8deabe881e2a9265adc1eda4a361
https://archive.org/details/kw-p-1001437-c-performance/KW_P1001437_C+performance.mpeg "
God's Country,Wash Us In The Blood [V1],Snippet posted to Virgil's Instagram account and then was later replaced with the released version of the song and music video.,,Snippet,High Quality,https://www.instagram.com/p/CCGGPF8oJ4T/
God's Country,???,Video recorded in GTA 5 that was supposed to reflect what a Music Video was supposed to look like. It is unknown what Music Video this was for as the only audio was the ambience sounds in the game. Found by kick back on YUZOCORD.,,Full,Low Quality,Link Needed
,"DONDA [V1]
(DONDA: WITH CHILD, DND WTH CHLD, DND, God's Country, The First Born Donda)","(07/18/2020) (Ye announces his new album titled DONDA) 
(03/07/2021) (CyHi confirms that Ye has resumed work on the album)",,"With new inspiration to work on an album dedicated to his mother, Ye continued working on previous demos and new ideas. The music of this era reflects Donda's impact on Ye in a colorful sound while reflecting his mania and the stress he was going through focusing on his businesses while also running for President. With multiple failed release dates for the album, Ye went into silence in early 2021, finishing up tracks until the album morphed into something very different.",,
,,Unreleased,,,,
DONDA [V1],24 [Early Music Video],"OG Filename: KW_FALLING_014_Shots_v044
Music video for the July 2020 version of ""24"", filmed in March 2021. Leaked on April 19th, 2022 after a successful groupbuy.",3:43,OG File,CD Quality,https://pillows.su/f/40c6661a7ee9d9e715ee315f0001b700
DONDA [V1],Alien,"Music video for the July version of ""Alien"" was confirmed to exist by Waterfalls. Mercedes Maxwell can be seen in the video. Most likely part of the DONDA visual album.",,Confirmed,Not Available,N/A
DONDA [V1],Donda,Posted to Ye's Twitter account and website. The length of the video is 2:20 due to Twitter's then-limitations of the length of long videos being posted on their platform. The video was eventually removed from both.,,Partial,High Quality,"https://archive.org/details/DondaSnippet
https://web.archive.org/web/20200713023955/https://twitter.com/Yewest/status/1282496242736668672"
DONDA [V1],Hurricane,"Ye went to New York to film a music video for ""Hurricanes"". The song features Lil Baby, although he doesn't appear to have been in New York when it was filmed. Later would be confirmed to exist by trusted sources, including KayCyy. Description from documents posted by Waterfalls:
""JOIN HANDS, COME TOGETHER AND BOW DOWN IN PRAYER. LET US GIVE THANKS FOR THIS MOST BLESSED DAY. AS Ye AND LIL BABY'S ""HURRICANES"" MUSIC VIDEO DELIVERS PEACE VERSUS WAR, SOLIDARITY AND UNITY IN A WORLD FILLED WITH SELF-HATE.""",,Confirmed,Not Available,N/A
DONDA [V1],Life Of The Party [Early Music Video],"OG Filename: LOTP Rough Edit Sequence 1 (low res)
Music video for ""Life Of The Party"" from July 2020. Was ""partially edited"" by Emily of PhotosOfYe.",3:04,OG File,High Quality,https://pillows.su/f/2be845358fe76389e9e45ba83418da29
DONDA [V1],Smack DVD,"Description found for a ""Smack DVD"" music video. Possibly from the Hype Williams visual album. 
""FULL IMMERSION INTO THE 90'S
SNT JOHN AND Ye TAKE US ON A FAST PACED WILD RIDE INTRODUCING THE WORLD TO ""SMACK DVD"", A FANTASTICAL JOURNEY INTO THE MIND AND SOUL OF TWO MUSICAL AND LYRICAL GENIUSES AT WORK,
REMINISCENT OF THE SPECTACULARLY BOLD AND STYLIZED MUSIC VIDEOS FROM THE LATE NINETIES (*BUSTA RHYMES, MISSY ELLIOT), Ye DELIVERS HIS MOST VISUAL AND VISCERAL ON CAMERA MUSIC VIDEO PERFORMANCE TO DATE.""",,Confirmed,Not Available,N/A
,Donda [V3],"(07/09/2021) (Malik Yusef posts about a change in sound direction for the album)
(08/29/2021) (Donda officially releases)
(11/15/2021) (Donda (Deluxe) officially releases)",,"Almost a year after the initial announcement of Donda, a Beats by Dre ad revealed that a listening party would take place at the Mercedes-Benz Stadium in Atlanta. It happened, but the album didn't drop. Ye moved into the stadium and lived there until the second listening event two weeks later. Once again, the album did not release. Ye later announced a third listening party at Soldier Field in Chicago, with the album coming the next day. It didn't. The album ended up releasing on August 29th, 2021 at 8AM EST, almost two days after the final listening party.",,
,,Released,,,,
Donda [V3],24,Officially released music video for 24.,4:52,Full,High-Res,https://youtu.be/Np2IqqJ5otg?si=bsdGFzZMD0oMHPIV
Donda [V3],Come To Life,Officially released music video for Come To Life.,5:08,Full,High-Res,https://youtu.be/7SsrVGHJvaA?si=0AFqI4vYTSyG6Epv
Donda [V3],Heaven And Hell,Officially released music video for Heaven And Hell.,2:39,Full,High-Res,https://youtu.be/XKWcAsT8Sqc?si=qBBXk0JjgpXAQqUS
Donda [V3],Hurricane,Officially released music video for Hurricane.,4:12,Full,High-Res,https://youtu.be/VRJiK-kdDb4?si=8l3h1GjIJIr7TbJW
Donda [V3],Life Of The Party,Officially released music video for Life Of The Party.,2:40,Full,High-Res,https://youtu.be/401hZy6Hipw?si=VsCxBxtYXrXthM5-
,,Unreleased,,,,
Donda [V3],This Is The Glory,"Music video recorded in July 2021. The casting call for a Donda look-a-like was for this, according to a trusted source.",,Rumored,Not Available,N/A
Donda [V3],Off The Grid,"It's been stated multiple times that an ""Off The Grid"" music video was in the works, and that filming had started. This has been confirmed by Fivio Foreign in interviews. It's unknown why this music video never saw the light of day.",,Confirmed,Not Available,https://youtu.be/Y7fQUQlAXZU?t=1172
,"DONDA 2 [V1]
(For The Children, Donda 2: 4 Da Kidz)","(11/15/2021) (Ye releases Donda (Deluxe))
(10/03/2022) (Ye wears the White Lives Matter shirt)",,"Donda 2 was announced by Ye via Instagram, being executive produced by Future. Ye then proceeded to get into many significant controversies. He hosted a listening party for it in Miami, in which many of the tracks were unfinished. It was released on the Stem Player a few days later, but it was still incomplete. Months later, Ye got into even more controversies, making him get dropped by Adidas, buy the social media Parler, and lose his billionaire status following his proclaiming ""White Lives Matter"" at Yeezy Season 9.",,
,,Released,,,,
DONDA 2 [V1],Eazy [V1],Officially released Claymation music video for the Eazy.,3:55,Full,High-Res,https://youtu.be/qy7sci2az88?si=p2-0JiijOaVYqLRS
DONDA 2 [V1],Eazy [V2],Officially released 3D CGI Animation music video for the Eazy.,3:57,Full,High-Res,https://youtu.be/AdGxctcFLOU?si=667zT5zz2o-qfi9a
,,Features,,,,
DONDA 2 [V1],Future - KEEP IT BURNIN (feat. Ye),"Officially released music video for KEEP IT BURNIN, featuring Ye.",,Full,High-Res,https://youtu.be/fV5NzrTmqZM
, ,Unreleased,,,,
DONDA 2 [V1],"??? 
(with Future)","Music video recorded for the Future collab project, said to exist by Alek. Said to not be ""KEEP IT BURNIN"".",,Rumored,Not Available,N/A
DONDA 2 [V1],"530
(5:30, Dear Summer, The Cars Missing)","It has been said by waterfalls that an animated music video is in the making for ""530"" as of June 2022. Unknown if this is scrapped or not. ",,Rumored,Not Available,N/A
DONDA 2 [V1],City of Gods [Directors Cut],"Alternate Version/Directors cut of the ""City of Gods"" music video.",,Full,CD Quality,https://pillows.su/f/59ed8f29b0340df346272cd140c4c707
DONDA 2 [V1],Eazy [Directors Cut],"Director's cut for the ""Eazy"" music video that leaked 5/20/24. This one is entirely claymation and includes a lot of extra stuff that the released version doesn't include, like instead of the live action part where Ye is holding the Pete Davidson head, the original has them watching the Donda 2 LP etc.",4:02,Full,CD Quality,https://pillows.su/f/70f020e6cf43b0b7cfec56f05212be4c
DONDA 2 [V1],Eazy [Alternate Version],"Alternate version of the ""Eazy"" music video that leaked 11/11/24. Has a different aspect ratio and different shots compared to both the released music video and the director's cut.",3:54,Full,CD Quality,Link Needed
DONDA 2 [V1],Life Of The Party [Music Video Master],"OG Filename: Ye - Life Of The Party MASTER ProRes 1080p LPCM2.0
Master for the ""Life Of The Party"" music video.",,Full,High Quality,"https://sharemania.us/threads/Ye-west-life-of-the-party-master-prores-1080p-lpcm2-0.2135
Link Needed"
DONDA 2 [V1],Cardi B - Hot Shit,"In January 2022, Page Six claimed Ye and Cardi B were going to film a music video at the Balenciaga store in Miami's Design District. This is clearly different to the released music video, which was animated. Unknown if Lil Durk was involved at the time.",,Rumored,Not Available,https://pagesix.com/2022/01/07/Ye-west-and-cardi-b-to-shoot-a-music-video-at-balenciaga/
DONDA 2 [V1],Future - KEEP IT BURNIN,"Unused footage from the ""KEEP IT BURNIN"" music video. Previewed on ATL Jacob's Tiktok.",,Snippet,Low Quality,Link Needed
DONDA 2 [V1],Pusha T - Diet Coke ,"Original colour version of the ""Diet Coke"" music video. Previewed on @onda's Instagram in February 2023.",,Snippet,High Quality,Link Needed
DONDA 2 [V1],Pusha T - Diet Coke [Behind The Scenes Photos],"Behind the scenes photos of the shoot for the ""Diet Coke"" music video, shared by @onda (the video's director) on Instagram.",,Full,High-Res,https://www.instagram.com/p/CZuZM9PJL9f/?utm_source=ig_web_copy_link&igsh=MWlpdWo3Zmg3N2M3Yw%3D%3D&img_index=2
DONDA 2 [V1],Pusha T - Rock N Roll,"It has been stated by Pusha T in an interview that a music video was supposed to be shot for ""Rock N Roll"", but Kid Cudi refused to film for the video, due to Ye's involvement in the song, and likely involvement in the video.",,Never  Recorded,Not Available,N/A
DONDA 2 [V1],The Game - Fortunate,"In September 2022, Ye said he wanted to do a music video for ""Fortunate"". Unknown if it was actually recorded.",,Rumored,Not Available,N/A
,"YEBU
(Ye 3)","(12/07/2022) (Someday We'll All Be Free is releases on the InfoWars website)
(11/??/2023) (YEBU is shelved in favor of Vultures)",,"Days before Ye was set to hold YZY Season 9, he suddenly changed plans for the event and wore a ""White Lives Matter"" shirt. After that, Ye tweeted about going ""death con 3"" on Jewish people. Following an interview with Alex Jones in which he proclaimed himself a Nazi and claimed he ""liked Hitler,"" many fans and artists gave up supporting Ye and his antics. Following this and an ""apology"" posted on Instagram, Ye went silent for months and began working on new material in Italy with his frequent collaborators. Reportedly being made at the same time as VULTURES. The cover for this era is from the ""Someday We'll All Be Free"" single, as there is currently no artwork available and this cover is widely synonymous with the era.",,
, ,Unreleased,,,,
YEBU,Off The Grid,"North West was seen recording a music video for ""Off The Grid"" at Ye's June 2023 birthday event. Insider HeavenorHell stated that this was directed by Walker Andrew & North, and that ""footage might release soon"".",,Snippet,Recording,https://pillows.su/f/cef2e8941bf49eceb441526bfe86ed3f
YEBU,Love Love Love [Visualizer],"Unfinished visualizer made by Dondasplace for ""Love Love Love"". Made alongside a visualizer for ""Hoodrat"".",4:02,Full,High-Res,https://imgur.gg/f/uEOHJLr
YEBU,Hoodrat [Visualizer],"Visualizer made by Dondasplace for ""Hoodrat"". Made alongside the visualizer for ""Love Love Love"".",,Confirmed,Not Available,N/A
,"VULTURES 1
(Collaboration with Ty Dolla $ign as ¥$)
(Vultures, Vultures Vol. 1)","(10/28/2023) (The name of the project is changed from Bad Bitch Playbook to VULTURES 1)
(02/10/2024) (VULTURES 1 officially releases)",,"After the album's name change from Bad Bitch Playbook Vol. 1 to VULTURES 1, four listening parties were scheduled between December 12th, 2023, and February 9th, 2024. In 2024, Ye announced that VULTURES would be a trilogy, with the first installment dropping on February 9th, followed by the second and third albums in March and April. VULTURES 1 would end up being released on February 10th, the day after the final listening party.",,
,,Released,,,,
VULTURES 1,VULTURES (Juice Version),Officially released music video for VULTURES (Juice Version).,4:25,Full,High-Res,https://youtu.be/kCMz7HW6O-g?si=ORkCTsBsVL7a8fzL
VULTURES 1,VULTURES (Havoc Version),Officially released music video for VULTURES (Havoc Version).,4:25,Full,High-Res,https://youtu.be/GQEcxrY0CWA?si=_yvVVHTUaYLGLQk3
VULTURES 1,TALKING / ONCE AGAIN,Officially released music video for TALKING / ONCE AGAIN.,3:07,Full,High-Res,https://youtu.be/Tqlw87XV4kU?si=IvVcal1Z8dD-bopi
VULTURES 1,TALKING / ONCE AGAIN (Directed By North West),Officially released music video for TALKING / ONCE AGAIN (Directed By North West).,3:04,Full,High-Res,https://youtu.be/owO44MQkgX0?si=uMxFEA_vU8lqyvtu
VULTURES 1,CARNIVAL,Officially released music video for CARNIVAL.,4:15,Full,High-Res,https://youtu.be/pEskP0ulPlA?si=_ddtxmj4Sa5Y6wkv
, ,Unreleased,,,,
VULTURES 1,CARNIVAL ,"OG Filename: socialmedia_cuts updated
OG files for the ""CARNIVAL"" music video in multiple formats. Includes another version in the files. Leaked 5/26/24 as part of the Can U Be groupbuy.",Varied,OG File,CD Quality,https://pillows.su/f/fd6b12f308a954fca0f6a6d0ff86851b
VULTURES 1,CARNIVAL [Alternate Music Video],"Several videos of different, earlier versions of the ""CARNIVAL"" music video have been posted online.",,Snippet,Recording,Link Needed
VULTURES 1,DO IT ,"Originally intended for this song, however, it would be reused for ""SLIDE"".",,Confirmed,Not Available,N/A
VULTURES 1,FUK SUMN ,"Several videos of Ye & Ty Dolla $ign recording the ""FUK SUMN"" music video have been posted online. Confirmed to be scrapped after Travis was added to the song. ",,Snippet,Recording,Link Needed
,"VULTURES 2
(Collaboration with Ty Dolla $ign as ¥$)
(Vultures Vol. 2)","(02/10/2024) (VULTURES 1 officially releases)
(08/03/2024) (VULTURES 2 officially releases)
(11/10/2024) (VULTURES 2 receives its last update)",,"VULTURES 2 was announced alongside 2 other volumes of VULTURES, and was meant to release on March 8th, 2024, and then May 3rd, 2024. This album would've became the first release exclusive to the YZYAPP. The cover shows Ty Dolla $ign holding a portrait of his brother Big TC, who is currently in prison. After the album failed to drop on May 3rd, 2024, the direction of the project completely shifted, and was to be censored. The album failed to drop August 2nd and then dropped August 3rd with questionable mixing/songs.",,
,,Released,,,,
VULTURES 2,FRIED,Officially released music video for FRIED.,2:37,Full,High-Res,https://youtu.be/C8v7e4MUreA?si=TRDRuw159vvyZCbM
VULTURES 2,SLIDE,Officially released music video for SLIDE.,3:29,Full,High-Res,https://youtu.be/IAh3r5egwzA?si=NaNk60VpXKUI8bQx
, ,Unreleased,,,,
VULTURES 2,530,"AI generated music video posted to Ye's Instagram on January 5th, 2025. Cuts off abruptly so it's unknown whether a longer version exists. Ye most likely ran out of credits while generating the video.",,Partial,High-Res,https://imgur.gg/f/N4eq2ug
VULTURES 2,BOMB [Early Music Video],"Partial clip of the original music video, posted to Yuno Miles' YouTube channel.",,Partial,High-Res,https://www.youtube.com/watch?v=BlANM99iWpw
,BULLY [V1],"(08/03/2024) (VULTURES 2 officially releases)
(06/15/2025) (BULLY misses its intended release date)
(1/26/2026) (Ye admits to being medicated again)",,"On September 3rd, 2024, the CEO of Channel Candy, Ye's new touring company, confirmed that work on a new solo Ye album had began after the South Korea Vultures listening experience. On September 28th, 2024, on the second Haikou listening event, Ye confirmed that the album name is Bully, which references the movie with the same name that he posted on his Instagram story a few days prior to the event. On January 2nd, 2025, Ye announced the album would have AI on it after months of speculation, and that it could help AI become used more in music. After the release of Bully V1, Ye confirms his intention to re-record the AI on Bully, and stated it was being mixed.",,
,,Released,,,,
BULLY [V1],Digital Nas - bLCK hedi SliManE,Music video for bLCK hedi SliManE. Contains unused freestyle vocals from Ye.,3:48,Full,CD Quality,"https://imgur.gg/f/GUerQJX
https://www.youtube.com/watch?v=o4E1Kw_nNVo"
, ,Unreleased,,,,
BULLY [V1],BEAUTY AND THE BEAST,Recorded at the '2nd Haikou LP' while the song was being previewed.,,Full,High-Res,https://imgur.gg/f/glUd5Ks
BULLY [V1],Ty Dolla $ign - BACK OUTSIDE,"OG Filename: Back outside new song.mp4
Music video for ""BACK OUTSIDE"", accidentally leaked by Ty Dolla $ign during a stream.",2:31,OG File,CD Quality,https://imgur.gg/f/Dc3IaC7
BULLY [V1],Ty Dolla $ign - Wheels Fall Off (feat. Ye),"Footage of the Wheels Fall Off music video being filmed, has Ty and Ye dancing in a parking lot with The Game in the background not moving.",,Full,Low Quality,https://imgur.gg/f/3zU0dV9
,"CUCK
(WW3, CUKKK)","(02/07/2025) (Ye starts his first twitter posting spree saying ""I LOVE HITLER. I'M A NAZI,"")
(03/06/2025) (Ye announces that the album has a new ""antisemitic sound"")
(05/22/2025) (Ye states that he's ""Done with the Antisemitism"" and proceeds to elaborate new ideas for the upcoming project.)
(06/22/2025) (Ye announces the name change to ""IN A PERFECT WORLD"")",,"On March 6th, 2025, Ye tweeted, ""this next album got that antisemitic sound"" and ""my new sound called antisemitic"". This would mark a shift in Ye's soundscape, as his antisemitic ideas had been mostly contained to his Twitter at that time, besides a few one-off remarks about Jews on the VULTURES albums. On March 16th, 2025, Ye would tweet an image of a red swastika against a black background, declaring it as a ""NEW ALBUM COVER"". On April 2nd. 2025, DJ Akademiks would post a series of Tweets that eventually led to the announcement of a new album titled WW3, separating this project from BULLY.  ",,
,,Released,,,,
CUCK,COUSINS,Uploaded by Ye to his Twitter on April 21st 2025. Heavily inspired by analog horror and 90s home video. (NSFW),,Full,Low-Res,https://pillows.su/f/cd42191e380b6c284a21ceee1c2b8483
CUCK,COUSINS [Alternate],"Basically the same as above but it's higher quality, lasts longer and the visuals are censored. Uploaded to Apple Music on April 24th 2025.",,Full,High-Res,https://imgur.gg/f/vFenfUk
CUCK,HEIL HITLER,"OG Filename: Ye Newest Edit
Posted to Twitter alongside the song. Has the Hooligans choir lined up and singing along to the lyrics",,Full,High-Res,https://imgur.gg/f/4gpLzZk
, ,Unreleased,,,,
CUCK,BIANCA,"Shown by Sneako on stream with Ye when the Jersey club version of ""BIANCA"" was played. Made out of clips from the 1923 film adaption of The Hunchback of Notre Dame.",,Full,Recording,https://imgur.gg/f/ZAAnIPl
CUCK,HEIL HITLER [Early Music Video 1],"OG Filename: HH_MUSIC_VIDEO_UPDATED_1
First updated version of the music video. Filename seen on Sneako's laptop while the finished video was being premiered.",,Confirmed,Not Available,N/A
CUCK,HEIL HITLER [Early Music Video 2],"OG Filename: HH_MUSIC_VIDEO_UPDATE_2
Second updated version of the music video, noticeably 40MB bigger than the previous. Filename seen on Sneako's laptop while the finished video was being premiered.",,Confirmed,Not Available,N/A
CUCK,HEIL HITLER [Early Music Video 3],"OG Filename: HH_MUSIC_VIDEO_NEW
Filename seen on Sneako's laptop while the finished video was being premiered.",,Confirmed,Not Available,N/A
CUCK,WW3,"Uploaded to Twitter by Ye during around April 2024, uses an abdunance of pornographic imagery. Don't let your kids watch this please. (NSFW)",,Full,High-Res,https://imgur.gg/f/Wyfiayk
,DONDA 2 [V2],"(03/19/2025) (Ye says on Twitter that he plans to drop Donda 2 after dropping BULLY)
(04/29/2025) (The 2025 version of DONDA 2 is officially released onto DSPs)
(06/06/2025) (The 2025 version of DONDA 2 receives its last update)",,"After releasing Donda 2 via the Stem Player in 2022, Ye would eventually move onto other projects. However, the project never left his mind, with some songs continuing to be considered in the Vultures era. 2025 would see Ye enter a new era of creative fuel, once again working on multiple projects at once. With plans to release BULLY and CUCK, Ye also spoke of plans to ""officially"" release Donda 2, repeatedly saying he planned to rerecord verses and upload a ""finished"" version of the album. ",,
, ,Unreleased,,,,
DONDA 2 [V2],DONDA 2 [Visualizer],"AI made visualizers with the title of the track on the side of the house, seems to be the same model used to make the Digital Nas DONDA 2 covers. Orignally 1080p but was AI upscaled to 8K.",Varied,Full,Lossless,https://imgur.gg/f/4UVz6ls
,IN A PERFECT WORLD,"(3/??/2025) (Work on IN A PERFECT WORLD begins according to crave)
(?/??/2025) (IN A PERFECT WORLD is scrapped)",,"Announced as IN A PERFECT WORLD, This was labeled as a ""Clean"" Version of Ye's album CUCK, with attempting and testing new production. obviously this concept perished with just few tracks even developed and no further tracks finished than BULLETPROOF. Also has gotten polemic production with the use of Suno AI to write reference tracks and then re-AI. Really a mess of an album.",,
, ,Unreleased,,,,
IN A PERFECT WORLD,WAY I AM,"AI generated music video for the IN A PERFECT WORLD version of ""DAMN"", also known as ""WAY I AM"". Leaked March 27th, 2026.",2:43,Full,High-Res,https://imgur.gg/f/VkyO6kj
,BULLY [V2],"(01/26/2026) (Ye apologizes in the New York Times newspaper and admits to being medicated again)
(03/28/2026) (BULLY releases)
(Ongoing)",,"After 2 years of controversy, Ye makes his comeback with the goal of removing AI from his album BULLY. He sets his goals and gets back in the studio with the help of Nine Vicious, CeeLo Green, Travis Scott, and presumably many others. After the album gets delayed 2 more times and misses the final release date by a day, Ye releases the album on March 28th, 2026 and begins updating it with new mixing and vocals.",,
,,Released,,,,
BULLY [V2],FATHER,"Officially released music video for FATHER. Directed by Bianca Censori. Features Fabio Jackson, who impersonates Michael Jackson.",2:52,Full,High-Res,"https://imgur.gg/f/NuZ8BM0
https://youtu.be/HBMy-y2wb4I?si=BODoMt-cRZCpEHQd"
BULLY [V2],GEMINI SEASON,"Officially released music video for GEMINI SEASON. Features Bianca milking a cow, and then Ye feeds her the milk.",1:32,Full,High-Res,https://youtu.be/PRWqgogm8TE?si=vAOLKcDPYcN3YwSu
BULLY [V2],KING,Officially relased music video for KING. Directed by Bianca Censori.,2:14,Full,High-Res,https://imgur.gg/f/VYLLSw1
BULLY [V2],"OK
(dir. Don Toliver)","Music video for ""OK"" directed by Don Toliver. Completely different to the final music video. Divided in 2 parts, for some reason. Both were uploaded by Don on his Instagram account although the second part was only uploaded to his stories.",?:??,Partial,High-Res,"https://imgur.gg/f/7Yv89ZY
https://imgur.gg/f/SMdoxJV"
BULLY [V2],OK,"Music video for ""OK"", teased on instagram on August 17th with the caption ""TODAY"". Features Don Toliver. Directed and posted by Bianca. Ye's decapitated head is brought into a surgery room, Don Toliver comes out of a Crematory Furnace, and the surgeons take out the insides from Ye's body until they reach the heart , which is taken out then put back in. After that they put Ye's head back on his body, and he sits up and unsheathes 2 swords; one of these is taken by Don Toliver, and Ye sharpens the other for the rest of the video. As Ye keeps sharpening his sword and the lights dim, Don Toliver's shadow is seen killing all the surgeons. He then comes back in the frame, and the 2 rappers stare at the camera for the last 20 seconds of the video.",2:42,Full,High-Res,https://imgur.gg/f/kR1Bp0N
BULLY [V2],ALL THE LOVE (SoFi Visualizer),Visualizer for ALL THE LOVE that re-uses footage from the So-Fi night 2 live performance.,3:49,Full,High-Res,https://imgur.gg/f/bWQCYJb
BULLY [V2],BEAUTY AND THE BEAST (SoFi Visualizer),Visualizer for BEAUTY AND THE BEAST that re-uses footage from the So-Fi night 2 live performance.,1:47,Full,High-Res,https://imgur.gg/f/rS6n0Tl
BULLY [V2],BULLY (SoFi Visualizer),Visualizer for BULLY that re-uses footage from the So-Fi night 2 live performance.,2:28,Full,High-Res,https://imgur.gg/f/9Uaer0b
BULLY [V2],FATHER (SoFi Visualizer),Visualizer for FATHER that re-uses footage from the So-Fi night 2 live performance.,2:49,Full,High-Res,https://imgur.gg/f/rl5TV9F
BULLY [V2],HIGHS AND LOWS (SoFi Visualizer),Visualizer for HIGHS AND LOWS that re-uses footage from the So-Fi night 2 live performance.,1:51,Full,High-Res,https://imgur.gg/f/dYMcNvH
BULLY [V2],KING (SoFi Visualizer),Visualizer for KING that re-uses footage from the So-Fi night 2 live performance.,2:07,Full,High-Res,https://imgur.gg/f/o9SBkJf
BULLY [V2],LAST BREATH (SoFi Visualizer),Visualizer for LAST BREATH that re-uses footage from the So-Fi night 2 live performance.,2:58,Full,High-Res,https://imgur.gg/f/NpwqcY3
BULLY [V2],PUNCH DRUNK (SoFi Visualizer),Visualizer for PUNCH DRUNK that re-uses footage from the So-Fi night 2 live performance.,1:49,Full,High-Res,https://imgur.gg/f/9dP5Aij
BULLY [V2],THIS A MUST (SoFi Visualizer),Visualizer for THIS A MUST that re-uses footage from the So-Fi night 2 live performance.,1:27,Full,High-Res,https://imgur.gg/f/GV83avO
BULLY [V2],WHITE LINES (SoFi Visualizer),Visualizer for WHITE LINES that re-uses footage from the So-Fi night 2 live performance.,2:10,Full,High-Res,https://imgur.gg/f/oC1Pedp
, ,Unreleased,,,,
BULLY [V2],FATHER [OG File],"OG File for the music video for FATHER. Leaked June 25th, 2026.",2:51,OG File,CD Quality,https://imgur.gg/f/q35r15c
BULLY [V2],GEMINI SEASON [OG File],"OG File for the music video for GEMINI SEASON. Leaked June 23th, 2026.",1:32,OG File,CD Quality,https://transfer.it/t/AZJ8yg5DQRhS
BULLY [V2],"damn james!, DJ Drame & Ty Dolla $ign - BACK OUTSIDE","OG Filename: Back outside new song
Music video for ""BACK OUTSIDE"". Accidentally leaked by Ty Dolla $ign during a livestream.",2:31,OG File,High-Res,https://imgur.gg/f/KsD4TiK
