"Type","Name","Information","Up to date
/ Evidence","Working /
Available?","Link(s)"
"","Misc. Trackers","EX: Sheets related to Ye, but not specifically made for Leaks.","","",""
"Trackers","Ace Awesome Playlists & Stuff","Personal (Awesome) playlists or tracklists from Ace","Yes","Yes","https://docs.google.com/spreadsheets/d/1Fcq9M1-nnyYS5J1Kts0_5hHiDCK_og2nLMm6fnoYGu8/edit?usp=drivesdk"
"Trackers","Ace Other Artists Playlists","Personal playlists or tracklists from Ace that arent Kanye West (Ye), different format from the one above.","Yes","Yes","https://docs.google.com/spreadsheets/d/1OKT3QjNSjrdGedsPx2APgWqIZqPA5O2STTuJOFfZnYc/edit?usp=drivesdk"
"Trackers","Ace's Art Tracker","Art Tracker from Ace, that compiles custom album covers for Ye Albums.","Yes","Yes","https://docs.google.com/spreadsheets/d/1gnSRzvFNESTCYB2DRohOloGsv62gNbTTpaGQSaLx8GU/edit?usp=drivesdk"
"Trackers","🗑️ Baroque's Kanye Tracker ","Link of the Baroque's Kanye tracker. definetly not a leaks tracker but it seems to be a sample tracker from the 808s And Heartbreak era. definetly needs rework because it's not too good looking and more than 1 person eyes can die if they're looking at this on 3 am","Yes","Yes","https://docs.google.com/spreadsheets/d/1MCzn4w4Lco5j4TkfI0uDa6lGcFiS6LIlwSUznAUQZBY/edit"
"Trackers","David's Playlist V2","Personal Playlist or tracklists from David","Yes","Yes","https://docs.google.com/spreadsheets/d/10cLwajl_ntKgAMi-FXaXxANqTCpY4tl8w-SHFrdfNvo/edit?gid=859881385#gid=859881385"
"Trackers","G4 Tracker (v2)","Personal Playlist or tracklist from yeditor ""G4""","Yes","Yes","https://docs.google.com/spreadsheets/d/1CWa7KbS7xroLBz0kcg9oeNXofAZtHzzppLPelk7vZ8U/"
"Trackers","Gangle's Playlist","Personal Playlist or tracklists from Gangle","No","No","https://docs.google.com/spreadsheets/d/1nKn8Oq4y7CVLRSFFTYhvpVAXRfw-ZofnEWxtCs_w9Lc/edit?usp=drivesdk"
"Trackers","Gale Tracker","Personal Playlists or tracklists from gale","Yes","Yes","https://docs.google.com/spreadsheets/d/13kVwWGL8Nit2jP-K12autARDifVZXAl7iuQr7PnRaE8/edit?usp=sharing"
"Trackers","Grace's alt timeline","Personal alternative timelines tracklists or playlist from Grace and more (Trans rights are human rights 🏳️‍⚧️)","Yes","Yes","https://docs.google.com/spreadsheets/d/1MeEu8WwWxzR8-DLfdGIGlQFLWRpx0g50PN64pBO37mM/edit?usp=drivesdk"
"Trackers","Hazover Playlists","Personal Playlist or tracklist from Hazover","Yes","Yes","https://docs.google.com/spreadsheets/d/1WYXpoVAMi6yf7NSXmzfmYfu9D-mEh-LXXqyTFqXkPdU/edit?usp=drivesdk"
"Trackers","✨️ Kanye Videos & Media Rarities Tracker","Copy of the tracker before the takedown, includes many interviews, peformances or any kanye related media that is NOT music. provided by kanewest12345. important to note that the owners are not interested on this sheet anymore so anyone who wants to make a revival is welcome","Archive Copy","Yes","https://docs.google.com/spreadsheets/d/1njPUeW2fq532kbhulqpo_TQI6x3Yl8Eyhz69W8il0z8/edit?usp=drivesdk"
"Trackers","Kanye West's Miguelverse Playlist Tracker (V2) - W.I.P.","Playlist that has the point of view of the maker's own timeline from 2004 to current","Yes","Yes","https://docs.google.com/spreadsheets/d/1FvGoUAhX7RilLad193OnEUQOWH4FhncY2UypflRgQ4Q/edit?gid=1552494788#gid=1552494788"
"Trackers","Kanye Videos & Media Rarities Tracker","Copy of Kanye videos and media rarities tracker alleged to be from early 2024. Doesnt have too much differences from above's copy. For some reason, has ""CalmYe"" or ""MadYe"" on paparazzi encounters which got removed for unknown reasons","Archive Copy","Yes","https://docs.google.com/spreadsheets/d/1_7D0yrVNbyWwN8bT0nfJ1V-QTB5jiG3KtcPMC3ih_6o/edit?usp=drivesdk"
"Trackers","Kanye West Project Tracker","Copy that likely dates from early 2022.","Archive Copy","Yes","https://docs.google.com/spreadsheets/d/1pkiQKrdmVDL_YLGuA9-DRY5ZWw_DUdN77ZpkpW3xQrA/edit?gid=513388841#gid=513388841"
"Trackers","Kanye West - Touch The Sky Tour Tracker","Oddly specific. has information from the touch the sky tour done on 2005 to 2006.","Archive Copy","Yes","https://docs.google.com/spreadsheets/d/10dau-SklqQZbwZ502QVFcW2uBD9sZY_teMetbjrWZ_g/edit?gid=0#gid=0"
"Trackers","Mr Saed's Personal Playlists","Personal playlists or tracklists from Mr Saed","Yes","Yes","https://docs.google.com/spreadsheets/d/1k2SNGfv4v1AMscw11ulTGssfYhBwABEFBWZdoNCpcUY/edit"
"Trackers","mrkerbs tracklist ","Personal Playlists or tracklists of mrkerbs","Yes","Yes","https://docs.google.com/spreadsheets/d/1BLTzqUqufMR0Xoddss9Wy8wHdUk1SyOXix6aPZ2y2YA/edit?usp=drivesdk"
"Trackers","⭐ Meh's Custom Ye Album Covers","Gallery of @meh's fanmade Ye and other artists album covers. those look really cool and it's worth to take a look. ","Yes","Yes","https://docs.google.com/spreadsheets/d/1HT6y5vvmIqhYI7eXga8rOeWhI5LoVAay_IgNobqqOQk/edit"
"Trackers","new yung neil local files","Personal playlist or tracklists from yung neil.","Yes","Yes","https://docs.google.com/spreadsheets/d/15B9SnD4tHRW7-wNJr-vBAp82f4xVB1vRKRmtD7IVilc/edit?gid=0#gid=0"
"Trackers","⭐ Sophie's Art Tracker","Gallery hosted by Sophie. Has different Ye Album Covers from different artists with it's links. just amazing and cute","Yes","Yes","https://docs.google.com/spreadsheets/d/11T2_G5iTxR0NZOPq1PfFuvpo85uANa0ln9HG6p_R7PE/edit?gid=1786865605#gid=1786865605"
"Trackers","Taco's Personal Playlists","Personal playlists or tracklists from Taco","Yes","Yes","https://docs.google.com/spreadsheets/d/1qsoaqoFBQZRNReOJGYwNW0cg_H8JYa-jbTzCcPcm8oM/edit"
"Trackers","The Kanye Community HALL OF SHAME","Outdated copy of a tracker highlighting the worst people that interacted within the Kanye Community.","Archive Copy","Yes","https://docs.google.com/spreadsheets/d/13qaHo1rAbY-SRZNPoHsrZFudzcnzAGzmDf9dBKRic1Q/edit?usp=drive_link"
"Trackers","tortilla's chip playlist tls ","Personal playlists or tracklists from tortilla's chip","Yes","Yes","https://docs.google.com/spreadsheets/d/1CFGGg6flPGz0PGDSG3RxOJJVzfQTey25OOLrxnUiPxA/edit?usp=sharing"
"Trackers","TrackerArchive (test)","copy of trackerarchive made for testing purposes.","Mostly","Yes","https://docs.google.com/spreadsheets/d/1DUc-LSJlJb0x_jNqr5j75E39wa_VqRGdx5xPt4ao1Qs/edit?usp=drivesdk"
"Trackers","Trixie's Awesome Music Alt Timeline","Personal playlists or tracklists from Trixie and more","Yes","Yes","https://docs.google.com/spreadsheets/d/17z0k9vObxD4jLPBo5DaiFq1dTtoji0nZFD8x06hQQlQ/edit?usp=sharing"
"Trackers","V96's untitled playlist archive","Personal playlists or tracklists from V96","Yes","Yes","https://docs.google.com/spreadsheets/d/1aC8c8ZYtqQCCauj44lbshsj2HpCR0bwIKg67DP_J2Cg/edit?usp=sharing"
"Trackers","Yedits Ye-I Tracker","Tracker made to list all Ai models of Ye's voice in different eras (you are dumb if you use this btw)","Yes","Yes","https://docs.google.com/spreadsheets/d/1P3ZdptPF2LeXc5D93YxbtN24bd1HVkNHrD8LSmSLJ9k/edit?usp=sharing"
"Trackers","Ye Social Media Tracker","Revamped take of a tab included on old ye tracker copies that was taken off on 2021. now has tweets and stuff up to April 2025.","Outdated","Yes","https://docs.google.com/spreadsheets/d/1m6P57KD9tgXIRObTIiHjtYTa1Ovl7tNGsv8aDH4pPfI/edit?gid=76855127#gid=76855127"
"Trackers","✨ Ye Song Status Tracker","Tracker made to check any song of Ye if it is finished or not, including unreleased ones that were release-ready, but throwen away. Doesn't have Link to respective songs but it's still useful in a sort of way, owner is @krunkerrot","Yes","Yes","https://docs.google.com/spreadsheets/d/1pWIT31IJCv41__Ep2TQiaBXzqBoN3w7407m56xmJUwE/edit"
"Trackers","Ye Song Status Tracker
(Editor's Version)","An editor's version of the tracker is confirmed to exist due to below's version being indicated as the public one.","Confirmed","No",""
"Trackers","✨️ YEEZY ARCHIVE","Tracker/Archive talking about the history of yeezy merchandise, really cool.","Mostly","Yes","https://docs.google.com/spreadsheets/d/1r67s1U80xWTTxYWXJ-XmTP3c2ZrpblX-ogQGJFdrDR8/edit?gid=1895811660#gid=1895811660"
"Trackers","YE-I TRACKER","Sheet dedicated to give AI models from Ye trained and based off every era and project he's done. Similar to the one made below but they're NOT THE SAME.","Yes","Yes","https://docs.google.com/spreadsheets/d/1TM9GT6XkheacvYRk6iCb0ZYDP2atB9zUa90EBQ9KLxM/edit?gid=199908479#gid=199908479"
"Trackers","Yedits Ye-I Tracker","Tracker made by coolkase, compiles AI models from every album Ye had made with their respective download links.","Yes","Yes","https://docs.google.com/spreadsheets/d/1P3ZdptPF2LeXc5D93YxbtN24bd1HVkNHrD8LSmSLJ9k/edit"
"Trackers","Ye Expanded Discography [V3]","Tracker randomly found on a dead server. V1 and V2 are rumored to exist due to the name.","Yes","Yes","https://docs.google.com/spreadsheets/d/1aSodzZ_692hifcl6ocv2GNRWToW6HOFMyZfjvxK-W8c/edit?gid=469604234#gid=469604234"
"Trackers","Wumixe's Personal Playlists","Personal playlists or tracklists from Wumixe","Yes","Yes","https://docs.google.com/spreadsheets/d/17mpIAQdvMCmF4xSi3EA-WTYpfapCWnU1nRsDyC4T7HI/edit?gid=386254248#gid=386254248"
"","Ye-Edit related trackers","","","",""
"Trackers","100greenmen's comp archive tracker","A playlist list from 100greenmen that actually gives you the album comp, includes its information from tha yedit album and the type that is, for some reason, its uploaded through an excel file that has been updating from a discord channel.","Mostly","Yes","https://imgur.gg/f/fb33u1D"
"Trackers","100greenmen's comp archive tracker (6/25/26)","Copy of 100greenmen's comp archive tracker from (6/25/26)","Mostly","Yes","https://imgur.gg/f/arQ80rt"
"Trackers","100greenmen's comp archive tracker (6/29/26)","Copy of 100greenmen's comp archive tracker from (6/29/26)","Mostly","Yes","https://imgur.gg/f/M3VLZ0s"
"Trackers","100greenmen's comp archive tracker (7/1/26)","Copy of 100greenmen's comp archive tracker (7/1/26)","Mostly","Yes","https://imgur.gg/f/G7NDSeu"
"Trackers","100greenmen's comp archive tracker (7/6/26)","Copy of 100greenmen's comp archive tracker (7/6/26)","Mostly","Yes","https://imgur.gg/f/5O5t5Mx"
"Trackers","100greenmen's comp archive tracker (7/23/26)","Copy of 100greenmen's comp archive tracker (7/23/26)","Mostly","Yes","https://imgur.gg/f/dKzLVoc"
"Trackers","100greenmen's comp archive tracker (7/25/26)","Copy of 100greenmen's comp archive tracker (7/25/26)","Mostly","Yes","https://imgur.gg/f/KDvW6Vl"
"Trackers","100greenmen's comp archive tracker (7/30/26)","Copy of 100greenmen's comp archive tracker (7/30/26)","Yes","Yes","https://imgur.gg/f/aehNTny"
"Trackers","Best Edits Tracker ","Tracker that lists the best Yedits out there, has tabs like ""Cuck"", ""No Kanye"" (Yedits that came from Kanye projects but dont include anything Kanye related, useful for swifties since they hate him), ""Fakes"", and more.","No","Yes","https://docs.google.com/spreadsheets/d/13YNgbKTbA5OxXfKqZdAo9kCxF6J5Sn9npKvoA64ONRo/edit?gid=0#gid=0"
"Trackers","Best Edits Tracker  (2026-08-11 Backup)","Automated archive snapshot copy generated on 2026-08-11.","Archive Copy","Yes","https://docs.google.com/spreadsheets/d/10HIvbnn7sT0PSOBIipln53k7gm0fF8rRLsTocCRt_kA/edit?usp=drivesdk"
"Trackers","Sophie's Curated Comps & Edits Tracker","updated copy, unknown date.","Archive Copy","Yes","https://docs.google.com/spreadsheets/d/1FlQBgVXONm9VD8ars988UMjI5uqxFGhSswoveHJ1SsY/edit?usp=sharing"
"Trackers","Sophie's Curated Comps & Edits Tracker","Copy of the tracker possibly dating July 2025. Unknown when it was made. provided by @komiiru","Archive Copy","Yes","https://docs.google.com/spreadsheets/d/1LIT4ye6D8QKrPKnLmLRgeuCjLDQ1Dk_pOp2poAznh-w/edit?usp=drivesdk"
"Trackers","Sophie's Curated Comps & Edits Tracker","Copy of Sophie's Curated Comps dated August 1, 2025. (1 month later than the copy above.)","Archive Copy","Yes","https://docs.google.com/spreadsheets/d/1cub8ST7JR4D9KiMyiZwIeWid_1cHYNHCFVafmefY240/edit?usp=sharing"
"Trackers","Sophie's Curated Comps & Edits Tracker","Copy dated July 8 2024.","Archive Copy","Yes","https://docs.google.com/spreadsheets/d/10VOXtRqUxeLgEQp_k3PLkTYF5f2K4-c6GLJ9oS_Vwzg/edit?usp=drivesdk"
"Trackers","Sophie's Curated Comps & Edits Tracker","Copy of ""Sophie's Curated Comps & Edits Tracker"", unknown when made but it was archived by @dumbgoomba on discord, unknown how outdated it is. Later archive made by @rocknrollluxor on Discord. (Text Only, no links attached.)","Archive Copy","Barely","https://rentry.co/CET"
"Trackers","BigH & Szynka Worst OF Tracker","Tracker made by BigH & Szynka highlighting the worst of the worst Ye community edits or moments you can find. basically an ""updated version"" of below's copy. and also possibly outdated because some links arent working","Mostly","Mostly","https://docs.google.com/spreadsheets/d/1rJhpbJjAGaRhfWTIPpj8OITfYVuTWaVyx-HXXVLvCkk/edit?usp=drivesdk"
"Trackers","Worst Yedits Tracker
(BigH Worst Yedits Tracker)","Ye-Edits Tracker previously Hosted by Dylan, compiling the worst edits from the Ye-Edits community. Basically the negative equivalent of the Best Edits Tracker, It also features the worst people on a section called ""Hall of Shame"". Confirmed to exist by @krunkerrot and found the same day. Doesnt Have Comps or edits, but everything else is working fine. Partial Copy","Archive Copy","Barely","https://docs.google.com/spreadsheets/d/1X_yq1kCjehgS5NivPEnGpLw0TCrmL3C3oOlKuX4hOU0/edit?usp=drivesdk"
"Trackers","Worst Yedits Tracker
(BigH Worst Yedits Tracker)","Copy dating older than above, seemingly has more tabs and Comps.","Archive Copy","Barely","https://docs.google.com/spreadsheets/d/1J3LlZbw9r2YRhPvlwZ_RQ0_b7xVZNVtZL5ZNRArFEo4/edit?gid=1481476089#gid=1481476089"
"Trackers","Ye BPM Tracker 
(Someone's copy)","Copy of Ye BPM Tracker before the takedown. Date is Unknown.","Archive Copy","Yes","https://docs.google.com/spreadsheets/d/1kP8TeqjaeXVb0UoDA5xWGOoVKuR8ZDfhb1nL5glgpmE/edit?usp=drivesdk"
"Trackers","Yedits Tracker","Yedits Tracker made to re-archive all of the edits, comps and albums to pillowcase and not MEGA (the old editors are retards for not doing that) Takendown as of 2/10/25","Confirmed","No","https://docs.google.com/spreadsheets/d/1ZYaVjv3LHREI1DgOsxw2vzZcdjzqq8o5TgbfTHmc76Y/edit?usp=drivesdk"
"Trackers","Yedits Tracker","Copy of Yedits Tracker made around November, most of this are unavailable, since the great takedown. Very outdated, but is still something important.","Confirmed","No","https://docs.google.com/spreadsheets/d/1mRiHGnnlLtBMqXKEaUHtV0R-DfnSvj1da273IAeLTtE/edit?usp=sharing"
"Trackers","🗑️ Ye BPM Tracker (Ye Tracker ver.)","Tracker that was added from the new ""Ye Tracker"", doesnt really have any new differences, maybe will get worked on from the team soon. Whoever put the link didn't realise that you need to request access and forgot to put it as public.","Confirmed","No","https://docs.google.com/spreadsheets/d/1WZBVhfF_PkEzYd7DGCBiH2YPAju1VwBN_tOxozI40DQ/edit?usp=drivesdk"
"","Archive","Other Files, Scripts, and Related to KW and Miscellaneous (Local Files)","","",""
"Archive","Can You Be/Waves Explanation","Google Document talking about the story of the unreleased Ye song ""Can U Be/Pressure""","Outdated","Yes","https://docs.google.com/document/d/1Pxo4VmovicByIzLUqQeWY6rC2FOtXlL6STAzA1VG9Nk/edit?usp=drivesdk"
"Archive","Kanye Video & Media Rarities Tracker",".xlsx copy of Kanye Video & Media Rarities Tracker","Archive Copy","Yes","https://imgur.gg/f/ucf9UIr"
"Archive","TrackerArchive (Drive Backup)","Archive of most of the trackers listed through this sheet before the first takedown wave made by YZYCORD (Screenshots on Leaktionary).","Archive Copy","No","https://drive.google.com/drive/folders/134AtLTxjFN25XfMZuOUyUQTBJKOP-Khm"
"Archive","YEEZY ARCHIVE","HTML Copy of the YEEZY ARCHIVE TRACKER.","No","No","https://imgur.gg/f/KcLGaNh"
"Archive","Yekub2026 Stash","Archive of gmeh premium and YEKUB2026 preset's and drumkits ","Yes","Yes","https://stash.yekub2026.com/"
"","Script Tools","","","",""
"Archive","Make Yediting Way Easier","A python program that works like Ye BPM Tracker, and that also runs locally, read the ""README"" file first for more information","Yes","Yes","https://imgur.gg/f/ozPEW99"
"","MIscellaneous","","","",""
"Archive","🏅 TRACKER ARCHIVE
(2019 Drive Folder)","A drive folder, unrelated to this sheet from the same name is evidenced on 2019 snapshots and copies of Ye tracker. Had backups of the song files because of dbree's shutdown for having CP and illegal content.","Confirmed","No","N/A"
"Archive","G4 Masterlist","Mega Link of all Yedits related to the Yeditor ""G4""","Archive Copy","Misc","https://mega.nz/folder/NbVwxbxa#xS_z233I2nWg1LFRFiP2iA"
"Archive","The Jeen Archive","Archive of all Yedits related to yeditor ""Jeen"", includes artists like Ye and Drake.","Archive Copy","Misc","https://mega.nz/folder/6wR3DBQK#zettsaYi4pni3JJLciFl5g"