Type,Name,Information,Working?,Link(s)
Sheet Template,"Template [V0] - September 2016
(OLDEST)","Has conditional entries, but eras, type and Notes were ordered differently. the oldest template found yet. (Restored from the PDF rip)",Yes,https://docs.google.com/spreadsheets/d/1_eR4R5H6TujeT5BM0UWfsUD57-IyKAnA/edit?usp=sharing&ouid=107851458691011200377&rtpof=true&sd=true
Sheet Template,"Template [V1] - Early 2018
(OLDEST 2.0)","Had no Conditional entries. only name, info and link.",Yes,https://docs.google.com/spreadsheets/d/1dyoAZqxjtSr9NixlYbpggCWfLK2l358I-7U17S1fur8/edit?usp=sharing
Sheet Template,"Template [V2] - September 2018
(OG)","Similar of the previous one. had different entries. usually asking of ""is it available"" or ""possibility of having a better quality""?  which those were answered with ex:""FULL HQ"" and ""Possibly"". Inclused a ""Album with most leaks"" Tab with graphics.",Yes,https://docs.google.com/spreadsheets/d/1apL2hn0YtEfmOzvZXXrCaoXHW4UN4BJ3_XQMMnRaJQk/edit?usp=sharing
Sheet Template,"Template [V3] - Late 2018 - 2019
(OG 2.0)","Slight Modify, now the Availability entries could be selected and The bar above has a darker gray. Includes a News bar on the case there would be important information to highlight and an ""Availability Graphics"" Tab. Also the Name, Info, Links and availability questions had tiny boxes where it explained basically what was it",Yes,https://docs.google.com/spreadsheets/d/1RaLjEu9NTOuBgWZawswo6aGsj_uKwy-SHH75-uUQ8Qk/edit?usp=sharing
Sheet Template,"Template [V4] - 2020
(Legacy)","2020 Template. Notable differences is the ""Landing Page"" Tab, Separation entry that indicated when an era ended or started indicating the action the Artist Made. Includes a Fakes Tab. Includes Leak Date, OG FILE Date and more availability type entries.",Yes,https://docs.google.com/spreadsheets/d/1RvBkzD8saZ_-IEEECXjmNPoQGPUv4e_h4XS4q5O__fs/edit?usp=sharing
Sheet Template,"Template [V5] - 2021 - 2022
(Legacy 2.0)","2021 Template. Provided by the OG Editors on their 2020 - Early 2022 server. ironically that this is the only OG sheet link that is still up.
Last Template to have Thin lines between the entries.",Yes,https://docs.google.com/spreadsheets/d/1bM2MWALV9b9ixuAd5xNdLbtcR2u5SzlfJsWg3tcPjKs/edit
Sheet Template,"Template [V6] - Late 2022 - 2023
[Modern 1.0]","Really Similar to today's template. has an additional entry which is the ""Type"" Table that later went off unused due to being useless and people could tell by the tags on the name of the song. ",Yes,https://docs.google.com/spreadsheets/d/1-kjrqyBM-t3VYMP5wqJNIWO8f-Pa5RCJmV166C7EiBc/edit?usp=sharing
Sheet Template,"Template [V7] - 2024 - Present
[Modern 2.0]",Template Used for today's Trackers.,Yes,Available on the latest trackers
,Other Templates,,,
Sheet Template,"Era Colours
(Ye Tracker)","Template made for trackers, useful for making new eras or importing other eras from other artists ",Yes,https://docs.google.com/spreadsheets/d/1utIFzOAYXSr16XReV_XdFK8F-poRsvBwRYZ_TmKcC8U/edit?usp=drivesdk
Sheet Template,Era Color thing biobthe1,"Variation from the template above that imports all era colors from ye tracker while also having the varitation from blobthe1 (probably another ye tracker), includes extras.",Yes,https://docs.google.com/spreadsheets/d/1_0Z-Ksqiu0o-dVYEiavM4dLEv30Zvb13IHpQj_J8FQU/edit?gid=0#gid=0
Sheet Template,Personal Playlists Template,"Personal Playlists Original template, provided by @krunkerrot.",Yes,https://docs.google.com/spreadsheets/d/1Whzr8tdvR5W5cRPXcbwqLSj2B6N9bN87Mqs6iEf6GHo/edit?usp=drivesdk
Sheet Template,"Hall Of Shame, People List Template","Template taken and restored from bigH Worst OF tracker. basically a compilation of people you can modify by yourself including name, pfp, desc, and other.",Yes,WIP
Sheet Template,Taco's Playlist,"Template that was used from Taco, only has 1 row.",Yes,https://docs.google.com/spreadsheets/d/1Whzr8tdvR5W5cRPXcbwqLSj2B6N9bN87Mqs6iEf6GHo/edit?gid=386254248#gid=386254248
Sheet Template,Timeline Template,Weird Structured template that it's possibly for filling a custom stylized album profile card.,Yes,https://docs.google.com/spreadsheets/d/199X4U6AZoiP4soVksY66pNAHeSibRv6TeiKLKWV-KIA/edit?gid=0#gid=0
Sheet Template,Aeternam Timeline Template,Basic template for timelines that is partially taken off of aeternam's own timeline tracker. Only has a Ye tab and goes up to 808s.,Yes,https://docs.google.com/spreadsheets/d/1Whzr8tdvR5W5cRPXcbwqLSj2B6N9bN87Mqs6iEf6GHo/edit?gid=386254248#gid=386254248
Sheet Template,⭐️ GrimR3XX's Modern Tracker Template,"Template made by GrimR3XX which isn't based on the current Ye Tracker Template, and it actually has a built in tabs, so your not adding any new ones.",Yes,https://docs.google.com/spreadsheets/d/1mhYzIOZIOtcy_CM4B8K7niZtKOaIssr50ZlLQXl1MVc/edit?usp=drivesdk
Sheet Template,G4 TRACKER V2 TEMPLATE,"Template for the G4 Tracker, very useful if your atleast going to make your own yedit trackers",Yes,https://docs.google.com/spreadsheets/d/1u-IvwwNx9aJXCmEeCKxoJgC7GjrNXVpyA3pbAPOgW_E/edit?gid=1213207913#gid=1213207913
Sheet Template,daisy's fake album tracker (og template by G4),"Actual template made by G4, probably from an older version from another tracker, includes artwork.",Yes,https://docs.google.com/spreadsheets/d/1iYdzWpzl2QSEi805XN3Qx14Mi0tKSDv5VzTCWXWhC34/edit?gid=859881385#gid=859881385
Sheet Template,MORE TEMPLATES SHOULD BE ADDED,Placeholder,Yes,Placeholder
Sheet Template,MORE TEMPLATES SHOULD BE ADDED,Placeholder,Yes,Placeholder
Sheet Template,MORE TEMPLATES SHOULD BE ADDED,Placeholder,Yes,Placeholder
Sheet Template,MORE TEMPLATES SHOULD BE ADDED,Placeholder,Yes,Placeholder
Sheet Template,MORE TEMPLATES SHOULD BE ADDED,Placeholder,Yes,Placeholder
Sheet Template,MORE TEMPLATES SHOULD BE ADDED,Placeholder,Yes,Placeholder
Sheet Template,MORE TEMPLATES SHOULD BE ADDED,Placeholder,Yes,Placeholder
Sheet Template,MORE TEMPLATES SHOULD BE ADDED,Placeholder,Yes,Placeholder
Sheet Template,MORE TEMPLATES SHOULD BE ADDED,Placeholder,Yes,Placeholder
Sheet Template,MORE TEMPLATES SHOULD BE ADDED,Placeholder,Yes,Placeholder
Sheet Template,MORE TEMPLATES SHOULD BE ADDED,Placeholder,Yes,Placeholder
Sheet Template,MORE TEMPLATES SHOULD BE ADDED,Placeholder,Yes,Placeholder
Sheet Template,MORE TEMPLATES SHOULD BE ADDED,Placeholder,Yes,Placeholder
Sheet Template,MORE TEMPLATES SHOULD BE ADDED,Placeholder,Yes,Placeholder
Sheet Template,MORE TEMPLATES SHOULD BE ADDED,Placeholder,Yes,Placeholder