Era,Name,Notes,Made By,Type,Currently Available,Link(s)
"Flesh Of My Flesh, Blood Of My Blood","Jay-Z - Money, Cash, Hoes [Unmixed]
(prod. Swizz Beatz)","AI extracted unmixed version of this song, this guy posted 100 ai unmixed Nas songs and i added them without realising 😭",Some YT unc,Fake Leak,,https://pillows.su/f/b5fedd26fcbd89142f37d82d1a13c41a
Grand Champ,"50 Cent - Tough Block 
(feat. DMX & Eminem)",From a fake November 2002 Get Rich Or Die Tryin' tracklist.,???,Fake Rumor,,
Walk With Me Now / You'll Fly With Me Later,Mixtape [Full Mixtape],A mixtape released without X's consent in 2010. 🥀,His label,Fake Release,,
Walk With Me Now / You'll Fly With Me Later,Lil Wayne - Got Money (Remix),Fake stem edit.,???,Fake Leak,,https://youtu.be/gMgfr0Wb5Yw?si=VGYcixEg9n_hPkiH
Walk With Me Now / You'll Fly With Me Later,"Put Your Mack Down
(prod. Ansane) (feat. Rennessy)",Fake stem edit.,???,Fake Leak,,https://pillows.su/f/5771d27bd98edb72b8b6e2dc11b438c7
Undisputed,"Bam, Bam Bam
(prod. Caviar)","Snippet posted to Youtube in 2012, uses vocals from a 2003 freestyle, (The song itself is real though).","RapPaysBills
(The Uploader)",Fake Leak,,"https://pillows.su/f/779572dab744cbe8c0332df830177e3e
https://youtu.be/3zAxbsnaLl0?si=tqVLyEfk69Vza3ai"
Undisputed,Unknown [Eminem Collaboration],"According to Cavier, Eminem and DMX already had a talk about collaborating and a record was in the making. Cavier later mentioned that he was misquoted and a record was not made.",AllHipHop,Fake Rumor,,https://allhiphop.com/rumors/hip-hop-rumors-is-rihanna-pregnant-eminem-and-dmx-collabo-in-works-quickies/
Hiatus,Redemption Of The Beast [Full Album],A Compilation album released without X's consent in 2015. 🥀,His label,Fake Release,,
Hiatus,Dog Eats Rabbit [Full Album],A remix LP with Blackburner released without X's consent in 2017. 🥀,His label,Fake Release,,
Hiatus,Unknown [Eminem Collaboration],Made up 2017 collab for Eminem's Revival.,??? (ares),Fake Rumor,,
Hiatus,⭐ I Am The Gas Man (Gas Man Anthem),"AI made song using the same title as The Gas Man, this is a ai.",Treblo,AI,,https://pillows.su/f/8e7318993a5d55687838822d47e22a03
