Era,Name,Notes,Date,Type,Portion,Quality,Link(s),,
,Pre-Fame,"(12/18/1970) (Earl Simmons is born)
(??/??/1992) (DMX signs to Columbia Records) 
(??/??/1994) (DMX is dropped from Columbia Records and is labeless for 3 years
(05/??/1997) (DMX signs to Def Jam Records)",,,,,,,
,Music Videos,,,,,,,,
Pre-Fame,Up To No Good [Music Video],Music video of this unreleased song.,,Music Video,Full,Full CDQ,https://www.youtube.com/watch?v=5uDg0cvtT0U,,
Pre-Fame,F That [V2] [Music Video],Music video of this unreleased song.,,Music Video,Full,Full CDQ,https://youtu.be/XIoWdZ42orI?si=xfnwbEpI7vbmx8NQ,,
,Freestyles,,,,,,,,
Pre-Fame,??? (DMX And Gangstas Of The Ghetto Freestyling),An unreleased promo/demo project recorded by DMX in 1994.,,Freestyle,Partial,N/A,https://www.songlyrics.com/dmx/full-underground-catalogue-lyrics/,Not Available,https://www.songlyrics.com/dmx/full-underground-catalogue-lyrics/
Pre-Fame,Never Fuck A Bitch...,A freestyle from 1989-1992.,,Freestyle,Snippet,LQ Snippet,https://pillows.su/f/50f77331cbeec845c3b586b186ececa2,,
Pre-Fame,Nice Wit The Mic,A freestyle from 1991.,,Freestyle,Snippet,LQ Snippet,https://pillows.su/f/d4cdbb779f6e792423db3edf81b0f2fa,,
Pre-Fame,Stretch And Bobbito Freestyle,A freestyle from 1991 featured on the Unsigned Hype column in the Source Magazine.,,Freestyle,Snippet,HQ Snippet,https://pillows.su/f/037b73eca3ff958e855defd46a7aaaa0,,
Pre-Fame,"The X Man
(The X-Man Freestyle)","Unknown if this is the full version of the freestyle. Was unofficially released on mixtapes around 1991. Uses the same instrumental as ""Intro"" (Bill Blass Battle).",,Freestyle,Snippet,LQ Snippet,https://pillows.su/f/af1477303995c156bc266e472bc9fc87,,
Pre-Fame,Flava In Ya Ear,A freestyle From 1994.,,Freestyle,Full,Full LQ,https://pillows.su/f/4d5a15db6a3fe91d9e930867bde59ff5,,
Pre-Fame,Gin N' Juice Freestyle,A freestyle from 1994. Might be the worst quality audio on the entire tracker.,,Freestyle,Full,Full LQ,https://pillows.su/f/ecf8831d2bfe786a647d126151fbad56,,
Pre-Fame,I'm Shitten On Em' Freestyle,A freestyle from 1993.,,Freestyle,Full,Full LQ,https://pillows.su/f/3f9dd196a7e7b26bbeeb1ed84d364c24,,
Pre-Fame,Spell Bound III,A freestyle from 1994.,,Freestyle,Partial,LQ Snippet,https://pillows.su/f/55bdf501da68d78b2846678aa462ac25,,
,"It's Dark And Hell Is Hot
(To Hell And Back)","(05/??/1997) (DMX signs to Def Jam Records)
(5/19/1998) (It's Dark And Hell Is Hot is released)",,,,,,,
,Music Videos,,,,,,,,
It's Dark And Hell Is Hot,Ruff Ryders' Anthem [Music Video],The Official music video.,,Music Video,Full,Full CDQ,https://www.youtube.com/watch?v=ThlhSnRk21E&list=PL464EF04923237528,,
It's Dark And Hell Is Hot,Stop Being Greedy [Music Video],The Official music video.,,Music Video,Full,Full CDQ,https://www.youtube.com/watch?v=P5L1WtHwJF0,,
It's Dark And Hell Is Hot,How's It Goin' Down [Music Video],The Official music video.,,Music Video,Full,Full CDQ,https://www.youtube.com/watch?v=4AognXgM9FQ,,
It's Dark And Hell Is Hot,Prayer [Lyric Video],The Official lyric video.,,Music Video,Full,Full CDQ,https://www.youtube.com/watch?v=kwkQqWYQtJk,,
It's Dark And Hell Is Hot,"LL Cool J - 4, 3, 2, 1"" [Music Video]",The Official music video.,,Music Video,Full,Full CDQ,https://www.youtube.com/watch?v=zAZqlaDCLSI,,
It's Dark And Hell Is Hot,"The LOX - Money, Power & Respect  [Music Video]",The Official music video.,,Music Video,Full,Full CDQ,https://www.youtube.com/watch?v=YAOgWDLo--w,,
It's Dark And Hell Is Hot,Ma$e - 24 Hours To Live [Music Video],The Official music video.,,Music Video,Full,Full CDQ,https://www.youtube.com/watch?v=wgtU_SJ72Ng,,
It's Dark And Hell Is Hot,Onyx - Shut 'Em Down [Music Video],The Official music video.,,Music Video,Full,Full CDQ,https://www.youtube.com/watch?v=UJrWjUBrrQk,,
,Freestyles,,,,,,,,
It's Dark And Hell Is Hot,"Read About It
(feat. Ja Rule)",Leaked on a mixtape from 1997.,,Freestyle,Full,Full HQ,https://pillows.su/f/f39fcef2be91146b6a3c6e1493f2f97f,,
It's Dark And Hell Is Hot,"Dee Doe - Enter The Darkness
(feat. DMX)",A potential freestyle found on a mixtape listed as a demo.,,Freestyle,Full,Full LQ,https://pillows.su/f/15f619f07274eeceb68eda3de7aaf4e0,,
,Never Recorded,,,,,,,,
It's Dark And Hell Is Hot,"??? 
(feat. Akon)",Akon was supposed to do a song with X for IDAHIH but it never happened.,,Other,Never Recorded,N/A,,,
,"Flesh Of My Flesh, Blood Of My Blood","(5/19/1998) (It's Dark And Hell Is Hot is released)
(12/22/1998) (Flesh Of My Flesh, Blood Of My Blood is released)",,,,,,,
,Music Videos,,,,,,,,
"Flesh Of My Flesh, Blood Of My Blood",Slippin' [Music Video],The Official music video.,,Music Video,Full,Full CDQ,https://www.youtube.com/watch?v=9Ww-TQUeA3E,,
"Flesh Of My Flesh, Blood Of My Blood",No Love For Me [Music Video],The Official music video.,,Music Video,Full,Full CDQ,https://www.youtube.com/watch?v=y1g2Xvp9rmM,,
"Flesh Of My Flesh, Blood Of My Blood",Grand Finale [Music Video],The Official music video.,,Music Video,Full,Full CDQ,https://www.youtube.com/watch?v=FFr_wEk6AHc,,
"Flesh Of My Flesh, Blood Of My Blood",Jayo Felony - Whatcha Gonna Do? [Music Video],The Official music video.,,Music Video,Full,Full CDQ,https://www.youtube.com/watch?v=XqZNDQzvhpU,,
,Live Performances,,,,,,,,
"Flesh Of My Flesh, Blood Of My Blood",DMX at Hot 97 Summer Jam 1998,Unknown.,"Jun 25, 1998",Live Performance,N/A,N/A,,,
"Flesh Of My Flesh, Blood Of My Blood","DMX at Apollo Theater, New York, NY, USA","1. Intro
2. Fuckin' Wit' D
3. Stop Being Greedy
4. Money, Power & Respect (The LOX cover)
5. 4, 3, 2, 1 (LL Cool J cover)
6. X-Is Coming
7. Ruff Ryders' Anthem
8. Get at Me Dog
9. Poem","Jul 18, 1998",Live Performance,N/A,N/A,https://youtu.be/cNjOn7NYlXU?si=5iVZMyQNe8PleYRu,,
"Flesh Of My Flesh, Blood Of My Blood",DMX at MTV Sports & Music Festival 1998,Unknown.,"Oct 16, 1998",Live Performance,N/A,N/A,,,
"Flesh Of My Flesh, Blood Of My Blood",DMX at Aggie Homecoming Fest 1998,Unknown.,"Oct 31, 1998",Live Performance,N/A,N/A,,,
,"...And Then There Was X
(X: The Dog, The Man, The God)
 (X: The Man, The Dog, The God)
(The Dog, The Man, The God)","(12/22/1998) (Flesh Of My Flesh, Blood Of My Blood is released)
(12/21/1999) (...And Then There Was X is released)",,,,,,,
,Music Videos,,,,,,,,
...And Then There Was X,What They Really Want [Music Video],The Official music video.,,Music Video,Full,Full CDQ,https://www.youtube.com/watch?v=0MdAbsd0HmI,,
...And Then There Was X,What's My Name? [Music Video],The Official music video.,,Music Video,Full,Full CDQ,https://www.youtube.com/watch?v=4FFK5Oh10os,,
...And Then There Was X,Party Up (Up In Here) [Music Video],The Official music video.,,Music Video,Full,Full CDQ,https://www.youtube.com/watch?v=thIVtEOtlWM,,
...And Then There Was X,Ryde or Die [Music Video],The Official music video.,,Music Video,Full,Full CDQ,https://www.youtube.com/watch?v=p2YutSX4cT8,,
,Videos,,,,,,,,
...And Then There Was X,What They Really Want,Behind the scenes.,,BTS Video,Full,Full LQ,https://www.youtube.com/watch?v=59_K7xSHrlc,,
,Live Performances,,,,,,,,
...And Then There Was X,"DMX at Charlotte Coliseum, Charlotte, NC, USA",Unknown.,"Feb 27, 1999",Live Performance,N/A,N/A,,,
...And Then There Was X,"DMX at North Charleston Coliseum, North Charleston, SC, USA",Unknown.,"Feb 28, 1999",Live Performance,N/A,N/A,,,
...And Then There Was X,"DMX at MCI Center, Washington, DC, USA",Unknown.,"Mar 2, 1999",Live Performance,N/A,N/A,,,
...And Then There Was X,"DMX at Continental Airlines Arena, East Rutherford, NJ, USA",Unknown.,"Mar 3, 1999",Live Performance,N/A,N/A,,,
...And Then There Was X,"DMX at CSU Convocation Center, Cleveland, OH, USA",Unknown.,"Mar 4, 1999",Live Performance,N/A,N/A,,,
...And Then There Was X,"DMX at Reunion Arena, Dallas, TX, USA",1. Ruff Ryders' Anthem,"Mar 6, 1999",Live Performance,N/A,N/A,,,
...And Then There Was X,"DMX at Compaq Center, Houston, TX, USA",Unknown.,"Mar 7, 1999",Live Performance,N/A,N/A,,,
...And Then There Was X,"DMX at Air Canada Centre, Toronto, ON, Canada",Unknown.,"Mar 9, 1999",Live Performance,N/A,N/A,,,
...And Then There Was X,"DMX at Air Canada Centre, Toronto, ON, Canada",Unknown.,"Mar 10, 1999",Live Performance,N/A,N/A,,,
...And Then There Was X,"DMX at Centre Molson, Montreal, QC, Canada","1. Intro
2. My Niggas
3. Fuckin' Wit' D
4. Get at Me Dog
5. Ruff Ryders' Anthem
6. Stop Being Greedy
7. Ain't No Way
8. No Love 4 Me
9. Slippin'
10. Ready to Meet Him","Mar 11, 1999",Live Performance,N/A,N/A,,,
...And Then There Was X,"DMX at Cobo Center, Detroit, MI, USA",Unknown.,"Mar 12, 1999",Live Performance,N/A,N/A,,,
...And Then There Was X,"DMX at Blockbuster-Sony Music Entertainment Centre, Camden, NJ, USA",Unknown.,"Mar 13, 1999",Live Performance,N/A,N/A,,,
...And Then There Was X,"DMX at Civic Arena, Pittsburgh, PA, USA",Unknown.,"Mar 14, 1999",Live Performance,N/A,N/A,,,
...And Then There Was X,"DMX at Value City Arena, Columbus, OH, USA",Unknown.,"Mar 16, 1999",Live Performance,N/A,N/A,,,
...And Then There Was X,"DMX at Blue Cross Arena, Rochester, NY, USA","1. My Niggas
2. It's On (DJ Clue cover)
3. Fuckin' Wit' D
4. Stop Being Greedy
5. Ain't No Way
6. No Love 4 Me
7. Money, Power & Respect (The LOX cover)
8. Get at Me Dog
9. Ruff Ryders' Anthem
10. Keep Your Shit the Hardest
11. Slippin'
12. Ready to Meet Him
13. Some X Shit (Ruff Ryders song)","Mar 17, 1999",Live Performance,N/A,N/A,,,
...And Then There Was X,"DMX at Providence Civic Center, Providence, RI, USA",Unknown.,"Mar 18, 1999",Live Performance,N/A,N/A,,,
...And Then There Was X,"DMX at Hampton Coliseum, Hampton, VA, USA",Unknown.,"Mar 19, 1999",Live Performance,N/A,N/A,,,
...And Then There Was X,"DMX at Hartford Civic Center, Hartford, CT, USA",Unknown.,"Mar 21, 1999",Live Performance,N/A,N/A,,,
...And Then There Was X,"DMX at Pepsi Arena, Albany, NY, USA",Unknown.,"Mar 23, 1999",Live Performance,N/A,N/A,,,
...And Then There Was X,"DMX at Worcester's Centrum Centre, Worcester, MA, USA",Unknown.,"Mar 24, 1999",Live Performance,N/A,N/A,,,
...And Then There Was X,"DMX at Marine Midland Arena, Buffalo, NY, USA",Unknown.,"Mar 25, 1999",Live Performance,N/A,N/A,,,
...And Then There Was X,"DMX at Baltimore Arena, Baltimore, MD, USA",Unknown.,"Mar 26, 1999",Live Performance,N/A,N/A,,,
...And Then There Was X,"DMX at Fleet Center, Boston, MA, USA",Unknown.,"Mar 27, 1999",Live Performance,N/A,N/A,,,
...And Then There Was X,"DMX at Nassau Veterans Memorial Coliseum, Uniondale, NY, USA",Unknown.,"Mar 28, 1999",Live Performance,N/A,N/A,,,
...And Then There Was X,"DMX at Kiel Center, St. Louis, MO, USA",Unknown.,"Mar 31, 1999",Live Performance,N/A,N/A,,,
...And Then There Was X,"DMX at Target Center, Minneapolis, MN, USA",Unknown.,"Apr 1, 1999",Live Performance,N/A,N/A,,,
...And Then There Was X,"DMX at Wisconsin Center Arena, Milwaukee, WI, USA",1. Fuckin' Wit' D,"Apr 2, 1999",Live Performance,N/A,N/A,,,
...And Then There Was X,"DMX at Mid-South Coliseum, Memphis, TN, USA",Unknown.,"Apr 3, 1999",Live Performance,N/A,N/A,,,
...And Then There Was X,"DMX at Rosemont Horizon, Rosemont, IL, USA",Unknown.,"Apr 4, 1999",Live Performance,N/A,N/A,,,
...And Then There Was X,"DMX at BI-LO Center, Greenville, SC, USA",Unknown.,"Apr 7, 1999",Live Performance,N/A,N/A,,,
...And Then There Was X,"DMX at USF Sun Dome, Tampa, FL, USA",Unknown.,"Apr 8, 1999",Live Performance,N/A,N/A,,,
...And Then There Was X,"DMX at Jacksonville Memorial Coliseum, Jacksonville, FL, USA",Unknown.,"Apr 9, 1999",Live Performance,N/A,N/A,,,
...And Then There Was X,"DMX at Coca-Cola Lakewood Amphitheatre, Atlanta, GA, USA",Unknown.,"Apr 10, 1999",Live Performance,N/A,N/A,,,
...And Then There Was X,"DMX at BJCC Arena, Birmingham, AL, USA",Unknown.,"Apr 11, 1999",Live Performance,N/A,N/A,,,
...And Then There Was X,"DMX at Don Haskins Center, El Paso, TX, USA",Unknown.,"Apr 13, 1999",Live Performance,N/A,N/A,,,
...And Then There Was X,"DMX at Tingley Coliseum, Albuquerque, NM, USA",Unknown.,"Apr 14, 1999",Live Performance,N/A,N/A,,,
...And Then There Was X,"DMX at Blockbuster Desert Sky Pavilion, Phoenix, AZ, USA",Unknown.,"Apr 15, 1999",Live Performance,N/A,N/A,,,
...And Then There Was X,"DMX at San Diego Sports Arena, San Diego, CA, USA",Unknown.,"Apr 16, 1999",Live Performance,N/A,N/A,,,
...And Then There Was X,"DMX at Arrowhead Pond of Anaheim, Anaheim, CA, USA",Unknown.,"Apr 17, 1999",Live Performance,N/A,N/A,,,
...And Then There Was X,"DMX at Thomas & Mack Center, Las Vegas, NV, USA",Unknown.,"Apr 18, 1999",Live Performance,N/A,N/A,,,
...And Then There Was X,"DMX at General Motors Place, Vancouver, BC, Canada",Unknown.,"Apr 20, 1999",Live Performance,N/A,N/A,,,
...And Then There Was X,"DMX at Tacoma Dome, Tacoma, WA, USA",Unknown.,"Apr 21, 1999",Live Performance,N/A,N/A,,,
...And Then There Was X,"DMX at Portland Memorial Coliseum, Portland, OR, USA",Unknown.,"Apr 22, 1999",Live Performance,N/A,N/A,,,
...And Then There Was X,"DMX at San Jose Arena, San Jose, CA, USA",Unknown.,"Apr 23, 1999",Live Performance,N/A,N/A,,,
...And Then There Was X,"DMX at Centennial Garden and Convention Center, Bakersfield, CA, USA",Unknown.,"Apr 24, 1999",Live Performance,N/A,N/A,,,
...And Then There Was X,"DMX at ARCO Arena, Sacramento, CA, USA",Unknown.,"Apr 25, 1999",Live Performance,N/A,N/A,,,
...And Then There Was X,"DMX at Fiddler's Green Amphitheatre, Greenwood Village, CO, USA",Unknown.,"Apr 27, 1999",Live Performance,N/A,N/A,,,
...And Then There Was X,"DMX at Kemper Arena, Kansas City, MO, USA",Unknown.,"Apr 29, 1999",Live Performance,N/A,N/A,,,
...And Then There Was X,"DMX at Market Square Arena, Indianapolis, IN, USA",Unknown.,"Apr 30, 1999",Live Performance,N/A,N/A,,,
...And Then There Was X,"DMX at Ervin J. Nutter Center, Dayton, OH, USA",Unknown.,"May 1, 1999",Live Performance,N/A,N/A,,,
...And Then There Was X,"DMX at Louisville Gardens, Louisville, KY, USA",Unknown.,"May 2, 1999",Live Performance,N/A,N/A,,,
...And Then There Was X,"DMX at Orlando Arena, Orlando, FL, USA",Unknown.,"May 6, 1999",Live Performance,N/A,N/A,,,
...And Then There Was X,"DMX at Miami Arena, Miami, FL, USA",Unknown.,"May 7, 1999",Live Performance,N/A,N/A,,,
...And Then There Was X,DMX at Hot 97 Summer Jam 1999,Unknown.,"Jun 24, 1999",Live Performance,N/A,N/A,,,
...And Then There Was X,DMX at Woodstock '99,"1. Intro
2. I'm Gonna Start This
3. My Niggas
4. It's A War
5. Fuckin' Wit' D
6. Stop Being Greedy
7. It's All Good
8. No Love 4 Me
9. Damien
10. Tell Me How You Feelin'
11. Keep Your Shit the Hardest
12. How's It Goin' Down
13. Get at Me Dog
14. Ruff Ryders' Anthem
15. Slippin'
16. Prayer
17. Ready to Meet Him","Jul 23, 1999",Live Performance,N/A,N/A,https://youtu.be/TXQZw9WM84k?si=NpXeC-4EwIeT3cD6,,
...And Then There Was X,DMX at Source Awards 1999,"1. Down Bottom
2. Dope Money
3. What Y'all Want
4. Scenario 2000
5. Ruff Ryders Anthem","Aug 18, 1999",Live Performance,N/A,N/A,https://youtu.be/R9JkRPYIyxc?si=UwhM72VkbgPd0YvM,,
...And Then There Was X,DMX at ???,1. Ready to Meet Him,"Sep 25, 1999",Live Performance,N/A,N/A,https://www.youtube.com/watch?v=swZE4SBM8yI,,
," The Great Depression
(The Ear, The Ears)","(12/21/1999) (...And Then There Was X is released)
(10/23/2001) (The Great Depression is released)",,,,DMX started working on this album in late 2000.,,,
,Music Videos,,,,,,,,
 The Great Depression,Who We Be [Music Video],The Official music video.,,Music Video,Full,Full CDQ,https://www.youtube.com/watch?v=sB2_MmtMoIc,,
 The Great Depression,I Miss You [Music Video],The Official music video.,,Music Video,Full,Full CDQ,https://www.youtube.com/watch?v=zRYX441WERk,,
 The Great Depression,We Right Here [Music Video],The Official music video.,,Music Video,Full,Full CDQ,https://www.youtube.com/watch?v=MHl2OzgPlgA,,
 The Great Depression,No Sunshine [Music Video],The Official music video.,,Music Video,Full,Full CDQ,https://www.youtube.com/watch?v=G7q_N240luA,,
 The Great Depression,Aaliyah - Come Back In One Piece [Music Video],The Official music video.,,Music Video,Full,Full CDQ,https://www.youtube.com/watch?v=ado_MVi1MB4,,
 The Great Depression,Funkmaster Flex - Do You [Music Video],The Official music video.,,Music Video,Full,Full CDQ,https://www.youtube.com/watch?v=cOll-MEn5FI,,
,Videos,,,,,,,,
 The Great Depression,Miss You,Behind The Scenes,,BTS Video,Full,Full CDQ,https://www.youtube.com/watch?v=GQlR4wb6CrA,,
,Never Recorded,,,,,,,,
 The Great Depression,"Metallica - We Did It Again [V1]
(feat. DMX)",X was supposed to be on this song but never recorded.,9/7/2001,Other,Never Recorded,N/A,https://youtu.be/vIf1uMZ7WRw?is=LeSr52b8JRw6Pwjd,,
 The Great Depression,??? (Heart Of The City),"According to Kanye in an interview, Heart Of The City was on a beat CD given to JAY-Z for The Blueprint. Original version of the beat. Kanye mentioned in ""Last Call"" that he wanted to give this beat to DMX, but he likely never did.        ",,Other,Never Recorded,N/A,https://www.youtube.com/watch?v=GQlR4wb6CrA,,
,Live Perfomances,,,,,,,,
 The Great Depression,"DMX at Saturday Night Live, New York, NY, USA","1. Party Up (Up In Here)
2. What's My Name?","Feb 12, 2000",Live Performance,N/A,N/A,,,
 The Great Depression,"DMX at Blue Cross Arena, Rochester, NY, USA",Unknown.,"Feb 24, 2000",Live Performance,N/A,N/A,,,
 The Great Depression,"DMX at Nassau Veterans Memorial Coliseum, Uniondale, NY, USA",Unknown.,"Feb 25, 2000",Live Performance,N/A,N/A,,,
 The Great Depression,"DMX at The Palace of Auburn Hills, Auburn Hills, MI, USA","1. Ruff Ryders' Anthem
2. What's My Name?
3. Good Girls, Bad Guys","Feb 26, 2000",Live Performance,N/A,N/A,,,
 The Great Depression,"DMX at Allstate Arena, Rosemont, IL, USA",Unknown.,"Feb 27, 2000",Live Performance,N/A,N/A,,,
 The Great Depression,"DMX at Van Andel Arena, Grand Rapids, MI, USA",Unknown.,"Feb 28, 2000",Live Performance,N/A,N/A,,,
 The Great Depression,"DMX at Ervin J. Nutter Center, Dayton, OH, USA",Unknown.,"Mar 1, 2000",Live Performance,N/A,N/A,,,
 The Great Depression,"DMX at Marine Midland Arena, Buffalo, NY, USA",Unknown.,"Mar 2, 2000",Live Performance,N/A,N/A,,,
 The Great Depression,"DMX at First Union Center, Philadelphia, PA, USA",Unknown.,"Mar 3, 2000",Live Performance,N/A,N/A,,,
 The Great Depression,DMX at Soul Train Awards 2000,1. What's My Name?,"Mar 4, 2000",Live Performance,N/A,N/A,,,
 The Great Depression,"DMX at Hartford Civic Center, Hartford, CT, USA",Unknown.,"Mar 5, 2000",Live Performance,N/A,N/A,,,
 The Great Depression,"DMX at Hampton Coliseum, Hampton, VA, USA",Unknown.,"Mar 7, 2000",Live Performance,N/A,N/A,,,
 The Great Depression,"DMX at Pepsi Arena, Albany, NY, USA",Unknown.,"Mar 8, 2000",Live Performance,N/A,N/A,,,
 The Great Depression,"DMX at MCI Center, Washington, DC, USA",Unknown.,"Mar 9, 2000",Live Performance,N/A,N/A,,,
 The Great Depression,"DMX at Firstar Center, Cincinnati, OH, USA",Unknown.,"Mar 10, 2000",Live Performance,N/A,N/A,,,
 The Great Depression,"DMX at Gaylord Entertainment Center, Nashville, TN, USA",Unknown.,"Mar 11, 2000",Live Performance,N/A,N/A,,,
 The Great Depression,"DMX at Mellon Arena, Pittsburgh, PA, USA",Unknown.,"Mar 12, 2000",Live Performance,N/A,N/A,,,
 The Great Depression,"DMX at Bradley Center, Milwaukee, WI, USA",Unknown.,"Mar 13, 2000",Live Performance,N/A,N/A,,,
 The Great Depression,"DMX at Conseco Fieldhouse, Indianapolis, IN, USA",Unknown.,"Mar 15, 2000",Live Performance,N/A,N/A,,,
 The Great Depression,"DMX at Greensboro Coliseum, Greensboro, NC, USA",Unknown.,"Mar 16, 2000",Live Performance,N/A,N/A,,,
 The Great Depression,"DMX at The Pyramid Arena, Memphis, TN, USA",Unknown.,"Mar 17, 2000",Live Performance,N/A,N/A,,,
 The Great Depression,"DMX at Nassau Veterans Memorial Coliseum, Uniondale, NY, USA",Unknown.,"Mar 19, 2000",Live Performance,N/A,N/A,,,
 The Great Depression,"DMX at BI-LO Center, Greenville, SC, USA",Unknown.,"Mar 20, 2000",Live Performance,N/A,N/A,,,
 The Great Depression,"DMX at Compaq Center, Houston, TX, USA",Unknown.,"Mar 22, 2000",Live Performance,N/A,N/A,,,
 The Great Depression,"DMX at Alamodome, San Antonio, TX, USA",Unknown.,"Mar 23, 2000",Live Performance,N/A,N/A,,,
 The Great Depression,"DMX at New Orleans Arena, New Orleans, LA, USA",Unknown.,"Mar 24, 2000",Live Performance,N/A,N/A,,,
 The Great Depression,"DMX at Starplex Amphitheatre, Dallas, TX, USA",Unknown.,"Mar 25, 2000",Live Performance,N/A,N/A,,,
 The Great Depression,"DMX at Kemper Arena, Kansas City, MO, USA",Unknown.,"Mar 26, 2000",Live Performance,N/A,N/A,,,
 The Great Depression,"DMX at Myriad Convention Center, Oklahoma City, OK, USA",Unknown.,"Mar 27, 2000",Live Performance,N/A,N/A,,,
 The Great Depression,"DMX at Target Center, Minneapolis, MN, USA",Unknown.,"Mar 29, 2000",Live Performance,N/A,N/A,,,
 The Great Depression,"DMX at Kiel Center, St. Louis, MO, USA",Unknown.,"Mar 30, 2000",Live Performance,N/A,N/A,,,
 The Great Depression,"DMX at Gund Arena, Cleveland, OH, USA",Unknown.,"Mar 31, 2000",Live Performance,N/A,N/A,,,
 The Great Depression,"DMX at Baltimore Arena, Baltimore, MD, USA",Unknown.,"Apr 1, 2000",Live Performance,N/A,N/A,,,
 The Great Depression,"DMX at Fleet Center, Boston, MA, USA",Unknown.,"Apr 2, 2000",Live Performance,N/A,N/A,,,
 The Great Depression,"DMX at Freedom Hall, Louisville, KY, USA",Unknown.,"Apr 5, 2000",Live Performance,N/A,N/A,,,
 The Great Depression,"DMX at American Airlines Arena, Miami, FL, USA",Unknown.,"Apr 7, 2000",Live Performance,N/A,N/A,,,
 The Great Depression,"DMX at Charlotte Coliseum, Charlotte, NC, USA",Unknown.,"Apr 8, 2000",Live Performance,N/A,N/A,,,
 The Great Depression,"DMX at Philips Arena, Atlanta, GA, USA",Unknown.,"Apr 9, 2000",Live Performance,N/A,N/A,,,
 The Great Depression,"DMX at Alltel Arena, North Little Rock, AR, USA",Unknown.,"Apr 10, 2000",Live Performance,N/A,N/A,,,
 The Great Depression,"DMX at KeyArena, Seattle, WA, USA",Unknown.,"Apr 13, 2000",Live Performance,N/A,N/A,,,
 The Great Depression,"DMX at ARCO Arena, Sacramento, CA, USA",Unknown.,"Apr 14, 2000",Live Performance,N/A,N/A,,,
 The Great Depression,"DMX at Irvine Meadows Amphitheatre, Irvine, CA, USA",Unknown.,"Apr 15, 2000",Live Performance,N/A,N/A,,,
 The Great Depression,"DMX at Blockbuster Desert Sky Pavilion, Phoenix, AZ, USA",Unknown.,"Apr 16, 2000",Live Performance,N/A,N/A,,,
 The Great Depression,"DMX at San Diego Sports Arena, San Diego, CA, USA",Unknown.,"Apr 17, 2000",Live Performance,N/A,N/A,,,
 The Great Depression,"DMX at Great Western Forum, Inglewood, CA, USA",Unknown.,"Nov 24, 2000",Live Performance,N/A,N/A,,,
 The Great Depression,"DMX at San Diego Sports Arena, San Diego, CA, USA",Unknown.,"Nov 26, 2000",Live Performance,N/A,N/A,,,
 The Great Depression,"DMX at Alamodome, San Antonio, TX, USA",Unknown.,"Nov 28, 2000",Live Performance,N/A,N/A,,,
 The Great Depression,"DMX at Compaq Center, Houston, TX, USA",Unknown.,"Nov 29, 2000",Live Performance,N/A,N/A,,,
 The Great Depression,"DMX at Reunion Arena, Dallas, TX, USA",Unknown.,"Nov 30, 2000",Live Performance,N/A,N/A,,,
 The Great Depression,"DMX at New Orleans Arena, New Orleans, LA, USA",Unknown.,"Dec 2, 2000",Live Performance,N/A,N/A,,,
 The Great Depression,"DMX at BJCC Arena, Birmingham, AL, USA",Unknown.,"Dec 3, 2000",Live Performance,N/A,N/A,,,
 The Great Depression,"DMX at Value City Arena, Columbus, OH, USA","1. Party Up (Up In Here)
2. Where My Dogs At","Dec 5, 2000",Live Performance,N/A,N/A,,,
 The Great Depression,"DMX at Rupp Arena, Lexington, KY, USA",Unknown.,"Dec 6, 2000",Live Performance,N/A,N/A,,,
 The Great Depression,"DMX at Joe Louis Arena, Detroit, MI, USA",Unknown.,"Dec 7, 2000",Live Performance,N/A,N/A,,,
 The Great Depression,"DMX at Hartford Civic Center, Hartford, CT, USA",Unknown.,"Dec 9, 2000",Live Performance,N/A,N/A,,,
 The Great Depression,"DMX at MCI Center, Washington, DC, USA",Unknown.,"Dec 10, 2000",Live Performance,N/A,N/A,,,
 The Great Depression,"DMX at Pepsi Arena, Albany, NY, USA",Unknown.,"Dec 11, 2000",Live Performance,N/A,N/A,,,
 The Great Depression,"DMX at Greensboro Coliseum, Greensboro, NC, USA",Unknown.,"Dec 13, 2000",Live Performance,N/A,N/A,,,
 The Great Depression,"DMX at BI-LO Center, Greenville, SC, USA",Unknown.,"Dec 14, 2000",Live Performance,N/A,N/A,,,
 The Great Depression,"DMX at Charlotte Coliseum, Charlotte, NC, USA",Unknown.,"Dec 15, 2000",Live Performance,N/A,N/A,,,
 The Great Depression,"DMX at Ice Palace, Tampa, FL, USA",Unknown.,"Dec 17, 2000",Live Performance,N/A,N/A,,,
 The Great Depression,"DMX at Jacksonville Memorial Coliseum, Jacksonville, FL, USA",Unknown.,"Dec 19, 2000",Live Performance,N/A,N/A,,,
 The Great Depression,DMX at The Source Hip Hop Awards 2001,1. Who We Be,"Aug 20, 2001",Live Performance,N/A,N/A,https://youtu.be/r9dlckEu1b8?si=nFlQI76yuc6spYYQ,,
 The Great Depression,"DMX at Rainbow Room, New York, NY, USA",Unknown.,"Aug 21, 2001",Live Performance,N/A,N/A,,,
 The Great Depression,"DMX at Total Request Live, New York, NY, USA",1. Who We Be,"Oct 23, 2001",Live Performance,N/A,N/A,,,
,Cradle 2 The Grave,"(10/23/2001) (The Great Depression is released)
(3/11/2002) (Cradle 2 The Grave begins filming)
(2/18/2003) (Cradle 2 The Grave OST is released)",,,,,,,
,Music Videos,,,,,,,,
Cradle 2 The Grave,X Gon' Give It To Ya [Music Video],The Official music video.,,Music Video,Full,Full CDQ,https://www.youtube.com/watch?v=fGx6K90TmCI&list=PL464EF04923237528&index=2,,
,Grand Champ,"(10/23/2001) (The Great Depression is released)
(9/16/2003) (Grand Champ is released)",,,,,,,
,Music Videos,,,,,,,,
Grand Champ,Where The Hood At? [Music Video],The Official music video.,,Music Video,Full,Full CDQ,https://www.youtube.com/watch?v=6CqXgs-7ico&list=PL464EF04923237528&index=3,Not Available,https://web.archive.org/web/20041112094358/http://www.mtv.com/news/articles/1456232/20020724/story.jhtml
Grand Champ,Get It On The Floor [Music Video],The Official music video.,,Music Video,Full,Full CDQ,https://www.youtube.com/watch?v=Vvofs3n2ZmY,Not Available,https://web.archive.org/web/20041112094358/http://www.mtv.com/news/articles/1456232/20020724/story.jhtml
,Live Perfomances,,,,,,,,
Grand Champ,DMX at Powerhouse 2001,"1. What's My Name?
2. Get at Me Dog
3. Pull it (Cam’ron cover)
4. 4, 3, 2, 1 (LL Cool J cover)
5. It's All Good
6. Ruff Ryders' Anthem
7. Who We Be
8. Party Up (Up in Here)","Oct 26, 2001",Live Performance,N/A,N/A,,,
Grand Champ,"DMX at First Union Center, Philadelphia, PA, USA","1. You Could Be Blind (Instrumental)
2. We Right Here
3. Some X Shit (Ruff Ryders song)
4. One More Road to Cross
5. The Professional
6. Here We Go Again
7. What's My Name?
8. Get at Me Dog
9. 4, 3, 2, 1 (LL Cool J cover)
10. Keep Your Shit the Hardest
11. How's It Goin' Down
12. It's All Good
13. What These Bitches Want
14. Ruff Ryders' Anthem
15. Party Up (Up in Here)
16. Who We Be
17. Slippin'
18. Prayer
19. A Minute for Your Son","Oct 26, 2002",Live Performance,N/A,N/A,https://www.youtube.com/watch?si=VnW2KsvyGWvEU71F&v=_LG937W_XL4&feature=youtu.be,,
Grand Champ,"DMX at The Tonight Show with Jay Leno, Burbank, CA, USA",Unknown.,"Feb 27, 2003",Live Performance,N/A,N/A,,,
Grand Champ,"DMX at Unknown Venue, Vancouver, BC, Canada",Unknown.,"Mar 22, 2003",Live Performance,N/A,N/A,,,
Grand Champ,"DMX at Winnipeg Arena, Winnipeg, MB, Canada",Unknown.,"Mar 23, 2003",Live Performance,N/A,N/A,,,
Grand Champ,"DMX at Sport Mart Place, Kamloops, BC, Canada",Unknown.,"Mar 25, 2003",Live Performance,N/A,N/A,,,
Grand Champ,"DMX at ENMAX Centre, Lethbridge, AB, Canada",Unknown.,"Mar 26, 2003",Live Performance,N/A,N/A,,,
Grand Champ,"DMX at Northlands Grounds, Edmonton, AB, Canada",Unknown.,"Mar 27, 2003",Live Performance,N/A,N/A,,,
Grand Champ,"DMX at The Stampede Corral, Calgary, AB, Canada",Unknown.,"Mar 28, 2003",Live Performance,N/A,N/A,,,
Grand Champ,"DMX at Saskatchewan Place, Saskatoon, SK, Canada",Unknown.,"Mar 29, 2003",Live Performance,N/A,N/A,,,
Grand Champ,"DMX at Hammerstein Ballroom, New York, NY, USA",Unknown.,"Sep 15, 2003",Live Performance,N/A,N/A,,,
,Never Recorded,,,,,,,,
Grand Champ,Sean Paul - Gimme The Light (Remix),"In 2005 DMX asked Sean Paul to get on the ""Gimme The Light"" remix but Sean Paul picked Busta Rhymes instead sparking beef between Sean Paul and DMX",,Remix,Never Recorded,N/A,,,
Grand Champ,"???
(feat. Fred Durst) (prod. DJ Premier)",A Song with Fred Durst produced by DJ Premier was supposed to happen but it was never recorded.,,OG,Never Recorded,N/A,https://web.archive.org/web/20041129234909/http://www.mtv.com/news/articles/1456432/20020805/story.jhtml,Not Available,https://web.archive.org/web/20041112094358/http://www.mtv.com/news/articles/1456232/20020724/story.jhtml
,"Year of the Dog... Again
(Here We Go Again)","(9/16/2003) (Grand Champ is released)
(8/1/2006) (Year of the Dog... Again is released)",,,,,,,
,Music Videos,,,,,,,,
Year of the Dog... Again,Lord Give Me A Sign [Music Video],The Official music video.,,Music Video,Full,Full CDQ,https://www.youtube.com/watch?v=U8U_gR58eJU,Not Available,https://hiphopdx.com/news/dmx-here-we-go-again/
Year of the Dog... Again,We In Here [Music Video],The Official music video.,,Music Video,Full,Full CDQ,https://www.youtube.com/watch?v=fPJ2RAmDQ3Y,,
Year of the Dog... Again,Yung Wun - Tear It Up [Music Video],The Official music video.,,Music Video,Full,Full CDQ,https://www.youtube.com/watch?v=mK9tujntNj0,,
Year of the Dog... Again,Mark Morrison - Innocent Man [Music Video],The Official music video.,,Music Video,Full,Full CDQ,https://www.youtube.com/watch?v=KJG-ItlpQz8,,
Year of the Dog... Again,Busta Rhymes - Touch It (Remix) [Music Video],The Official music video.,,Music Video,Full,Full CDQ,https://www.youtube.com/watch?v=GDtn_FtU614,,
,Live Perfomances,,,,,,,,
Year of the Dog... Again,"DMX at Jackie Gleason Theater of the Performing Arts, Miami Beach, FL, USA","1. We Right Here
2. What's My Name?
3. Where the Hood At
4. Ruff Ryders' Anthem
5. Party Up (Up in Here)
6. X Gon' Give It to Ya","Sep 22, 2003",Live Performance,N/A,N/A,,,
Year of the Dog... Again,DMX at MOBO Awards 2003,1. X Gon' Give It To Ya,"Sep 25, 2003",Live Performance,N/A,N/A,https://youtu.be/Grj9zdnbKQ4?si=LEka8MNH7l4R-_hd,,
Year of the Dog... Again,"DMX at Jimmy Kimmel Live, Los Angeles, CA, USA",Unknown.,"Nov 12, 2003",Live Performance,N/A,N/A,,,
Year of the Dog... Again,DMX at Smokeout 2003,"1. We Right Here
2. Who We Be
3. The Rain (Acapella)
4. Where the Hood At
5. Party Up (Up in Here)
6. A'Yo Kato
7. Slippin'
8. Prayer IV","Nov 15, 2003",Live Performance,N/A,N/A,https://youtu.be/3ErmFq6sw94?si=-gZCd9-JlW2Gfayr,,
Year of the Dog... Again,DMX at Video Game Awards 2003,"1. X Gon' Give It to Ya
2. Party Up (Up in Here)
3. Get It on the Floor","Dec 2, 2003",Live Performance,N/A,N/A,,,
Year of the Dog... Again,"DMX at Chappelle's Show, New York, NY, USA","1. Get It on the Floor
2. What's My Name?
3. Ruff Ryders' Anthem","Jan 28, 2004",Live Performance,N/A,N/A,https://youtu.be/qWtAMwpiPg0?si=D_dmZblqzxR9suDN,,
Year of the Dog... Again,"DMX at Altamont Fairgrounds, Altamont, NY, USA",Unknown.,"May 2, 2004",Live Performance,N/A,N/A,,,
Year of the Dog... Again,"DMX at Carling Apollo Manchester, Manchester, England",Unknown.,"Jul 6, 2004",Live Performance,N/A,N/A,,,
Year of the Dog... Again,"DMX at Palladium, Cologne, Germany",Unknown.,"Jul 17, 2004",Live Performance,N/A,N/A,,,
Year of the Dog... Again,"DMX at Spokane Arena, Spokane, WA, USA",Unknown.,"Mar 7, 2005",Live Performance,N/A,N/A,,,
Year of the Dog... Again,"DMX at N8Werk, Saarbrücken, Germany",Unknown.,"Sep 9, 2005",Live Performance,N/A,N/A,,,
Year of the Dog... Again,"DMX at Volksgarten, Vienna, Austria","1. We Right Here
2. Who We Be
3. One More Road to Cross
4. The Professional
5. Ruff Ryders' Anthem
6. Get It on the Floor
7. How's It Goin' Down
8. It's All Good
9. What These Bitches Want
10. Give 'em What They Want
11. Pump Ya Fist
12. Where the Hood At
13. Party Up (Up in Here)
14. Rob All Night (If I'm Gonna Rob)
15. Fuck Y'all
16. We 'bout to Blow
17. The Rain
18. X Gon' Give It to Ya
19. A'Yo Kato
20. Slippin'
21. Prayer IV","Sep 23, 2005",Live Performance,N/A,N/A,,,
Year of the Dog... Again,DMX at Hot Jamz 5,Unknown.,"Jun 3, 2006",Live Performance,N/A,N/A,,,
Year of the Dog... Again,"DMX at B.B. King Blues Club & Grill, New York, NY, USA","1. Ruff Ryders' Anthem
2. We Right Here
3. The Professional
4. Money, Power & Respect (The LOX cover)
5. Get It on the Floor
6. Party Up (Up in Here)
7. Lord Give Me a Sign
8. Where the Hood At
9. X Gon' Give It to Ya
10. A'Yo Kato
11. Slippin'
12. How's It Goin' Down","Jul 22, 2006",Live Performance,N/A,N/A,,,
Year of the Dog... Again,"DMX at House of Blues, Chicago, IL, USA",1. Party Up (Up In Here),"Jul 26, 2006",Live Performance,N/A,N/A,,,
,Walk With Me Now / You'll Fly With Me Later,"(8/1/2006) (Year of the Dog... Again is released)
(??/??/2006) (Work on Walk With Me Now and You'll Fly With Me Later starts)
(??/??/2010) (Walk With Me Now is seemingly scrapped, work on Undisputed starts)",,,,,,,
,Music Videos,,,,,,,,
Walk With Me Now / You'll Fly With Me Later,Bizzy Bone - A Song for You [Music Video],The Official music video.,,Music Video,Full,Full CDQ,https://www.youtube.com/watch?v=v_xaUrrVzqY,Not Available,https://hiphopdx.com/news/dmx-here-we-go-again/
,Live Perfomances,,,,,,,,
Walk With Me Now / You'll Fly With Me Later,DMX at Hot 97's Back To School Jam 2006,Unknown.,"Sep 30, 2006",Live Performance,N/A,N/A,,,
Walk With Me Now / You'll Fly With Me Later,"DMX at Jannus Landing, St. Petersburg, FL, USA",Unknown.,"Oct 27, 2006",Live Performance,N/A,N/A,,,
Walk With Me Now / You'll Fly With Me Later,DMX at JAM'N 94.5's Monster Jam 2006,Unknown.,"Oct 29, 2006",Live Performance,N/A,N/A,,,
Walk With Me Now / You'll Fly With Me Later,"DMX at Unknown Venue, Mannheim, Germany","1. Ruff Ryders' Anthem
2. Where the Hood At
3. Get It on the Floor
4. What These Bitches Want","Nov 8, 2006",Live Performance,N/A,N/A,,,
Walk With Me Now / You'll Fly With Me Later,"DMX at Froximun-Arena, Magdeburg, Germany","1. Lord Give Me a Sign
2. One More Road to Cross
3. The Professional
4. Touch It (Remix)","Nov 11, 2006",Live Performance,N/A,N/A,,,
Walk With Me Now / You'll Fly With Me Later,"DMX at Metro Nightclub, Melbourne, Australia","1. X Gon' Give It to Ya
2. Get It on the Floor
3. Who We Be
4. What These Bitches Want
5. Where the Hood At
6. It's All Good","Dec 1, 2006",Live Performance,N/A,N/A,,,
Walk With Me Now / You'll Fly With Me Later,"DMX at Centro Cultural Estación Mapocho, Santiago, Chile",Unknown.,"Apr 29, 2007",Live Performance,N/A,N/A,,,
Walk With Me Now / You'll Fly With Me Later,"DMX at Élysée Montmartre, Paris, France","1. We Right Here
2. Who We Be
3. One More Road to Cross
4. Ruff Ryders' Anthem
5. Get at Me Dog
6. Get It on the Floor
7. How's It Goin' Down
8. What These Bitches Want
9. Where the Hood At
10. Party Up (Up in Here)
11. X Gon' Give It to Ya
12. ??? (Appearently Unknown Song)
13. A'Yo Kato","May 21, 2007",Live Performance,N/A,N/A,,,
Walk With Me Now / You'll Fly With Me Later,"DMX at Espace Julien, Marseille, France",1. Where The Hood At,"May 22, 2007",Live Performance,N/A,N/A,,,
Walk With Me Now / You'll Fly With Me Later,"DMX at Kongresshalle, Augsburg, Germany",Unknown.,"May 26, 2007",Live Performance,N/A,N/A,,,
Walk With Me Now / You'll Fly With Me Later,"DMX at Monkey Business, Hilton Head Island, SC, USA",Unknown.,"Jul 17, 2007",Live Performance,N/A,N/A,,,
Walk With Me Now / You'll Fly With Me Later,"DMX at Lambda Chi Alpha House, Auburn, AL, USA",Unknown.,"Apr 9, 2008",Live Performance,N/A,N/A,,,
Walk With Me Now / You'll Fly With Me Later,"DMX at Orpheum Theatre, Madison, WI, USA",Unknown.,"Apr 10, 2008",Live Performance,N/A,N/A,,,
Walk With Me Now / You'll Fly With Me Later,"DMX at Unknown Venue, Denver, CO, USA",Unknown.,"Feb 27, 2009",Live Performance,N/A,N/A,,,
Walk With Me Now / You'll Fly With Me Later,"DMX at Revolution Live, Fort Lauderdale, FL, USA",Unknown.,"Aug 9, 2009",Live Performance,N/A,N/A,,,
Walk With Me Now / You'll Fly With Me Later,"DMX at Chene Park Amphitheatre, Detroit, MI, USA",Unknown.,"Sep 4, 2009",Live Performance,N/A,N/A,,,
Walk With Me Now / You'll Fly With Me Later,"DMX at Chene Park Amphitheatre, Detroit, MI, USA",Unknown.,"Sep 5, 2009",Live Performance,N/A,N/A,,,
Walk With Me Now / You'll Fly With Me Later,DMX at VH1 Hip Hop Honors 2009,1. Party Up (Up In Here) (With Gym Class Heroes),"Sep 23, 2009",Live Performance,N/A,N/A,,,
Walk With Me Now / You'll Fly With Me Later,"DMX at DCU Center, Worcester, MA, USA","1. One More Road to Cross
2. Ruff Ryders' Anthem
3. Get It on the Floor
4. It's All Good (Acapella)
5. Money, Power & Respect (The LOX cover)
6. Party Up (Up in Here)
7. Slippin'
8. Touch It (Remix)
9. We Right Here","Sep 26, 2009",Live Performance,N/A,N/A,,,
Walk With Me Now / You'll Fly With Me Later,"DMX at Phil Long Expo Center, Colorado Springs, CO, USA",Unknown.,"Oct 16, 2009",Live Performance,N/A,N/A,,,
Walk With Me Now / You'll Fly With Me Later,"DMX at B.B. King Blues Club & Grill, New York, NY, USA",Unknown.,"Nov 22, 2009",Live Performance,N/A,N/A,,,
,Videos,,,,,,,,
Walk With Me Now / You'll Fly With Me Later,DMX Behind The Scenes In The Studio,"DMX in the studio, Let Me Be Your Angel, Spit That Shit and Already can be heard.",,BTS Video,Full,Full LQ,https://www.youtube.com/watch?v=Pi01xpKgvqw,,
Walk With Me Now / You'll Fly With Me Later,DMX At A Tattoo Salon (@ creep's),DMX getting a tattoo and What They Don't Know being played in the background.,,Other,Full,Full LQ,https://www.youtube.com/watch?v=6re5939HkKU,,
,Never Recorded,,,,,,,,
Walk With Me Now / You'll Fly With Me Later,"??? 
(prod. Just Blaze)","Just Blaze mentioned doing a song for DMX with a George Michael sample, but in 2011 he said the only song he did with DMX was I'ma Bang, it likely means X didn't record for this.",,OG,Never Recorded,N/A,https://x.com/JustBlaze/status/15941144111,,
Walk With Me Now / You'll Fly With Me Later,"??? 
(feat. Jadakiss) (prod. Swizz Beatz)","Unreleased Swizz Beatz produced song with Eve, Swizz also said that it was originally planned to be a DMX and Jadakiss song.",,OG,Never Recorded,N/A,,,
,"Undisputed
(Redemption, Beast, People's Champ, Redemption Of The Beast)","(08/14/2010) (Walk With Me Now is seemingly scrapped, work on Undisputed starts)
(XX/XX/2011) (You'll Fly With Me Later is shelved)
(9/11/2012) (Undisputed is released)",,,,,,,
,Music Videos,,,,,,,,
Undisputed,I Don't Dance [Music Video],The Official music video.,,Music Video,Full,Full CDQ,https://www.youtube.com/watch?v=pAv7L3HnV1k,,
Undisputed,Last Hope [Music Video],The Official music video.,,Music Video,Full,Full CDQ,https://www.youtube.com/watch?v=DMuZTvL8QR0,,
Undisputed,N.O.4 - Tell Ya Friends' [Music Video],The Official music video.,,Music Video,Full,Full CDQ,https://www.youtube.com/watch?v=h6bKuDWYB3I,,
,Videos,,,,,,,,
Undisputed,I Don't Dance,Behind the scenes.,,BTS Video,Full,Full CDQ,https://youtu.be/M_DLD_WnRnw?si=HXnRYaa0aW0OAAAW,,
Undisputed,??? (DMX Recording A Song),DMX recording a song which has verses from Shit Don't Change.,,BTS Video,Full,Full LQ,https://www.youtube.com/watch?v=bnWvvagTBYw,,
,Freestyles,,,,,,,,
Undisputed,Forever,DMX freestyling to Forever in 2010.,,Freestyle,Full,Full LQ,https://www.youtube.com/watch?v=dmMS7gjBqhU&t=5s,,
,Live Perfomances,,,,,,,,
Undisputed,"DMX at Congress Theater, Chicago, IL, USA",Unknown.,"Aug 20, 2010",Live Performance,N/A,N/A,,,
Undisputed,"DMX at Roc10inc, Chicago, IL, USA",Unknown.,"Aug 20, 2010",Live Performance,N/A,N/A,,,
Undisputed,"DMX at Echelon 3000, Atlanta, GA, USA",Unknown.,"Sep 3, 2010",Live Performance,N/A,N/A,,,
Undisputed,"DMX at Club Zen, Oxnard, CA, USA","1. Get Your Money Up
2. Prayer
3. A'Yo Kato
4. Sucka for Love","Sep 11, 2010",Live Performance,N/A,N/A,,,
Undisputed,DMX at Epicenter Festival 2010,"1. We Right Here
2. Who We Be
3. Party Up (Up in Here)
4. Where the Hood At
5. Get Your Money Up
6. Get It on the Floor","Sep 25, 2010",Live Performance,N/A,N/A,,,
Undisputed,"DMX at The Warehouse, Springfield, MA, USA","1. We Right Here
2. Who We Be
3. One More Road to Cross
4. The Professional
5. Ruff Ryders' Anthem
6. Time To Get Paid (Acapella)
7. Get at Me Dog
8. Money, Power & Respect (The LOX cover)
9. Touch It (Remix)
10. Get It on the Floor
11. How's It Goin' Down
12. It's All Good
13. What These Bitches Want
14. Sucka for Love
15. Where the Hood At
16. Get Your Money Up
17. Party Up (Up in Here)
18. A'Yo Kato
19. Slippin'","Oct 9, 2010",Live Performance,N/A,N/A,,,
Undisputed,"DMX at Rialto Theatre, Tucson, AZ, USA",Unknown.,"Oct 22, 2010",Live Performance,N/A,N/A,,,
Undisputed,"DMX at The Venue of Scottsdale, Scottsdale, AZ, USA",Unknown.,"Oct 23, 2010",Live Performance,N/A,N/A,,,
Undisputed,"DMX at Ritz Theatre, Elizabeth, NJ, USA",Unknown.,"Oct 30, 2010",Live Performance,N/A,N/A,,,
Undisputed,"DMX at The Venue of Scottsdale, Scottsdale, AZ, USA",Unknown.,"Nov 12, 2010",Live Performance,N/A,N/A,,,
Undisputed,"DMX at Chene Park Amphitheatre, Detroit, MI, USA",Unknown.,"Jun 9, 2011",Live Performance,N/A,N/A,,,
Undisputed,DMX at BET Awards 2011,"1. Get at Me Dog
2. Ruff Ryders' Anthem
3. Party Up (Up in Here)","Jun 26, 2011",Live Performance,N/A,N/A,https://youtu.be/t3bTcjoHSig?si=hnCJtRoM1ZBZpOk8,,
Undisputed,"DMX at House of Blues, Dallas, TX, USA",Unknown.,"Aug 30, 2011",Live Performance,N/A,N/A,,,
Undisputed,"DMX at House of Blues, Houston, TX, USA","1. What These Bitches Want
2. Where the Hood At
3. Party Up (Up in Here)
4. Slippin'","Aug 31, 2011",Live Performance,N/A,N/A,,,
Undisputed,"DMX at Gothic Theatre, Englewood, CO, USA",Unknown.,"Sep 10, 2011",Live Performance,N/A,N/A,,,
Undisputed,DMX at Dr. Drew,1. Keep Your Head Up,"Nov 8, 2011",Live Performance,N/A,N/A,https://youtu.be/DUIRKjBs9MY?si=scPEHqcdO75V_72f,,
Undisputed,"DMX at Club Amnesia, St. Louis, MO, USA","1. It's All Good
2. What These Bitches Want","Nov 23, 2011",Live Performance,N/A,N/A,,,
Undisputed,"DMX at Studio 7, San Antonio, TX, USA","1. Ruff Ryders' Anthem
2. Get at Me Dog","Dec 1, 2011",Live Performance,N/A,N/A,,,
Undisputed,"DMX at The Mansion, Austin, TX, USA",Unknown.,"Dec 2, 2011",Live Performance,N/A,N/A,,,
Undisputed,"DMX at Lonestar Pavilion, Lubbock, TX, USA",Unknown.,"Dec 3, 2011",Live Performance,N/A,N/A,,,
Undisputed,"DMX at Buchanan's Event Center, El Paso, TX, USA",Unknown.,"Dec 4, 2011",Live Performance,N/A,N/A,,,
Undisputed,"DMX at Tavastia, Helsinki, Finland",Unknown.,"Dec 12, 2011",Live Performance,N/A,N/A,,,
Undisputed,"DMX at Longbranch of Raleigh, Raleigh, NC, USA",Unknown.,"Dec 30, 2011",Live Performance,N/A,N/A,,,
Undisputed,"DMX at Union Halle, Frankfurt, Germany",Unknown.,"Jan 20, 2012",Live Performance,N/A,N/A,,,
Undisputed,"DMX at Hard Rock Cafe, Las Vegas, NV, USA",Unknown.,"Feb 16, 2012",Live Performance,N/A,N/A,,,
Undisputed,"DMX at Knitting Factory, Reno, NV, USA",Unknown.,"Feb 17, 2012",Live Performance,N/A,N/A,,,
Undisputed,"DMX at Sounds of Brazil, New York, NY, USA","1. Where My Dogs At
2. Get at Me Dog
3. Stop Being Greedy
4. Money, Power & Respect (The LOX cover)
5. Touch It (Remix)
6. X Gon' Give It to Ya
7. We Right Here
8. How's It Goin' Down
9. It's All Good
10. Get It on the Floor
11. Where the Hood At
12. Ruff Ryders' Anthem","Feb 23, 2012",Live Performance,N/A,N/A,,,
Undisputed,"DMX at 4th & B, San Diego, CA, USA",Unknown.,"Feb 25, 2012",Live Performance,N/A,N/A,,,
Undisputed,"DMX at iMusic, Seattle, WA, USA","1. We Right Here
2. Who We Be
3. Ruff Ryders' Anthem","Mar 16, 2012",Live Performance,N/A,N/A,,,
Undisputed,"DMX at Yakima Valley SunDome, Yakima, WA, USA",Unknown.,"Mar 17, 2012",Live Performance,N/A,N/A,,,
Undisputed,"DMX at Essigfabrik, Cologne, Germany",Unknown.,"Mar 29, 2012",Live Performance,N/A,N/A,,,
Undisputed,"DMX at Universal D.O.G., Lahr, Germany",Unknown.,"Mar 31, 2012",Live Performance,N/A,N/A,,,
Undisputed,"DMX at Uebel & Gefährlich, Hamburg, Germany",Unknown.,"Apr 3, 2012",Live Performance,N/A,N/A,,,
Undisputed,"DMX at Union Halle, Frankfurt, Germany",Unknown.,"Apr 4, 2012",Live Performance,N/A,N/A,,,
Undisputed,"DMX at Kulturquartier Proton, Stuttgart, Germany",Unknown.,"Apr 7, 2012",Live Performance,N/A,N/A,,,
Undisputed,"DMX at Columbiahalle, Berlin, Germany",Unknown.,"Apr 8, 2012",Live Performance,N/A,N/A,,,
Undisputed,"DMX at Paradise Theater, The Bronx, NY, USA",Unknown.,"May 4, 2012",Live Performance,N/A,N/A,,,
Undisputed,"DMX at Trak Lounge Bar, Melbourne, Australia",Unknown.,"May 11, 2012",Live Performance,N/A,N/A,,,
Undisputed,"DMX at Inner Circle, Cincinnati, OH, USA","1. We Right Here
2. Who We Be
3. One More Road to Cross
4. The Professional
5. Ruff Ryders' Anthem
6. Get It on the Floor
7. Get at Me Dog
8. Stop Being Greedy
9. Money, Power & Respect (The LOX cover)
10. Touch It (Remix)
11. It's All Good
12. What These Bitches Want
13. Money, Cash, Hoes (JAY‐Z cover)
14. Flesh of My Flesh, Blood of My Blood
15. Where the Hood At
16. Party Up (Up in Here)
17. X Gon' Give It to Ya
18. A'Yo Kato
19. Slippin'
20. Lord Give Me a Sign
21. A Minute for Your Son","Jun 1, 2012",Live Performance,N/A,N/A,,,
Undisputed,"DMX at Club Epic, Minneapolis, MN, USA",Unknown.,"Jun 2, 2012",Live Performance,N/A,N/A,,,
Undisputed,"DMX at Upstate Concert Hall, Clifton Park, NY, USA",Unknown.,"Jun 8, 2012",Live Performance,N/A,N/A,,,
Undisputed,"DMX at Chene Park Amphitheatre, Detroit, MI, USA",Unknown.,"Jun 9, 2012",Live Performance,N/A,N/A,,,
Undisputed,"DMX at The Theatre of Living Arts, Philadelphia, PA, USA",Unknown.,"Jun 10, 2012",Live Performance,N/A,N/A,,,
Undisputed,"DMX at The NorVa, Norfolk, VA, USA","1. Ruff Ryders' Anthem
2. Get at Me Dog
3. Stop Being Greedy
4. Party Up (Up in Here)
5. Slippin'
6. Prayer","Jun 14, 2012",Live Performance,N/A,N/A,,,
Undisputed,"DMX at Roseland Theater, Portland, OR, USA",Unknown.,"Jun 23, 2012",Live Performance,N/A,N/A,,,
Undisputed,"DMX at Neal S. Blaisdell Concert Hall, Honolulu, HI, USA","1. Party Up (Up In Here)
2. Prayer","Jun 30, 2012",Live Performance,N/A,N/A,,,
Undisputed,"DMX at The National, Richmond, VA, USA","1. We Right Here
2. Who We Be
3. One More Road to Cross
4. The Professional
5. Ruff Ryders' Anthem
6. Get It on the Floor
7. Get at Me Dog
8. Stop Being Greedy
9. Money, Power & Respect (The LOX cover)
10. Touch It (Remix)
11. How's It Goin' Down
12. It's All Good
13. What These Bitches Want
14. Where the Hood At
15. Party Up (Up in Here)
16. X Gon' Give It to Ya
17. A'Yo Kato
18. Prayer
19. Slippin'","Jul 3, 2012",Live Performance,N/A,N/A,,,
Undisputed,"DMX at Revolution Live, Fort Lauderdale, FL, USA","1. Ruff Ryders' Anthem
2. A'Yo Kato
3.Slippin'","Jul 6, 2012",Live Performance,N/A,N/A,,,
Undisputed,"DMX at Vinyl Music Hall, Pensacola, FL, USA",Unknown.,"Jul 10, 2012",Live Performance,N/A,N/A,,,
Undisputed,"DMX at Vinyl Music Hall, Pensacola, FL, USA",Unknown.,"Jul 11, 2012",Live Performance,N/A,N/A,,,
Undisputed,DMX at Gathering of the Juggalos 2012,Unknown.,"Aug 9, 2012",Live Performance,N/A,N/A,,,
Undisputed,DMX at Rock the Bells 2012,"1. We Right Here
2. Who We Be
3. Ruff Ryders' Anthem
4. Party Up (Up in Here)
5. Let Me Blow Ya Mind (Eve cover)
6. Slippin'","Aug 18, 2012",Live Performance,N/A,N/A,,,
Undisputed,DMX at Rock the Bells 2012,"1. We Right Here
2. Who We Be
3. One More Road to Cross
4. Ruff Ryders' Anthem
5. Stop Being Greedy
6. Money, Power & Respect (The LOX cover)
7. Touch It (Remix)
8. Where the Hood At
9. Party Up (Up in Here)
10. Slippin'
11. Prayer
12. A Minute for Your Son","Aug 26, 2012",Live Performance,N/A,N/A,,,
,Hiatus,"(9/11/2012) (Undisputed is released)
(??/??/2013) (DMX starts working on an album but scraps it the same year)
(??/??/2015) (DMX starts working on another album)
(??/??/2017) (DMX ends up scrapping it as well)
(??/??/2019) (DMX starts working on another album but scrap's it the same year)
(7/??/2020) (DMX starts working on Exodus)",,,,,,,
,Music Videos,,,,,,,,
Hiatus,Ya Dig [Music Video],The Official music video.,,Music Video,Full,Full CDQ,https://youtu.be/VVx0G-ZKX14?is=2icepx3l32TnepM6,,
Hiatus,CB Smooth ft DMX & Big Moeses - I Swore,The Official music video.,,Music Video,Full,Full CDQ,https://www.youtube.com/watch?v=8Pz5d9j7O2w,,
Hiatus,Godfather of Harlem - Just In Case [Music Video],The Official music video.,,Music Video,Full,Full CDQ,https://www.youtube.com/watch?v=--RTy_uobI8,,
Hiatus,???,"David Jones Media mentioned DMX being a music video, a snippet can be seen on the linked post.",,Music Video,Snippet,Full CDQ,https://www.instagram.com/p/B-W4Ki-JHkw/,,
,Videos,,,,,,,,
Hiatus,King Kong,Behind the scenes of recording of King Kong.,,BTS Video,Full,Full CDQ,https://youtu.be/kBUZnCniclc?si=EnqcHlxAXmEzR8lN,,
Hiatus,Don't Call Me,Behind the scenes of recording of Don't Call Me.,,BTS Video,Full,Full CDQ,https://www.youtube.com/watch?v=fcuD7jtW-_A,,
,Never Recorded,,,,,,,,
Hiatus,??? (Angel),It's unsure if X ever recorded for this beat.,,Music Video,Full,Full CDQ,https://www.youtube.com/watch?v=EzaFvOOHX00,,
,Live Performances,,,,,,,,
Hiatus,"DMX at Fête Music Hall, Providence, RI, USA",Unknown.,"Sep 15, 2012",Live Performance,N/A,N/A,,,
Hiatus,"DMX at Pozo Saloon, Santa Margarita, CA, USA","1. Ruff Ryders' Anthem
2. X Gon' Give It to Ya","Oct 7, 2012",Live Performance,N/A,N/A,,,
Hiatus,DMX at Beatdown 2012,Unknown.,"Nov 30, 2012",Live Performance,N/A,N/A,,,
Hiatus,"DMX at Exchange, Los Angeles, CA, USA",Unknown.,"Dec 5, 2012",Live Performance,N/A,N/A,,,
Hiatus,"DMX at Boardwalk Hall, Atlantic City, NJ, USA",Unknown.,"Jan 19, 2013",Live Performance,N/A,N/A,,,
Hiatus,"DMX at Reverb, Wilmington, DE, USA","1. Ruff Ryders' Anthem
2. Slippin'","Feb 8, 2013",Live Performance,N/A,N/A,,,
Hiatus,"DMX at Greystone Manor, West Hollywood, CA, USA",Unknown.,"Feb 21, 2013",Live Performance,N/A,N/A,,,
Hiatus,"DMX at Durham Performing Arts Center, Durham, NC, USA",Unknown.,"Mar 1, 2013",Live Performance,N/A,N/A,,,
Hiatus,"DMX at Durham Performing Arts Center, Durham, NC, USA","1. A'Yo Kato
2. Party Up (Up in Here)","Mar 3, 2013",Live Performance,N/A,N/A,,,
Hiatus,"DMX at The Ritz, Manchester, England",Unknown.,"May 6, 2013",Live Performance,N/A,N/A,,,
Hiatus,"DMX at Unknown Venue, Minneapolis, MN, USA",1. Ruff Ryders' Anthem,"Jun 2, 2013",Live Performance,N/A,N/A,,,
Hiatus,"DMX at Premier Theater at Foxwoods, Mashantucket, CT, USA",Unknown.,"Jun 14, 2013",Live Performance,N/A,N/A,,,
Hiatus,"DMX at The Fillmore Detroit, Detroit, MI, USA",1. Ruff Ryders' Anthem,"Jun 16, 2013",Live Performance,N/A,N/A,,,
Hiatus,"DMX at The Observatory, Santa Ana, CA, USA",Unknown.,"Jun 28, 2013",Live Performance,N/A,N/A,,,
Hiatus,"DMX at Sheraton Burlington Hotel & Conference Center, Burlington, VT, USA",Unknown.,"Jun 29, 2013",Live Performance,N/A,N/A,,,
Hiatus,"DMX at The Blockley Pourhouse, Philadelphia, PA, USA","1. We Right Here
2. It's All Good","Jul 5, 2013",Live Performance,N/A,N/A,,,
Hiatus,"DMX at Chene Park Amphitheatre, Detroit, MI, USA",Unknown.,"Aug 31, 2013",Live Performance,N/A,N/A,,,
Hiatus,"DMX at Lancaster County Convention Center, Lancaster, PA, USA",Unknown.,"Sep 28, 2013",Live Performance,N/A,N/A,,,
Hiatus,"DMX at The Belmont, York Township, PA, USA",Unknown.,"Sep 28, 2013",Live Performance,N/A,N/A,,,
Hiatus,"DMX at Heat Ultra Lounge, Anaheim, CA, USA",Unknown.,"Oct 30, 2013",Live Performance,N/A,N/A,,,
Hiatus,"DMX at Cameo Theatre, Miami Beach, FL, USA",Unknown.,"Dec 20, 2013",Live Performance,N/A,N/A,,,
Hiatus,"DMX at Hristo Botev Hall, Sofia, Bulgaria","1. One More Road to Cross
2. What These Bitches Want
3. Party Up (Up in Here)
4. Where the Hood At
5. X Gon' Give It to Ya
6. A'Yo Kato","Jan 3, 2014",Live Performance,N/A,N/A,,,
Hiatus,"DMX at Radio City Music Hall, New York, NY, USA","1. Touch It (Remix)
2. Get It on the Floor
3. Where My Dogs At
4. It's All Good
5. What These Bitches Want
6. Get at Me Dog
7. Stop Being Greedy","Jan 24, 2014",Live Performance,N/A,N/A,,,
Hiatus,"DMX at Midnight Rodeo, Morehead City, NC, USA",1. Where The Hood At,"Feb 28, 2014",Live Performance,N/A,N/A,,,
Hiatus,"DMX at Scout Bar, Webster, TX, USA","1. We Right Here
2. Who We Be
3. Ruff Ryders' Anthem
4. A'Yo Kato","Mar 7, 2014",Live Performance,N/A,N/A,,,
Hiatus,"DMX at Backstage Live, San Antonio, TX, USA",Unknown.,"Mar 8, 2014",Live Performance,N/A,N/A,,,
Hiatus,"DMX at Pharr Events Center, Pharr, TX, USA",Unknown.,"Mar 9, 2014",Live Performance,N/A,N/A,,,
Hiatus,"DMX at Brewster Street Ice House, Corpus Christi, TX, USA",Unknown.,"Mar 11, 2014",Live Performance,N/A,N/A,,,
Hiatus,"DMX at Trees, Dallas, TX, USA",Unknown.,"Mar 12, 2014",Live Performance,N/A,N/A,,,
Hiatus,"DMX at Howlin' Wolf, New Orleans, LA, USA",1. Slippin',"Mar 13, 2014",Live Performance,N/A,N/A,,,
Hiatus,"DMX at LIV, Miami Beach, FL, USA",Unknown.,"Mar 14, 2014",Live Performance,N/A,N/A,,,
Hiatus,"DMX at Echostage, Washington, DC, USA",Unknown.,"Apr 4, 2014",Live Performance,N/A,N/A,,,
Hiatus,"DMX at Amfiteatr w Parku Sowińskiego, Warsaw, Poland",Unknown.,"May 10, 2014",Live Performance,N/A,N/A,,,
Hiatus,"DMX at Amfiteatr w Parku Sowińskiego, Warsaw, Poland","1. Lord Give Me a Sign
2. We Right Here
3. Who We Be
4. Slippin'
5. Ruff Ryders' Anthem
6. It's All Good","May 11, 2014",Live Performance,N/A,N/A,,,
Hiatus,DMX at Free Press Summer Fest 2014,Unknown.,"May 31, 2014",Live Performance,N/A,N/A,,,
Hiatus,"DMX at Club Longbeach, Okriftel, Germany",Unknown.,"Jun 6, 2014",Live Performance,N/A,N/A,,,
Hiatus,"DMX at Ancienne Belgique, Brussels, Belgium",1. Ruff Ryders' Anthem,"Jun 12, 2014",Live Performance,N/A,N/A,,,
Hiatus,"DMX at Votanikos, Athens, Greece","1. X Gon' Give It to Ya
2. Get It on the Floor
3. Get at Me Dog
4. Money, Power & Respect (The LOX cover)","Jun 14, 2014",Live Performance,N/A,N/A,,,
Hiatus,"DMX at Planet.tt Bank Austria Halle Gasometer, Vienna, Austria","1. We Right Here
2. Who We Be
3. One More Road to Cross
4. The Professional
5. Ruff Ryders' Anthem
6. Get It on the Floor
7. Get at Me Dog
8. Stop Being Greedy
9. Touch It (Remix)
10. How's It Goin' Down
11. It's All Good
12. What These Bitches Want
13. Rob All Night (If I'm Gonna Rob)
14. The Rain
15. X Gon' Give It to Ya
16. Where the Hood At
17. Party Up (Up in Here)
18. More 2 a Song
19. Time To Get Paid
20. A'Yo Kato
21. Slippin'
22. Lord Give Me a Sign
23. Prayer IV
24. A Minute for Your Son","Jun 17, 2014",Live Performance,N/A,N/A,,,
Hiatus,"DMX at Muffathalle, Munich, Germany","1. The Rain
2. X Gon' Give It To Ya","Jun 19, 2014",Live Performance,N/A,N/A,,,
Hiatus,DMX at Touch The Air 2014,Unknown.,"Jun 21, 2014",Live Performance,N/A,N/A,,,
Hiatus,DMX at Masters Of Ceremony: Hip Hop Reunion 2014,Unknown.,"Jul 18, 2014",Live Performance,N/A,N/A,,,
Hiatus,"DMX at The Joint at Hard Rock Hotel, Las Vegas, NV, USA",1. Ruff Ryders' Anthem,"Aug 2, 2014",Live Performance,N/A,N/A,,,
Hiatus,"DMX at Silver Spurs Arena, Kissimmee, FL, USA",Unknown.,"Aug 9, 2014",Live Performance,N/A,N/A,,,
Hiatus,"DMX at The Theatre of Living Arts, Philadelphia, PA, USA",Unknown.,"Aug 16, 2014",Live Performance,N/A,N/A,,,
Hiatus,"DMX at Coles Amphitheatre, Louisville, KY, USA",Unknown.,"Aug 29, 2014",Live Performance,N/A,N/A,,,
Hiatus,"DMX at DTE Energy Music Theatre, Clarkston, MI, USA",Unknown.,"Aug 31, 2014",Live Performance,N/A,N/A,,,
Hiatus,"DMX at GlavClub, Moscow, Russia","1. We Right Here
2. Who We Be
3. One More Road to Cross
4. Ruff Ryders' Anthem
5. Get It on the Floor
6. Get at Me Dog
7. Stop Being Greedy
8. Touch It (Remix)
9. How's It Goin' Down
10. What These Bitches Want
11. Where the Hood At
12. X Gon' Give It to Ya
13. Party Up (Up in Here)
14. The Rain
15. A Minute for Your Son
16. Lord Give Me a Sign
17. A'Yo Kato","Sep 18, 2014",Live Performance,N/A,N/A,,,
Hiatus,"DMX at Petőfi Csarnok, Budapest, Hungary","1. We Right Here
2. Get It on the Floor
3. Stop Being Greedy
4. What These Bitches Want
5. Where the Hood At
6. Party Up (Up in Here)
7. X Gon' Give It to Ya
8. A'Yo Kato
9. Slippin'
10. Prayer IV","Sep 28, 2014",Live Performance,N/A,N/A,,,
Hiatus,"DMX at Den Atelier, Luxembourg, Luxembourg",Unknown.,"Oct 1, 2014",Live Performance,N/A,N/A,,,
Hiatus,"DMX at Shea's Performing Arts Center, Buffalo, NY, USA",Unknown.,"Oct 3, 2014",Live Performance,N/A,N/A,,,
Hiatus,"DMX at LKA Longhorn, Stuttgart, Germany",Unknown.,"Oct 6, 2014",Live Performance,N/A,N/A,,,
Hiatus,"DMX at Train, Aarhus, Denmark",Unknown.,"Oct 8, 2014",Live Performance,N/A,N/A,,,
Hiatus,"DMX at Docks, Hamburg, Germany",Unknown.,"Oct 9, 2014",Live Performance,N/A,N/A,,,
Hiatus,"DMX at Royal Farms Arena, Baltimore, MD, USA",Unknown.,"Oct 10, 2014",Live Performance,N/A,N/A,,,
Hiatus,"DMX at Atlanta Civic Center, Atlanta, GA, USA",Unknown.,"Oct 11, 2014",Live Performance,N/A,N/A,,,
Hiatus,"DMX at Hugenottenhalle, Neu Isenburg, Germany",Unknown.,"Oct 13, 2014",Live Performance,N/A,N/A,,,
Hiatus,"DMX at Barclays Center, Brooklyn, NY, USA",Unknown.,"Oct 16, 2014",Live Performance,N/A,N/A,,,
Hiatus,"DMX at Richmond Coliseum, Richmond, VA, USA",Unknown.,"Oct 17, 2014",Live Performance,N/A,N/A,,,
Hiatus,"DMX at PNC Arena, Raleigh, NC, USA",Unknown.,"Oct 18, 2014",Live Performance,N/A,N/A,,,
Hiatus,"DMX at Jannus Live, St. Petersburg, FL, USA",Unknown.,"Nov 14, 2014",Live Performance,N/A,N/A,,,
Hiatus,"DMX at Fox Theater Pomona, Pomona, CA, USA","1. We Right Here
2. Who We Be
3. One More Road to Cross
4. The Professional
5. Ruff Ryders' Anthem
6. Get It on the Floor
7. Get at Me Dog
8. Stop Being Greedy
9. Money, Power & Respect (The LOX cover)
10. Touch It (Remix)
11. What's My Name? (snippet)
12. How's It Goin' Down
13. Right/Wrong (one verse, acapella)
14. It's All Good
15. What These Bitches Want
16. Where the Hood At
17. Rob All Night (If I'm Gonna Rob) (Chorus only, acapella)
18. Fuck Y'all (Chorus only, acapella)
19. The Rain (Chorus only, acapella)
20. X Gon' Give It to Ya
21. Party Up (Up in Here)
22. A'Yo Kato
23. Slippin'
24. Let Me Fly (First verse only, acapella)
25. Prayer
26. A Minute for Your Son (no lyrics, playing as outro)","Nov 29, 2014",Live Performance,N/A,N/A,,,
Hiatus,"DMX at Festival Hall, Melbourne, Australia",Unknown.,"Dec 12, 2014",Live Performance,N/A,N/A,,,
Hiatus,"DMX at Hugenottenhalle, Neu Isenburg, Germany",Unknown.,"Dec 28, 2014",Live Performance,N/A,N/A,,,
Hiatus,"DMX at Docks, Hamburg, Germany",Unknown.,"Dec 29, 2014",Live Performance,N/A,N/A,,,
Hiatus,"DMX at Jannus Live, St. Petersburg, FL, USA",Unknown.,"Jan 9, 2015",Live Performance,N/A,N/A,,,
Hiatus,"DMX at The Vogue, Indianapolis, IN, USA","1. Ruff Ryders' Anthem
2. It's All Good
3. A'Yo Kato","Apr 2, 2015",Live Performance,N/A,N/A,,,
Hiatus,"DMX at New Jersey Performing Arts Center, Newark, NJ, USA",Unknown.,"Apr 4, 2015",Live Performance,N/A,N/A,,,
Hiatus,"DMX at 1015 Folsom, San Francisco, CA, USA",Unknown.,"Apr 7, 2015",Live Performance,N/A,N/A,,,
Hiatus,"DMX at The Belasco, Los Angeles, CA, USA",Unknown.,"Apr 8, 2015",Live Performance,N/A,N/A,,,
Hiatus,"DMX at Essigfabrik, Cologne, Germany",Unknown.,"May 8, 2015",Live Performance,N/A,N/A,,,
Hiatus,"DMX at Portage Theater, Chicago, IL, USA",Unknown.,"May 30, 2015",Live Performance,N/A,N/A,,,
Hiatus,"DMX at The Theatre of Living Arts, Philadelphia, PA, USA",Unknown.,"Jun 11, 2015",Live Performance,N/A,N/A,,,
Hiatus,"DMX at Radio City Music Hall, New York, NY, USA",Unknown.,"Jun 26, 2015",Live Performance,N/A,N/A,,,
Hiatus,"DMX at Mr. Smalls, Millvale, PA, USA",Unknown.,"Jun 27, 2015",Live Performance,N/A,N/A,,,
Hiatus,"DMX at Emporium, Bridgeport, CT, USA",Unknown.,"Jul 17, 2015",Live Performance,N/A,N/A,,,
Hiatus,"DMX at Emporium, Bridgeport, CT, USA",Unknown.,"Nov 21, 2015",Live Performance,N/A,N/A,,,
Hiatus,"DMX at Masonic Temple Theatre, Detroit, MI, USA",Unknown.,"Nov 28, 2015",Live Performance,N/A,N/A,,,
Hiatus,"DMX at Toad's Place, New Haven, CT, USA","1. Who We Be
2. Ruff Ryders' Anthem
3. Get at Me Dog
4. Where My Dogs At
5. It's All Good
6. What These Bitches Want
7. A'Yo Kato
8. Lord Give Me a Sign","Dec 3, 2015",Live Performance,N/A,N/A,,,
Hiatus,"DMX at Foxtail at SLS Las Vegas, Las Vegas, NV, USA",Unknown.,"Dec 13, 2015",Live Performance,N/A,N/A,,,
Hiatus,"DMX at Park City Live, Park City, UT, USA",Unknown.,"Dec 19, 2015",Live Performance,N/A,N/A,,,
Hiatus,"DMX at Bliss, Washington, DC, USA",Unknown.,"Jan 9, 2016",Live Performance,N/A,N/A,,,
Hiatus,"DMX at Club Octane, Auburn, ME, USA",Unknown.,"Jan 23, 2016",Live Performance,N/A,N/A,,,
Hiatus,"DMX at The Bulb Room at Studio Square, New York, NY, USA",Unknown.,"Jan 31, 2016",Live Performance,N/A,N/A,,,
Hiatus,"DMX at Reverb, Wilmington, DE, USA",Unknown.,"Feb 13, 2016",Live Performance,N/A,N/A,,,
Hiatus,"DMX at Club Octane, Auburn, ME, USA",Unknown.,"Feb 19, 2016",Live Performance,N/A,N/A,,,
Hiatus,"DMX at The Chance, Poughkeepsie, NY, USA",Unknown.,"Feb 23, 2016",Live Performance,N/A,N/A,,,
Hiatus,"DMX at The Chance, Bridgeport, CT, USA",Unknown.,"Feb 27, 2016",Live Performance,N/A,N/A,,,
Hiatus,"DMX at Toad's Place, New Haven, CT, USA","1. One More Road to Cross
2. Ruff Ryders' Anthem
3. It's All Good
4. Where the Hood At
5. Party Up (Up in Here)","Mar 3, 2016",Live Performance,N/A,N/A,,,
Hiatus,"DMX at Lupo's Heartbreak Hotel, Providence, RI, USA",Unknown.,"Mar 4, 2016",Live Performance,N/A,N/A,,,
Hiatus,"DMX at B.B. King Blues Club & Grill, New York, NY, USA",Unknown.,"Mar 27, 2016",Live Performance,N/A,N/A,,,
Hiatus,"DMX at Rockwell, Miami Beach, FL, USA",Unknown.,"Apr 4, 2016",Live Performance,N/A,N/A,,,
Hiatus,"DMX at The Observatory, Santa Ana, CA, USA","1. Get It on the Floor
2. Get at Me Dog
3. Touch It (Remix)
4. Who We Be
5. X Gon' Give It to Ya
6. Slippin'
7. How's It Goin' Down
8. Where the Hood At
9. It's All Good
10. Ruff Ryders' Anthem
11. Stop Being Greedy
12. What These Bitches Want
13. Prayer
14. Lord Give Me a Sign","Apr 9, 2016",Live Performance,N/A,N/A,,,
Hiatus,"DMX at LA Live, Los Angeles, CA, USA",Unknown.,"Apr 10, 2016",Live Performance,N/A,N/A,,,
Hiatus,"DMX at The Observatory North Park, San Diego, CA, USA","1. We Right Here
2. Who We Be
3. Ruff Ryders' Anthem
4. Where the Hood At
5. Slippin'","Apr 11, 2016",Live Performance,N/A,N/A,,,
Hiatus,"DMX at Oracle Arena, Oakland, CA, USA",Unknown.,"Apr 23, 2016",Live Performance,N/A,N/A,,,
Hiatus,"DMX at Chameleon Club, Wilmington, DE, USA",Unknown.,"May 6, 2016",Live Performance,N/A,N/A,,,
Hiatus,"DMX at MainGate Nightclub, Allentown, PA, USA","1. Get at Me Dog
2. Stop Being Greedy
3. Slippin'","May 7, 2016",Live Performance,N/A,N/A,,,
Hiatus,"DMX at The NorVa, Norfolk, VA, USA",1. Slippin',"May 27, 2016",Live Performance,N/A,N/A,,,
Hiatus,DMX at Roots Picnic 2016,"1. Ruff Ryders' Anthem
2. Party Up (Up in Here)","Jun 4, 2016",Live Performance,N/A,N/A,,,
Hiatus,"DMX at Parq, San Diego, CA, USA",Unknown.,"Jun 10, 2016",Live Performance,N/A,N/A,,,
Hiatus,"DMX at Gas Monkey Live, Dallas, TX, USA","1. We Right Here
2. Who We Be
3. One More Road to Cross
4. The Professional
5. Ruff Ryders' Anthem
6. Get It on the Floor
7. We Don’t Give a Fuck
8. How's It Goin' Down
9. Where the Hood At
10. Party Up (Up in Here)
11. It's All Good
12. What These Bitches Want
13. X Gon' Give It to Ya
14. Stop Being Greedy","Jun 11, 2016",Live Performance,N/A,N/A,,,
Hiatus,"DMX at Fox Theater Pomona, Pomona, CA, USA",Unknown.,"Jun 17, 2016",Live Performance,N/A,N/A,,,
Hiatus,"DMX at Mezzanine, San Francisco, CA, USA",Unknown.,"Jun 18, 2016",Live Performance,N/A,N/A,,,
Hiatus,"DMX at MassMutual Center, Springfield, MA, USA",Unknown.,"Jun 25, 2016",Live Performance,N/A,N/A,,,
Hiatus,DMX at Balaton Sound Festival 2016,Unknown.,"Jul 10, 2016",Live Performance,N/A,N/A,,,
Hiatus,"DMX at Westchester County Center, White Plains, NY, USA",Unknown.,"Jul 16, 2016",Live Performance,N/A,N/A,,,
Hiatus,"DMX at The Pressroom, Phoenix, AZ, USA",Unknown.,"Jul 23, 2016",Live Performance,N/A,N/A,,,
Hiatus,"DMX at The Howard Theatre, Washington, DC, USA",1. Ruff Ryders' Anthem,"Jul 28, 2016",Live Performance,N/A,N/A,,,
Hiatus,"DMX at Apollo Theater, New York, NY, USA",Unknown.,"Aug 5, 2016",Live Performance,N/A,N/A,,,
Hiatus,"DMX at Rochester Community Sports Complex, Rochester, NY, USA",Unknown.,"Aug 17, 2016",Live Performance,N/A,N/A,,,
Hiatus,"DMX at The Pressroom, Phoenix, AZ, USA",1. What These Bitches Want,"Aug 19, 2016",Live Performance,N/A,N/A,,,
Hiatus,"DMX at Macon Centreplex, Macon, GA, USA",Unknown.,"Aug 26, 2016",Live Performance,N/A,N/A,,,
Hiatus,"DMX at Jacksonville Veterans Memorial Arena, Jacksonville, FL, USA",Unknown.,"Aug 27, 2016",Live Performance,N/A,N/A,,,
Hiatus,"DMX at Columbus Civic Center, Columbus, GA, USA",Unknown.,"Sep 3, 2016",Live Performance,N/A,N/A,,,
Hiatus,"DMX at North Charleston Performing Arts Center, North Charleston, SC, USA",Unknown.,"Sep 10, 2016",Live Performance,N/A,N/A,,,
Hiatus,"DMX at Toyota Center, Houston, TX, USA","1. What's My Name?
2. What These Bitches Want
3. Get at Me Dog
4. Ruff Ryders' Anthem
5. Party Up (Up in Here)","Sep 15, 2016",Live Performance,N/A,N/A,,,
Hiatus,"DMX at U.S. Bank Arena, Cincinnati, OH, USA",Unknown.,"Sep 17, 2016",Live Performance,N/A,N/A,,,
Hiatus,"DMX at Time Warner Cable Arena, Charlotte, NC, USA",Unknown.,"Sep 20, 2016",Live Performance,N/A,N/A,,,
Hiatus,"DMX at MGM Grand Garden Arena, Las Vegas, NV, USA",Unknown.,"Oct 1, 2016",Live Performance,N/A,N/A,,,
Hiatus,"DMX at Drai's Beachclub & Nightclub, Las Vegas, NV, USA",Unknown.,"Oct 2, 2016",Live Performance,N/A,N/A,,,
Hiatus,"DMX at The Vogue, Indianapolis, IN, USA",Unknown.,"Oct 27, 2016",Live Performance,N/A,N/A,,,
Hiatus,"DMX at The Pourhouse, Minneapolis, MN, USA",Unknown.,"Oct 28, 2016",Live Performance,N/A,N/A,,,
Hiatus,"DMX at Toyota Presents the Oakdale Theatre, Wallingford, CT, USA",Unknown.,"Nov 18, 2016",Live Performance,N/A,N/A,,,
Hiatus,"DMX at B.B. King Blues Club & Grill, New York, NY, USA","1. We Right Here
2. Who We Be
3. One More Road to Cross
4. The Professional
5. Ruff Ryders' Anthem
6. Get It on the Floor
7. Get at Me Dog
8. Stop Being Greedy
9. Touch It (Remix)
10. How's It Goin' Down
11. It's All Good
12. What These Bitches Want
13. Where the Hood At
14. Party Up (Up in Here)
15. Slippin'
16. Prayer","Nov 23, 2016",Live Performance,N/A,N/A,,,
Hiatus,"DMX at Masonic Temple Theatre, Detroit, MI, USA",Unknown.,"Nov 26, 2016",Live Performance,N/A,N/A,,,
Hiatus,"DMX at Tacoma Dome, Tacoma, WA, USA",Unknown.,"Dec 16, 2016",Live Performance,N/A,N/A,,,
Hiatus,"DMX at Emporium, Bridgeport, CT, USA",Unknown.,"Dec 22, 2016",Live Performance,N/A,N/A,,,
Hiatus,"DMX at Cervantes Masterpiece Ballroom, Denver, CO, USA","1. It's All Good
2. Ruff Ryders' Anthem","Dec 23, 2016",Live Performance,N/A,N/A,,,
Hiatus,DMX at The Rap Show 2017,Unknown.,"Jan 14, 2017",Live Performance,N/A,N/A,,,
Hiatus,"DMX at Jim Whelan Boardwalk Hall, Atlantic City, NJ, USA",Unknown.,"Jan 15, 2017",Live Performance,N/A,N/A,,,
Hiatus,"DMX at Emporium, Bridgeport, CT, USA",Unknown.,"Jan 28, 2017",Live Performance,N/A,N/A,,,
Hiatus,"DMX at Emporium, Bridgeport, CT, USA",Unknown.,"Jan 29, 2017",Live Performance,N/A,N/A,,,
Hiatus,DMX at Soulquarius 2017,1. Ruff Ryders' Anthem,"Feb 18, 2017",Live Performance,N/A,N/A,,,
Hiatus,"DMX at B.B. King Blues Club & Grill, New York, NY, USA","1. Get at Me Dog
2. What's My Name?
3. Who We Be
4. Where the Hood At
5. Party Up (Up in Here)
6. Ruff Ryders' Anthem","Mar 10, 2017",Live Performance,N/A,N/A,,,
Hiatus,DMX at 9 Mile Music Festival 2017,Unknown.,"Mar 11, 2017",Live Performance,N/A,N/A,,,
Hiatus,"DMX at Hideout Sw, Washington, DC, USA",Unknown.,"Mar 17, 2017",Live Performance,N/A,N/A,,,
Hiatus,"DMX at Toad's Place, New Haven, CT, USA","1. Get It on the Floor
2. X Gon' Give It to Ya
3. Get at Me Dog
4. Ruff Ryders' Anthem","Mar 18, 2017",Live Performance,N/A,N/A,,,
Hiatus,"DMX at William A. Egan Civic & Convention Center, Anchorage, AK, USA",Unknown.,"Mar 31, 2017",Live Performance,N/A,N/A,,,
Hiatus,"DMX at The Theatre of Living Arts, Philadelphia, PA, USA","1. Ruff Ryders' Anthem
2. Party Up (Up in Here)
3. How's It Goin' Down
4. Get at Me Dog
5. Stop Being Greedy
6. Money, Power & Respect (The LOX cover)
7. Get It on the Floor
8. X Gon' Give It to Ya
9. One More Road to Cross
10. Slippin'
11. Where the Hood At
12. We Right Here
13. What's My Name?","Apr 7, 2017",Live Performance,N/A,N/A,,,
Hiatus,"DMX at BaseCamp, Lisle, IL, USA",Unknown.,"Apr 14, 2017",Live Performance,N/A,N/A,,,
Hiatus,"DMX at Barclays Center, Brooklyn, NY, USA","1. Some X Shit (Ruff Ryders song)
2. Ruff Ryders' Anthem
3. Get at Me Dog
4. Stop Being Greedy
5. Money, Power & Respect (The LOX cover)
6. What's My Name?","Apr 21, 2017",Live Performance,N/A,N/A,,,
Hiatus,"DMX at Premier Theater at Foxwoods, Mashantucket, CT, USA",Unknown.,"Apr 22, 2017",Live Performance,N/A,N/A,,,
Hiatus,"DMX at The Observatory, Santa Ana, CA, USA",Unknown.,"Apr 25, 2017",Live Performance,N/A,N/A,,,
Hiatus,"DMX at The Observatory North Park, San Diego, CA, USA",Unknown.,"Apr 27, 2017",Live Performance,N/A,N/A,,,
Hiatus,"DMX at The Howard Theatre, Washington, DC, USA",Unknown.,"May 18, 2017",Live Performance,N/A,N/A,,,
Hiatus,"DMX at The Orbit Room, Grand Rapids, MI, USA",Unknown.,"May 19, 2017",Live Performance,N/A,N/A,,,
Hiatus,DMX at Ship Show Music Festival 2017,Unknown.,"May 27, 2017",Live Performance,N/A,N/A,,,
Hiatus,"DMX at New Jersey Performing Arts Center, Newark, NJ, USA",Unknown.,"Jun 10, 2017",Live Performance,N/A,N/A,,,
Hiatus,DMX at Chaos in the Midwest 2017,Unknown.,"Jun 17, 2017",Live Performance,N/A,N/A,,,
Hiatus,"DMX at New Jersey Performing Arts Center, Newark, NJ, USA",Unknown.,"Jun 30, 2017",Live Performance,N/A,N/A,,,
Hiatus,DMX at Brooklyn Hip-Hop Festival 2017,Unknown.,"Jul 15, 2017",Live Performance,N/A,N/A,,,
Hiatus,"DMX at The Chicago Theatre, Chicago, IL, USA","1. Party Up (Up In Here)
2. Slippin'","Jul 22, 2017",Live Performance,N/A,N/A,,,
Hiatus,"DMX at Atlantic City Beach, Atlantic City, NJ, USA",Unknown.,"Aug 3, 2017",Live Performance,N/A,N/A,,,
Hiatus,"DMX at Park Theater at Monte Carlo Resort and Casino, Las Vegas, NV, USA",Unknown.,"Sep 30, 2017",Live Performance,N/A,N/A,,,
Hiatus,"DMX at Cervantes Masterpiece Ballroom, Denver, CO, USA","1. Ruff Ryders' Anthem
2. How's It Goin' Down
3. Slippin'","Oct 28, 2017",Live Performance,N/A,N/A,,,
Hiatus,"DMX at House of Blues, New Orleans, LA, USA",Unknown.,"Nov 18, 2017",Live Performance,N/A,N/A,,,
Hiatus,"DMX at Hell’s Kitchen Lounge, New York, NY, USA","1. Ruff Ryders' Anthem
2. Get It on the Floor
3. X Gon' Give It to Ya","Dec 7, 2017",Live Performance,N/A,N/A,,,
Hiatus,"DMX at Times Union Center, Albany, NY, USA",Unknown.,"Dec 8, 2017",Live Performance,N/A,N/A,,,
Hiatus,"DMX at Chaifetz Arena, St. Louis, MO, USA","1. We Right Here
2. Who We Be
3. Ruff Ryders' Anthem
4. What These Bitches Want
5. How's It Goin' Down
6. Get It on the Floor
7. Blood Red
8. Where the Hood At
9. Party Up (Up in Here)
10. Slippin'
11. Prayer","Jan 20, 2018",Live Performance,N/A,N/A,,,
Hiatus,"DMX at B.B. King Blues Club & Grill, New York, NY, USA","1. Ruff Ryders' Anthem
2. It's All Good
3. What These Bitches Want
4. Get at Me Dog
5. Stop Being Greedy
6. Money, Power & Respect (The LOX cover)","Jan 25, 2018",Live Performance,N/A,N/A,,,
Hiatus,"DMX at The Theatre of Living Arts, Philadelphia, PA, USA",Unknown.,"Jan 27, 2018",Live Performance,N/A,N/A,,,
Hiatus,"DMX at The Howard Theatre, Washington, DC, USA",Unknown.,"Jan 28, 2018",Live Performance,N/A,N/A,,,
Hiatus,"DMX at The Chance, Bridgeport, CT, USA",Unknown.,"Feb 10, 2018",Live Performance,N/A,N/A,,,
Hiatus,"DMX at Santander Arena, Reading, PA, USA",Unknown.,"Mar 3, 2018",Live Performance,N/A,N/A,,,
Hiatus,"DMX at Fitzgerald’s, Charlotte, NC, USA",Unknown.,"Feb 17, 2019",Live Performance,N/A,N/A,,,
Hiatus,"DMX at Oklahoma City Farmers Public Market, Oklahoma City, OK, USA","1. We Right Here
2. Party Up (Up in Here)
3. One More Road to Cross","Mar 8, 2019",Live Performance,N/A,N/A,,,
Hiatus,"DMX at The Complex, Springfield, MO, USA",Unknown.,"Mar 9, 2019",Live Performance,N/A,N/A,,,
Hiatus,"DMX at The Citadel Music Hall, Indianapolis, IN, USA","1. Intro
2. We Right Here
3. Slippin'
4. It's All Good
5. Party Up (Up in Here)
6. Where the Hood At
7. Get It on the Floor
8. Get at Me Dog
9. Stop Being Greedy
10. Money, Power & Respect (The LOX cover)
11. What These Bitches Want
12. Prayer
13. Slippin'","Mar 10, 2019",Live Performance,N/A,N/A,,,
Hiatus,"DMX at Brooklyn Bowl, Brooklyn, NY, USA",Unknown.,"Mar 29, 2019",Live Performance,N/A,N/A,,,
Hiatus,"DMX at Irving Plaza, New York, NY, USA","1. Intro
2. We Right Here
3. Who We Be
4. One More Road to Cross
5. The Professional
6. Ruff Ryders' Anthem
7. Get It on the Floor
8. Get at Me Dog
9. Stop Being Greedy
10. Money, Power & Respect (The LOX cover)
11. What's My Name?
12. How's It Goin' Down
13. It's All Good
14. What These Bitches Want
15. Where the Hood At
16. Party Up (Up in Here)
17. Slippin'
18. Lord Give Me a Sign
19. Prayer","Apr 1, 2019",Live Performance,N/A,N/A,,,
Hiatus,"DMX at House of Blues, Boston, MA, USA","1. Intro
2. Ruff Ryders' Anthem
3. We Right Here
4. Slippin'
5. Prayer
6. It's All Good","Apr 3, 2019",Live Performance,N/A,N/A,,,
Hiatus,"DMX at Upstate Concert Hall, Springfield, MA, USA",Unknown.,"Apr 4, 2019",Live Performance,N/A,N/A,,,
Hiatus,"DMX at Irving Plaza, New York, NY, USA","1. Intro
2. We Right Here
3. Who We Be
4. One More Road to Cross
5. The Professional
6. Ruff Ryders' Anthem
7. Get It on the Floor
8. Get at Me Dog
9. Stop Being Greedy
10. Money, Power & Respect (The LOX cover)
11. What's My Name?
12. How's It Goin' Down
13. It's All Good
14. What These Bitches Want
15. Where the Hood At
16. Party Up (Up in Here)
17. Slippin'
18. Prayer","Apr 5, 2019",Live Performance,N/A,N/A,,,
Hiatus,"DMX at The Theatre of Living Arts, Philadelphia, PA, USA","1. Intro
2. We Right Here
3. Who We Be
4. One More Road to Cross
5. The Professional
6. Ruff Ryders' Anthem
7. Get It on the Floor
8. Get at Me Dog
9. Stop Being Greedy
10. Money, Power & Respect (The LOX cover)
11. What's My Name?
12. How's It Goin' Down
13. It's All Good
14. What These Bitches Want
15. Where the Hood At
16. Party Up (Up in Here)
17. Slippin'
18. Prayer","Apr 6, 2019",Live Performance,N/A,N/A,,,
Hiatus,"DMX at Club Vandome, New Haven, CT, USA",Unknown.,"Apr 6, 2019",Live Performance,N/A,N/A,,,
Hiatus,"DMX at The Fillmore Silver Spring, Silver Spring, MD, USA",1. Ruff Ryders' Anthem,"Apr 7, 2019",Live Performance,N/A,N/A,,,
Hiatus,"DMX at World Nightclub, Charlotte, NC, USA",Unknown.,"Apr 9, 2019",Live Performance,N/A,N/A,,,
Hiatus,"DMX at Revolution Live, Fort Lauderdale, FL, USA","1. We Right Here
2. Ruff Ryders' Anthem
3. One More Road to Cross","Apr 10, 2019",Live Performance,N/A,N/A,,,
Hiatus,"DMX at The Ritz Ybor, Tampa, FL, USA",1. Slippin' ,"Apr 11, 2019",Live Performance,N/A,N/A,,,
Hiatus,"DMX at Tabernacle, Atlanta, GA, USA","1. Party Up (Up in Here)
2. It's All Good
3. Ruff Ryders' Anthem
4. Get at Me Dog
5. Slippin'
6. What These Bitches Want
7. X Gon' Give It to Ya
8. Get It on the Floor
9. What's My Name?
10. Where the Hood At","Apr 12, 2019",Live Performance,N/A,N/A,,,
Hiatus,"DMX at House of Blues, New Orleans, LA, USA",Unknown.,"Apr 13, 2019",Live Performance,N/A,N/A,,,
Hiatus,"DMX at House of Blues, Houston, TX, USA","1. Intro
2. We Right Here
3. Who We Be
4. X Gon' Give It to Ya
5. Get It on the Floor
6. Where the Hood At
7. What These Bitches Want
8. Get at Me Dog
9. Stop Being Greedy
10. Ruff Ryders' Anthem
11. What's My Name?
12. Swang (Trae cover) (with Trae)","Apr 14, 2019",Live Performance,N/A,N/A,,,
Hiatus,"DMX at House of Blues, Dallas, TX, USA","1. Ruff Ryders' Anthem
2. Slippin'","Apr 15, 2019",Live Performance,N/A,N/A,,,
Hiatus,"DMX at El Rey Theater, Albuquerque, NM, USA",Unknown.,"Apr 17, 2019",Live Performance,N/A,N/A,,,
Hiatus,"DMX at The Van Buren, Phoenix, AZ, USA","1. Intro
2. Ruff Ryders' Anthem
3. One More Road to Cross
4. Get It on the Floor
5. Get at Me Dog
6. Stop Being Greedy
7. What These Bitches Want
8. Where the Hood At
9. X Gon' Give It to Ya
10. Party Up (Up in Here)
11. Slippin'","Apr 18, 2019",Live Performance,N/A,N/A,,,
Hiatus,"DMX at House of Blues, San Diego, CA, USA",Unknown.,"Apr 19, 2019",Live Performance,N/A,N/A,,,
Hiatus,"DMX at House of Blues, Anaheim, CA, USA","1. Intro
2. We Right Here
3. Who We Be
4. One More Road to Cross
5. The Professional
6. Ruff Ryders' Anthem
7. Get It on the Floor
8. Get at Me Dog
9. Stop Being Greedy
10. What's My Name?
11. How's It Goin' Down
12. It's All Good
13. What These Bitches Want
14. X Gon' Give It to Ya
15. Where the Hood At
16. Party Up (Up in Here)
17. Slippin'
18. Prayer","Apr 20, 2019",Live Performance,N/A,N/A,,,
Hiatus,"DMX at The UC Theatre Taube Family Music Hall, Berkeley, CA, USA","1. Intro
2. Ruff Ryders' Anthem
3. Slippin'
4. What's My Name?
5. X Gon' Give It to Ya
6. One More Road to Cross
7. Prayer
8. The Professional
9. We Right Here
10. Stop Being Greedy
11. Money, Power & Respect (The LOX cover)
12. It's All Good
13. How's It Goin' Down
14. What These Bitches Want
15. Who We Be
16. Get It on the Floor
17. Where the Hood At","Apr 21, 2019",Live Performance,N/A,N/A,,,
Hiatus,"DMX at Roseland Theater, Portland, OR, USA",Unknown.,"Apr 23, 2019",Live Performance,N/A,N/A,,,
Hiatus,"DMX at El Corazón, Seattle, WA, USA",1. Ruff Ryders' Anthem,"Apr 24, 2019",Live Performance,N/A,N/A,,,
Hiatus,"DMX at The Complex, Salt Lake City, UT, USA",Unknown.,"Apr 26, 2019",Live Performance,N/A,N/A,,,
Hiatus,"DMX at Summit Music Hall, Denver, CO, USA","1. Intro
2. We Right Here
3. Who We Be
4. One More Road to Cross
5. Ruff Ryders' Anthem
6. Get It on the Floor
7. Get at Me Dog
8. What's My Name?
9. How's It Goin' Down
10. It's All Good
11. What These Bitches Want
12. Where the Hood At
13. X Gon' Give It to Ya
14. Party Up (Up in Here)
15. Slippin'
16. Prayer","Apr 27, 2019",Live Performance,N/A,N/A,,,
Hiatus,"DMX at Granada Theater, Lawrence, KS, USA",Unknown.,"Apr 28, 2019",Live Performance,N/A,N/A,,,
Hiatus,"DMX at Pop's, Sauget, IL, USA","1. We Right Here
2. Who We Be
3. One More Road to Cross
4. The Professional
5. Get It on the Floor
6. It's All Good
7. What These Bitches Want
8. Get at Me Dog
9. Stop Being Greedy
10. How's It Goin' Down
11. Ruff Ryders' Anthem
12. What's My Name?
13. Money, Power & Respect (The LOX cover)
14. Where the Hood At
15. X Gon' Give It to Ya
16. Party Up (Up in Here)
17. Slippin'","Apr 30, 2019",Live Performance,N/A,N/A,,,
Hiatus,"DMX at Wooly's, Des Moines, IA, USA",Unknown.,"May 1, 2019",Live Performance,N/A,N/A,,,
Hiatus,"DMX at 20 Monroe Live, Grand Rapids, MI, USA",Unknown.,"May 2, 2019",Live Performance,N/A,N/A,,,
Hiatus,"DMX at Saint Andrew's Hall, Detroit, MI, USA",Unknown.,"May 3, 2019",Live Performance,N/A,N/A,,,
Hiatus,"DMX at House of Blues, Chicago, IL, USA","1. Ruff Ryders' Anthem
2. Where the Hood At
3. X Gon' Give It to Ya
4. Party Up (Up in Here)
5. How's It Goin' Down
6. It's All Good","May 4, 2019",Live Performance,N/A,N/A,,,
Hiatus,"DMX at House of Blues, Cleveland, OH, USA","1. Intro
2. We Right Here
3. Who We Be
4. One More Road to Cross
5. Ruff Ryders' Anthem
6. My Niggas
7. Get It on the Floor
8. Get at Me Dog
9. Stop Being Greedy
10. Money, Power & Respect (The LOX cover)
11. What's My Name?
12. How's It Goin' Down
13. It's All Good
14. What These Bitches Want
15. Where the Hood At
16. X Gon' Give It to Ya
17. Party Up (Up in Here)
18. Slippin'
19. Prayer","May 5, 2019",Live Performance,N/A,N/A,,,
Hiatus,"DMX at Foxtail, Pittsburgh, PA, USA",Unknown.,"May 7, 2019",Live Performance,N/A,N/A,,,
Hiatus,"DMX at The Theatre of Living Arts, Philadelphia, PA, USA","1. Intro
2. We Right Here
3. Who We Be
4. One More Road to Cross
5. Ruff Ryders' Anthem
6. My Niggas
7. Get It on the Floor
8. Get at Me Dog
9. Stop Being Greedy
10. Money, Power & Respect (The LOX cover)
11. What's My Name?
12. How's It Goin' Down
13. It's All Good
14. What These Bitches Want
15. Where the Hood At
16. X Gon' Give It to Ya
17. Party Up (Up in Here)
18. Slippin'
19. Prayer","May 9, 2019",Live Performance,N/A,N/A,,,
Hiatus,DMX at Rolling Loud Festival 2019,"1. We Right Here
2. Ruff Ryders' Anthem
3. Get It on the Floor
4. Where the Hood At
5. X Gon' Give It to Ya
6. Party Up (Up in Here)","May 12, 2019",Live Performance,N/A,N/A,,,
Hiatus,"DMX at Ocean Casino Resort, Atlantic City, NJ, USA",Unknown.,"May 17, 2019",Live Performance,N/A,N/A,,,
Hiatus,"DMX at Sellersville Theater, Sellersville, PA, USA",Unknown.,"May 24, 2019",Live Performance,N/A,N/A,,,
Hiatus,DMX at Soundset 2019,"1. We Right Here
2. Who We Be
3. One More Road to Cross
4. The Professional
5. Ruff Ryders' Anthem
6. Get It on the Floor
7. Get at Me Dog
8. Money, Power & Respect (The LOX cover)
9. What's My Name?
10. How's It Goin' Down
11. It's All Good
12. What These Bitches Want
13. Where the Hood At
14. X Gon' Give It to Ya
15. Party Up (Up in Here)
16. Slippin' (Followed by a prayer)","May 26, 2019",Live Performance,N/A,N/A,,,
Hiatus,"DMX at The Bourbon Hall, Louisville, KY, USA",Unknown.,"Jun 7, 2019",Live Performance,N/A,N/A,,,
Hiatus,"DMX at EXPRESS LIVE!, Columbus, OH, USA",Ruff Ryders' Anthem,"Jun 8, 2019",Live Performance,N/A,N/A,,,
Hiatus,"DMX at The Chance, Bridgeport, CT, USA",Unknown.,"Jun 21, 2019",Live Performance,N/A,N/A,,,
Hiatus,"DMX at Barclays Center, Brooklyn, NY, USA","1. Intro
2. Ruff Ryders' Anthem","Jun 27, 2019",Live Performance,N/A,N/A,,,
Hiatus,DMX at Once Upon a Time in the LBC 2019,Unknown.,"Jul 27, 2019",Live Performance,N/A,N/A,,,
Hiatus,DMX at Once Upon a Time in the LBC 2019,Unknown.,"Jul 28, 2019",Live Performance,N/A,N/A,,,
Hiatus,DMX at Morrison Avenue Festival 2019,"1. Ruff Ryders' Anthem
2. What These Bitches Want
3. X Gon' Give It to Ya
4. Party Up (Up in Here)","Aug 17, 2019",Live Performance,N/A,N/A,,,
Hiatus,DMX at Blue Ridge Rock Festival 2019,"1. We Right Here
2. Who We Be
3. Ruff Ryders' Anthem
4. Get It on the Floor
5. Get at Me Dog
6. Stop Being Greedy
7. Money, Power & Respect (The LOX cover)
8. What's My Name?
9. It's All Good
10. What These Bitches Want
11. Where the Hood At
12. X Gon' Give It to Ya
13. Party Up (Up in Here)
14. Slippin'","Sep 7, 2019",Live Performance,N/A,N/A,,,
Hiatus,DMX at ONE MusicFest 2019,Unknown.,"Sep 8, 2019",Live Performance,N/A,N/A,,,
Hiatus,"DMX at Toad's Place, New Haven, CT, USA",Unknown.,"Sep 20, 2019",Live Performance,N/A,N/A,,,
Hiatus,"DMX at BB&T Pavilion, Camden, NJ, USA",Unknown.,"Sep 28, 2019",Live Performance,N/A,N/A,,,
Hiatus,"DMX at Lava Cantina, The Colony, TX, USA",Unknown.,"Oct 3, 2019",Live Performance,N/A,N/A,,,
Hiatus,"DMX at Landers Center, Southaven, MS, USA",Unknown.,"Oct 12, 2019",Live Performance,N/A,N/A,,,
Hiatus,DMX at Rolling Loud New York 2019,"1. Ruff Ryders' Anthem
2. Party Up (Up in Here)
3. Get It on the Floor
4. Where the Hood At","Oct 13, 2019",Live Performance,N/A,N/A,,,
Hiatus,"DMX at The S.P.O.T., Azalea Park, FL, USA",Unknown.,"Oct 18, 2019",Live Performance,N/A,N/A,,,
Hiatus,DMX at LOTOS Music Festival 2019,Unknown.,"Nov 16, 2019",Live Performance,N/A,N/A,,,
Hiatus,"DMX at Mission Ballroom, Denver, CO, USA",Unknown.,"Nov 27, 2019",Live Performance,N/A,N/A,,,
Hiatus,DMX at V101 Holiday Jam 2019,1. Ruff Ryders' Anthem,"Dec 7, 2019",Live Performance,N/A,N/A,,,
Hiatus,DMX at Loud Records 25th Anniversary Concert,1. Ruff Ryders' Anthem,"Jan 30, 2020",Live Performance,N/A,N/A,,,
Hiatus,DMX at The Heart of Hip Hop 2020,"1. Ruff Ryders' Anthem
2. What's My Name?
3. Party Up (Up in Here)","Feb 15, 2020",Live Performance,N/A,N/A,,,
Hiatus,DMX at VERZUZ Battle: DMX Vs. Snoop Dogg,"1. Intro
2. What's My Name?
3. Get at Me Dog
4. Some X Shit (Ruff Ryders song)
5. Stop Being Greedy
6. Money, Cash, Hoes (JAY‐Z cover)
7. Come Back in One Piece (Aaliyah cover)
8. X Gon' Give It to Ya
9. Who We Be
10. Get It on the Floor
11. Fuckin' Wit' D
12. What These Bitches Want
13. How's It Goin' Down
14. It's All Good
15. Slippin'
16. Niggaz Done Started Something
17. 4, 3, 2 ,1 (LL Cool J Cover)
18. Money, Power & Respect (The LOX cover)
19. Ruff Ryders' Anthem
20. Party Up (Up in Here)
21. Where the Hood At
22. (Unknown Freestyle Battle After The Show)","Jul 22, 2020",Live Performance,N/A,N/A,,,
,"Exodus
(1st Posthumous Album)","(7/22/2020) (DMX appears at Verzuz with Snoop Dogg)
(4/9/2021) (DMX passes away after a drug overdose which left him hospitalisted for a week)
(5/28/2021) (Exodus releases posthumously)",,,,,,,
,Music Videos,,,,,,,,
Exodus,Hood Blues [Music Video],The Official music video.,,Music Video,Full,Full CDQ,https://www.youtube.com/watch?v=HsGjTld4MTs,,
Exodus,The LOX - Bout Shit [Music Video],The Official music video.,,Music Video,Full,Full CDQ,https://www.youtube.com/watch?v=EzaFvOOHX00,,
,Live Performances,,,,,,,,
Exodus,"DMX at Racket, Miami, FL, USA","1. What These Bitches Want
2. Why We Die (Busta Rhymes feat. DMX & Jay-Z cover)","Feb 11, 2021",Live Performance,N/A,N/A,,,
Exodus,DMX at NBA All-Star Weekend 2021,"1. Where My Dogs At
2. My Niggas
3. It's All Good
4. Party Up (Up in Here)
5. What These Bitches Want
6. Ruff Ryders' Anthem","Mar 6, 2021",Live Performance,N/A,N/A,,,
,"DMX Features
(2nd Posthumous Album)","(5/28/2021) (Exodus releses posthomoustly)
(5/30/2025) (DMX Features is announced)",,,,,,,
,Music Videos,,,,,,,,
DMX Features,Five Finger Death Punch - This Is The Way [Music Video],The Official music video.,,Music Video,Full,Full CDQ,https://www.youtube.com/watch?v=BjK2lPBzGzo,,
,Never Recorded,,,,,,,,
DMX Features,,,,,Never Recorded,N/A,,,
,Live Performances,,,,,,,,
DMX Features,He died before this era started 😭,😭😭😭😭😭😭😭😭😭😭😭😭😭😭😭😭😭😭😭😭😭😭😭😭😭😭😭😭😭😭😭😭😭😭😭😭😭😭,,Live Performance,N/A,N/A,,,
,Other,,,,,,,,
DMX Features,,,,,Full HQ,Yes,,,
#N/A,Unknown Era,"(12/18/1970) (Earl Simmons is born)
(5/30/2025) (DMX Features is announced)",,,,,,,
Unknown Era,,,,,Full CDQ,Full CDQ,,,
Unknown Era,,,,,Full CDQ,Yes,,,
