Year,YearTotal,Era,Name,Content,Price,Start,End,Type,Status,Link
2026,,Watch The Throne,Living So Italian,"Living So Italian

Living So Italian
H·A·M Session
2x Primetime Demos
Gotta Have It Demo
All The Time (September 2008 version)

1x Ty$ x Young Thug [$4500 Paid]
19x Blind Juice WRLD OG Files [$5000 Paid]
Pi'erre Bourne Produced Song [$5000 Paid]
2x Mac Miller Demos [$5500 Paid]
The Game - Gang Signs (feat. Ed Sheeran & Rick Ross) [$7000 paid]
Selah (ref. Sia) [$7500 Paid]
Jason Derulo - I'm Fucking You [$9500 Paid]
Jim Legxacy - New Mercedes [$10,000]
Not Inclusive (Ty verse) [$12,000 Paid]
Akon - She Know [$13,000 Paid]
Gun To My Head (ref. Fre$h) [$14,000]
City Girls feat. The Game [$15,000 Paid]
2x Jesus Walks Multitracks [$15,000 Paid]
Field Trip (ref. Fre$h) [$16,000 Paid]
LIFESIZE Freestyle [$18,000 Paid
Ski x YG [$18,000 Paid]
Ken Carson - Green Room (Session) [$19,000 Paid]
Live From Cody [$20,000 Paid]
Hood Rat Freestyle [$22,000 Paid]
Airplane Mode 2 [$23,000 Paid]","$23,000","Sep 21, 2026","Sep 24, 2026",Normal,Yes,"https://imgur.gg/f/A6wzG24 
https://imgur.gg/f/gkjdL05  
https://imgur.gg/f/Ks7p5tc 
https://imgur.gg/f/lR5rVVj"
2026,,Multi-Era,Ant Clemons VULTURES Bundle,"Ant Clemons VULTURES Bundle

LIFESTYLE (with Ye verses)
2x LIFESTYLE (ref. Ant Clemons)
Promotion (ref. Ant Clemons)
Don't Kill The Party (ref. Ant Clemons)
Everything (ref. Ant Clemons)
Everything (feat. Ant Clemons)
Bad Bitch Playbook (ref. Ant Clemons)
Everybody (ref. CyHi)
2x Paid (ref. Ant Clemons)
Amazing (feat. Ant Clemons)","$3,300","Jun 17, 2026","Jun 28, 2026",Normal,Yes,"https://imgur.gg/f/OWSQkeG
https://imgur.gg/f/rp0PnYD
https://imgur.gg/f/tIVnXof
https://imgur.gg/f/tGu79Vl
https://imgur.gg/f/cezn95u
https://imgur.gg/f/WIK9dAt
https://imgur.gg/f/ZOCKtrZ
https://imgur.gg/f/nmYR1AT
https://imgur.gg/f/03jc4F6"
2026,,WAR,Rest Of Your Life,Rest Of Your Life,$750,"Jun 7, 2026","Jun 10, 2026",Normal,Yes,https://imgur.gg/f/g1db3Ca
2026,,IN A PERFECT WORLD,IN A PERFECT WORLD Bundle,"IN A PERFECT WORLD Bundle

JESUS (AI Ye Version)
JESUS (ref. The WRLDFMS Tony Williams)
SHE LOVE YE N JESUS (AI Ye Version)
SHE LOVE YE N JESUS (ref. The WRLDFMS Tony Williams)
ALL IN LOVE (ref. The WRLDFMS Tony Williams)
UNCLE
BEHOLD
SISTERS BROTHERS (feat. King Combs)
DAMN (ref. The WRLDFMS Tony Williams)","$1,700","Jun 2, 2026","Jun 4, 2026",Normal,Yes,"https://imgur.gg/f/ZJnwa60
https://imgur.gg/f/GTX9EFG 
https://imgur.gg/f/BmsODUS 
https://imgur.gg/f/7CsmwJX 
https://imgur.gg/f/MiLyv1A 
https://imgur.gg/f/RIN9NMj 
https://imgur.gg/f/XPmk6rK 
https://imgur.gg/f/Hwdq1Yt"
2026,,Multi-Era,Lord I Need You Bundle,"Lord I Need You Bundle

Lord I Need You (new freestyle)
?x Lord I Need You (feat. The WRLDFMS Tony Williams)
Lord I Need You (Pro-Life outro speech)
Lord I Need You (Buju Banton & SAINt JHN version)
Lord I Need You (ref. The WRLDFMS Tony Williams)
Lord I Need You (re-record using parts of ""Water Remix"")
Lord I Need You (Dem Jointz version)
Lord I Need You (ref. Conway The Machine)
?x Lord I Need You (ref. CyHi)
?x Lord I Need You (ref. Consequence)
Lord I Need You (ref. KayCyy)
Lord I Need You (iTunes tracklist version)
?x Lord I Need You (ref. Victory Boyd)
Lord I Need You (ref. Greg)
Lord I Need You (ref. The-Dream)
Lord I Need You (ref. Kei Landa)
Lord I Need You (Francis and the Lights version)
Lord I Need You (Ye singing Tony's part)
Lord I Need You (ref. Israel Boyd)
Lord I Need You (version made for Dr. Dre)
Lord I Need You (ref. Really Doe)
Lord I Need You (feat. Travis Scott)
Lord I Need You (Reuses verse from ""Welcome To My Life"")
?x Lord I Need You (alt prod)
Lord I Need You (stems & sessions)

AWAKENING BUNDLE [$1500 Paid]
Awakening (ref. Peter Collins) [$1500 Paid]
Awakening (prod. Federico Vindver) [$1500 Paid]
Awakening (New Kanye Freestyle) [$1500 Paid]
Awakening (Rebounces) [$1500 Paid]

BWIS BUNDLE
Believe What I Say (ref. Arrowstar) [$1500 Paid]
More Than Often (First Buju Banton version) [$1750 Paid]
Believe What I Say (ref. KayCyy) [$2000 Paid]
More Than Often (SAINt JHN freestyle) [$2250 Paid]
More Than Often (Original Ye Freestyle w/ SAINt JHN & Buju) [$2500 Paid]
Believe What I Say (Session) [$3000 Paid]

POMERANIAN BUNDLE [$3000 Paid]
Pomeranian (Ye Freestyle)
Pomeranian (2x Sean Leon Refs)

(TIMED BONUS) Gypsy (Ye Freestyle) [$2000 Paid]
(TIMED BONUS) Blind 2025 Song (2 BULLY voice memos) [$3000 Paid]","$3,000","Apr 29, 2026","May 16, 2026",Normal,Yes,"https://imgur.gg/f/v3W4BGb
https://imgur.gg/f/l3kF0sm
https://imgur.gg/f/yW7klpt
https://imgur.gg/f/CV4vl9O
https://imgur.gg/f/kgEbkS6
https://imgur.gg/f/IBPARC2
https://imgur.gg/f/jJ0MXfW
https://imgur.gg/f/ty4BTYf"
2026,,God's Country,Fighting Fires Bundle,"Fighting Fires Bundle

My Soul (New freestyle)
3x Fighting Fires (New freestyle/alt prod)
Fighting Fires (re-record of the ""Jesus come and take control"" section)
Fighting Fires (Studio voice memo)
Fighting Fires (ref. Lex James)
2x Fighting Fires (ref. Kaycyy)
Fighting Fires (ref. Rhymefest)
Fighting Fires (ref. Peter Collins)
Fighting Fires (ref. Anjolee)
Fighting Fires (ref. Calabasas)
2x Fighting Fires (Stems)
Fighting Fires (Pro Tools session)
33x Fighting Fires (Alt prod/alt mixes)

Mezzo (Closed For Business freestyle) [$700 Paid]
Victory [$1,000 Paid]
Blind ¥$ Tracklist Song (Holy Mountain) [$2,000 Paid]","$2,000","Apr 21, 2026","Apr 27, 2026",Normal,Yes,"https://imgur.gg/f/gVv6zcy
https://imgur.gg/f/pdowrL5
https://imgur.gg/f/x1LRf7t"
2026,,Multi-Era,All Dreams Real Bundle,"All Dreams Real Bundle

All Dreams Real (New JESUS IS KING era verse)
All Dreams Real (one verse only)
2x All Dreams Real (ref. Pusha T)
2x All Dreams Real (ref. CyHi)
All Dreams Real (ref. Sean Leon & J. Ivy)
All Dreams Real (ref. Consequence)
 2x All Dreams Real (Alt prod)
4x All Dreams Real (Loop)","$1,200","Apr 16, 2026","Apr 18, 2026",Normal,Yes,"https://imgur.gg/f/cowaKKc
https://imgur.gg/f/GFq0Ado
https://imgur.gg/f/JkfNh9L"
2026,,DONDA [V1],Precious Bundle,"Precious Bundle

Stay On Em/Precious (iTunes tracklist version)
Precious (iTunes tracklist version with SSC drummers)
Precious/Stay On Me (No punchins + re-recorded lines)
Precious/Stay On Em (More re-recorded lines)
Precious (More new lines + new sample)
Precious/Stay On Em (OG File that was renamed to ""With Child"")
Precious (ref. Ju Delgato)
Precious (6 minute freestyle)
Precious (Tank Barn freestyle 1)
Precious (Tank Barn freestyle 2)
Precious/Stay On Em (95% finished second verse)
Precious (OG beat)
Precious (OG loop)
Precious (Instrumental)
Precious (prod. E.VAX)
Precious (Alt Mix)
New Years TL Version (Stems)","$3,000","Mar 20, 2026","Mar 27, 2026",Normal,Yes,"https://imgur.gg/f/y3zpRjR
https://imgur.gg/f/Lmax3zR
https://imgur.gg/f/2u4cjTG"
2026,,SWISH,Blind SWISH Song,"Blind SWISH Song

Over",$300,"Mar 16, 2026","Mar 20, 2026",Blind,No,N/A
2026,,IN A PERFECT WORLD,The Game - 40 Nights,"The Game - 40 Nights

The Game - 40 Nights (feat. Ye)

PROMOTION (prod. Deaton Chris Anthony)
Wake The Dead (ref. Really Doe)","$1,000","Mar 12, 2026","Mar 13, 2026",Normal,Yes,https://imgur.gg/f/jkHfj4L
2026,,So Help Me God,How You Feeling,"How You Feeling

How You Feeling

Field Trip (Wes & Tay alt prod) [$1000 paid]","$1,200","Mar 6, 2026","Mar 7, 2026",Normal,Yes,https://imgur.gg/f/7wd70CX
2026,,So Help Me God,How You Feeling,How You Feeling,"$2,000","Mar 2, 2026","Mar 6, 2026",Normal,Reworked,https://imgur.gg/f/7wd70CX
2026,,JESUS IS KING,Wake The Dead Clipse Bundle,"Wake The Dead Clipse Bundle

3x Wake The Dead (ref. Pusha T)
2x Wake The Dead (ref. Clipse)
Wake The Dead (ref. Malice)",$350,"Feb 24, 2026","Feb 24, 2026",Normal,Yes,N/A
2026,,JESUS IS KING,Wake The Dead Bundle,"Wake The Dead Bundle

3x Wake The Dead (ref. Pusha T)
2x Wake The Dead (ref. Clipse)
Wake The Dead (ref. Malice)
Wake The Dead (Alt Ye freestyle)",$800,"Feb 23, 2026","Feb 24, 2026",Normal,Reworked,N/A
2026,,VULTURES 2,FIELD TRIP + TIME MOVING SLOW,"FIELD TRIP + TIME MOVING SLOW

FIELD TRIP (Wes x tay)
TIME MOVING SLOW (Wes x tay)",$250,"Feb 22, 2026","Feb 23, 2026",Normal,Yes,N/A
2026,,VULTURES 2,SO SOON,SO SOON,$700,"Feb 20, 2026","Feb 21, 2026",Normal,Yes,"https://imgur.gg/f/oZXWsiY
https://imgur.gg/f/ct9p9Zp"
2026,,DONDA 2 [V1],Albe Back - River,"Albe Back - River

Albe Back - River (ref. Rhymefest)
Albe Back - River (Stems)",$200,"Feb 18, 2026","Feb 18, 2026",Normal,Yes,N/A
2026,,DONDA 2 [V1],John Cunningham Donda 2 Folder,"John Cunningham Donda 2 Folder

John Cunningham Donda 2 Folder (~20GB of unleaked content) [Files were removed]","$2,000","Feb 16, 2026","Feb 18, 2026",Blind,Yes,N/A
2026,,DONDA 2 [V1],John Cunningham Donda 2 Folder,"John Cunningham Donda 2 Folder

John Cunningham Donda 2 Folder (~130GB of content)","$5,000","Feb 15, 2026","Feb 16, 2026",Blind,Reworked,N/A
2026,,DONDA 2 [V1],Donda 2 Bundle,"Donda 2 Bundle

True Love (ref. Fat Money)
Keep It Burnin (prod. E.VAX)
Security (prod. E.VAX)
Keep It Burnin (prod. Ojivolta + Instrumental)
Tell My Therapist (ref. VIC MENSA)
Crash Test (ref. VIC MENSA)
True Love (ref. Don Toliver)
True Love (ref. Moneybagg Yo)
Keep It Burnin (ref. Strick)
Sci Fi (ref. Shenseea)
Mr. Miyagi (Writers ref)
Louie Bags (ref. Albe Back)
Keep It Burnin (Donda Speech Intro)
Security (Writers ref)
Too Easy (ref. DaBaby acapella)
Mr. Miyagi (prod. 88-Keys)
Pablo (OG beat + Stems)
Keep It Burnin (OG beat + Stems)
Say More (ref. Albe Back + Sessions)
River (Ref. Albe Back & Rhymefest + Sessions)
Blue Denim (Instrumental)
4x Beach House Alts

First Time In A Long Time (ref. Fat Money) (Session) [$300 Paid]","$1,500","Feb 13, 2026","Feb 15, 2026",Normal,No,N/A
2026,,JESUS IS KING,2x Prayer,"2x Prayer

Prayer (ref. Momo Boyd)
Prayer (Alt production)",$450,"Feb 11, 2026","Feb 14, 2026",Normal,No,N/A
2026,,Multi-Era,5x CUCK Alts + IRKO BULLY Copy + The Download Interview,"5x CUCK Alts + IRKO BULLY Copy + The Download Interview

COSBY
NITROUS
UNCLE
HEIL HITLER
TOOK MY KIDS

IRKO-mix copy of BULLY

The Download Interview w/ unused footage",$950,"Feb 9, 2026","Feb 11, 2026",Blind,Yes,N/A
2026,,CUCK,5x CUCK Alts,"5x CUCK Alts

COSBY
NITROUS
UNCLE
HEIL HITLER
TOOK MY KIDS",$450,"Feb 8, 2026","Feb 9, 2026",Blind,Reworked,N/A
2026,,YEBU,James Blake - Let It In,James Blake - Let It In,"$1,000","Feb 6, 2026","Feb 7, 2026",Normal,Yes,https://imgur.gg/f/j9HaXZy
2026,,JESUS IS KING,2x Free & Ooh Child,"2x Free & Ooh Child

Free
Free (Ref. Rhymfest)
Ooh Child",$160,"Feb 5, 2026","Feb 6, 2026",Normal,Yes,"https://imgur.gg/f/IJkXQGX
https://imgur.gg/f/DFRHKuv"
2026,,JESUS IS KING,2x Free,"2x Free

Free
Free (Ref. Rhymfest)",$200,"Feb 3, 2026","Feb 6, 2026",Normal,Reworked,"https://imgur.gg/f/IJkXQGX
https://imgur.gg/f/DFRHKuv"
2026,,DONDA 2 [V1],Eazy Pack,"Eazy Pack

3x Release Ready Eazy Alts",$500,"Jan 24, 2026","Jan 28, 2026",Normal,Yes,https://imgur.gg/f/q2DljY6
2026,,DONDA 2 [V1],Eazy Pack,"Eazy Pack

3x Release Ready Eazy Alts",$500,"Jan 21, 2026","Jan 22, 2026",Normal,No,https://imgur.gg/f/q2DljY6
2026,,¥$,Fear + Nice To Meet You,"Fear + Nice To Meet You

Fear
Nice To Meet You","$1,300","Jan 18, 2026","Jan 18, 2026",Blind,Yes,N/A
2026,,¥$,Fear + Nice To Meet You,"Fear + Nice To Meet You

Fear
Nice To Meet You","$1,600","Jan 16, 2026","Jan 18, 2026",Blind,Reworked,N/A
2026,,¥$,Fear,Fear,"$1,000","Jan 16, 2026","Jan 16, 2026",Blind,Reworked,N/A
2026,,Yeezus 2,Man Up Freestyle,"Man Up Freestyle

Man Up (Freestyle)",$300,"Jan 15, 2026","Jan 17, 2026",Normal,No,"https://imgur.gg/f/2AKrA44  
https://imgur.gg/f/QMY0YcZ 
https://imgur.gg/f/j8OHFJS"
2026,,The Life Of Pablo,Chance the Rapper - Waves / Father Stretch My Hands Pt. 1,Chance the Rapper - Waves / Father Stretch My Hands Pt. 1,$400,"Jan 14, 2026","Jan 14, 2026",Normal,Yes,https://imgur.gg/f/etjeWuU
2026,,Multi-Era,Free Suge + Bad Guy,"Free Suge + Bad Guy

The Game - Free Suge (feat. Ye & King Combs)
CyHi - Bad Guy",$500,"Jan 11, 2026","Jan 14, 2026",Blind,Yes,N/A
2026,,So Help Me God,Blind So Help Me God Song,"Blind So Help Me God Song

How You Feeling","$1,800","Jan 10, 2026","Jan 11, 2026",Blind,No,N/A
2026,,DONDA 2 [V1],James Blake - It's Not Supposed To Be Sad,James Blake - It's Not Supposed To Be Sad,"$1,500","Jan 8, 2026","Jan 9, 2026",Normal,Yes,https://imgur.gg/f/07ytT7l
2026,,So Help Me God,Blind So Help Me God Song,"Blind So Help Me God Song

How You Feeling

Blind A$AP Rocky Bonus [50% paid]","$2,000","Jan 6, 2026","Jan 11, 2026",Blind,Reworked,N/A
2026,,God's Country,Thank God Bundle,"Thank God Bundle

Thank God (Initial Ye freestyle)
Thank God (Arranged freestyle, ~2:00)
Thank God (Jozzy & Baby Tate reference track)
Thank God (Swae Lee reference track, ~7:00)",$700,"Jan 3, 2026","Jan 4, 2026",Normal,Yes,N/A
2026,,JESUS IS KING,Glory + Prayer,"Glory + Prayer

Glory (Release-Ready Mix)
Prayer (Momo Boyd Ref)
Prayer (Alt Prod)","$2,000","Jan 2, 2026","Jan 3, 2026",Normal,Reworked,"https://imgur.gg/f/gGU1NLI
https://imgur.gg/f/0AsKFdE"
2025,,WAR,And They Came Back / This One Here,"And They Came Back / This One Here

And They Came Back / This One Here

Don't Kill The Party (ref. BBYKOBE) [$3000 Paid]
(TIMED BLIND) Donda Era Reference Track [$10,000 Paid]
(TIMED BLIND) This One Here (ref. Don Toliver) [$10,000 Paid]","$10,000","Dec 25, 2025","Dec 25, 2025",Charity,Yes,https://imgur.gg/f/jz2ygxt
2025,,WAR,For Once In My Life,"For Once In My Life

For Once In My Life

??? (Poop) [$6000 Paid]
Future - Trophy [$8000 Paid]","$8,000","Dec 16, 2025","Dec 19, 2025",Charity,Yes,"https://imgur.gg/f/FEsfOy8
https://imgur.gg/f/VJv6LwG"
2025,,WAR,Through The High Wire,Through The High Wire,"$5,000","Dec 9, 2025","Dec 13, 2025",Charity,Yes,"https://imgur.gg/f/zMtEEFB
https://imgur.gg/f/iYvHv6y"
2025,,WAR,"Hold Up, Get Up","Hold Up, Get Up","$5,000","Nov 30, 2025","Dec 7, 2025",Charity,Yes,"https://imgur.gg/f/m7cKKhs
https://imgur.gg/f/ix3gb2u"
2025,,WAR,Bobby Digital,Bobby Digital,"$6,000","Nov 23, 2025","Nov 28, 2025",Charity (Blind),Yes,N/A
2025,,WAR,Talking,Talking,"$3,000","Nov 12, 2025","Nov 13, 2025",Charity (Blind),Yes,N/A
2025,,WAR,Quiet,Quiet,"$6,000","Oct 27, 2025","Oct 30, 2025",Charity (Blind),Yes,N/A
2025,,WAR,All In Love,All In Love,$750,"Oct 19, 2025","Oct 19, 2025",Charity (Blind),Yes,N/A
2025,,Donda [V3],See Me Again,"See Me Again

See Me Again (2021 Version)",$500,"Oct 2, 2025","Oct 3, 2025",Normal,Yes,"https://imgur.gg/f/DZmGlEo
https://imgur.gg/f/2dlj1lF
https://imgur.gg/f/8Tvda5B"
2025,,God's Country,"Kanye 2020 ""Utopia"" Copy","Kanye 2020 ""Utopia"" Copy

15 x Ye refs for Utopia

9/11 (Hitler-era Ant Clemons Ref)",$985,"Sep 13, 2025","Sep 27, 2025",Normal,Yes,https://imgur.gg/f/M0FXZlm
2025,,Donda [V3],"Lil Yachty ""Hurricanes"" Reference Track","Lil Yachty ""Hurricanes"" Reference Track

Hurricanes (ref. Lil Yachty)",$300,"Sep 7, 2025","Sep 7, 2025",Normal,Yes,https://imgur.gg/f/v6h0I5S
2025,,CUCK,CyHi CUCK Reference Tracks,"CyHi CUCK Reference Tracks

10x CyHi refs for CUCK
First Time In A Long Time (2025 CyHi Ref)",$500,"Jul 27, 2025","Jul 27, 2025",Blind,Yes,N/A
2025,,The Life Of Pablo,Diddy - Intro,"Diddy - Intro

Diddy - Intro (ref. Kendrick Lamar) (feat. Kanye West)","$1,000","Jul 27, 2025","Jul 29, 2025",Normal,Yes,"https://imgur.gg/f/iKw6yfx
https://imgur.gg/f/yRMfygd"
2025,,808s & Heartbreak,Diamonds & Dollars,"Diamonds & Dollars

Diamonds & Dollars (with Pharrell Williams)

1x Slump6s Session [$1400 Paid]
PARTYNEXTDOOR - Good (2016 Demo) [$1500 Paid]
2x Ant Clemons Hitler Refs [$2000 Paid]
1x Slump6s Session [$3000 Paid]
2x Ant Clemons Hitler Refs [$4000 Paid]
Blind Ty Dolla $ign Song [$7500 Paid]
YEBU Ye X Vory Song [If GB finishes by 07/27/25]","$8,000","Jul 24, 2025","Jul 26, 2025",Normal,Forceleaked,"https://imgur.gg/f/psu5ck6
https://imgur.gg/f/O3is3yD
https://imgur.gg/f/Uqusl0f
https://imgur.gg/f/Es1WUfl"
2025,,Multi-Era,Blind Pre-2022 Songs,"Blind Pre-2022 Songs

Multiple pre-2022 songs",$600,"Jun 27, 2025","Jun 27, 2025",Normal,No,N/A
2025,,Good Ass Job,"Live Fast, Die Young Session","Live Fast, Die Young Session

Live Fast, Die Young Session [$900 - $700 (transferred from last blind GB)]",$200,"Jun 4, 2025","Jun 5, 2025",Blind,Yes,N/A
2025,,CUCK,Blind CUCK Album Copy,"Blind CUCK Album Copy

1x Blind CUCK ""song"" [Full CUCK album]

2x Yeezus alts [Fake]",$999,"May 18, 2025","May 18, 2025",Charity (Blind),Yes,N/A
2025,,Multi-Era,Pre-2016 Many Wanted Songs,"Pre-2016 Many Wanted Songs

Pre-2016 Many Wanted Songs

2025 DONDA 2 OG Files [$3000 Paid]
A$AP Rocky - Yeezy My [$3500 Paid]
2024 Jay Electronica song [$4000 Paid]
Blood Of The Lamb (Twitter version CDQ) [$4000 Paid]
Famous (Demo) [$4500 Paid]
3x Steve Lacy Files (2 beats and 1 song) [$4750 Paid]
Ty Dolla $ign x Avicii Song (""Levels"" Demo) [$5000 Paid]
2024 Jay Electronica x Madlib song [$5500 Paid]
Deltarune - Attack of the Killer Queen (Remix) [$5500 Paid]
Jay Electronica Act-II Era finished track [$6000 Paid]
Blind 2019 Yandhi Era Song [$6000 Paid]","$6,000","May 9, 2025","May 11, 2025",Blind,Yes (Seller Ran),Locked. Zip given by seller
2025,,God's Country,"Kanye 2020 ""Utopia"" Copy","Kanye 2020 ""Utopia"" Copy

15 x solo Kanye freestyles [$2,500 - $800 (transferred from last GB)]

Finished lyrics written for Virgil's Funeral
2013 Vince Staples Song [Same beat as a Utopia copy song]","$1,700","May 4, 2025","May 9, 2025",Normal,No (Funds Transferred),https://imgur.gg/f/M0FXZlm
2025,,Graduation,OG Champion,"OG Champion

Champion OG Version (+Sessions)","$1,200","Apr 26, 2025","Apr 29, 2025",Normal,Yes (Seller Ran),"https://imgur.gg/f/tAt6exf
https://imgur.gg/f/vO70SWg
https://imgur.gg/f/kbRJAVb
https://imgur.gg/f/GbUb3CL
https://imgur.gg/f/F1Lnu9k"
2025,,Yeezus,Padded Walls & I Am A God,"Padded Walls & I Am A God

Padded Walls (+Sessions)
I Am A God (+Sessions)","$4,000","Apr 23, 2025","Apr 23, 2025",Blind,Forceleaked,N/A
2025,,So Help Me God,Star Time Sessions,"Star Time Sessions

Star Time (Sessions + Stems)","$1,000","Apr 13, 2025","Apr 15, 2025",Normal,Yes,"https://imgur.gg/f/m7BeUkD
https://imgur.gg/f/kkpJVta
https://imgur.gg/f/aDr0DtS
https://imgur.gg/f/t3769az"
2025,,BULLY [V1],Full BULLY Copy,"Full BULLY Copy

BULLY October Copy",$300,"Apr 6, 2025","Apr 7, 2025",Normal,Yes,"https://imgur.gg/f/5maFdvw
https://imgur.gg/f/uSZlD2Y
https://imgur.gg/f/c2UZX9Y"
2025,,So Help Me God,Enya,"Enya

Enya

Do You Really Ever Love (Sample Chop)
2x Keahole",$300,"Mar 29, 2025","Mar 30, 2025",Blind,Yes,N/A
2025,,My Beautiful Dark Twisted Fantasy,Pure,"Pure

Pure

Blind Bonus (Wolverine Freddie Ref)",$550,"Mar 24, 2025","Mar 28, 2025",Normal,Yes,https://imgur.gg/f/49alQiD
2025,,My Beautiful Dark Twisted Fantasy,Pure,"Pure

Pure

Blind Bonus (Wolverine Freddie Ref)",$700,"Mar 21, 2025","Mar 24, 2025",Normal,Reworked,https://imgur.gg/f/49alQiD
2025,,SWISH,"808s & Heartbreak Hollywood Bowl ""Album"" Stems","808s & Heartbreak Hollywood Bowl ""Album"" Stems

808s & Heartbreak Hollywood Bowl ""Album"" Stems

That's On You (prod. Charlie Heat)",$400,"Mar 9, 2025","Mar 10, 2025",Blind,Yes,N/A
2025,,808s & Heartbreak,808s & Heartbreak Bundle,"808s & Heartbreak Bundle

Frozen Winter
Supernova
Tell Everybody That You Know
Cookin'

Blind 2015 Song
Blind 2016 Session",$700,"Mar 4, 2025","Mar 8, 2025",Blind,Yes,N/A
2025,,YEBU,Stand United,"Stand United

Stand United [Solo Kanye demumble w/ extra Dem Jointz + Stems + French Montana Session version]

Sunday Service Choir - 12,000 Acres [$100 Paid]
Sunday Service Choir - Colors (Grace N Mercy) [$200 Paid]",$200,"Mar 2, 2025","Mar 3, 2025",Normal,Yes,https://imgur.gg/f/8O61DNN
2025,,JESUS IS KING,Bound 3,"Bound 3

JIK Bound 3 (feat. Swizz Beatz) (prod. Swizz Beatz) [[DONDA [V1] version forceleaked]",$350,"Mar 2, 2025","Mar 2, 2025",Normal,Forceleaked,"https://imgur.gg/f/xRKARms
https://imgur.gg/f/8tUv4cH
https://imgur.gg/f/38yCnif"
2025,,808s & Heartbreak,Smoked Up Session,Smoked Up Session,$350,"Feb 22, 2025","Feb 24, 2025",Blind,Yes,N/A
2025,,SWISH,Don't Jump (feat. Lil Uzi Vert),"Don't Jump (feat. Lil Uzi Vert)

Don't Jump (feat. Lil Uzi Vert)
Blind SWISH ref (Mez - Don't Jump)

No More Parties in LA (feat. Lil Uzi Vert) [Added 2/16/25]
2x Blind No More Parties In LA [Added 2/16/25]
Full release-ready SSC Album (2022) [Added 2/16/25]
2023 SSC Rehearsal [Added 2/16/25]
2x SSC Rehearsals 2021 [Added 2/16/25]
?x SSC Children’s Choir Files [Added 2/16/25]
3x Ego Death Alts [Added 2/18/25] [$1000 Paid]
Ego Death 4.20.19 Stems (5.13.19 Stems Leaked) [Added 2/20/25]","$2,000","Feb 14, 2025","Feb 22, 2025",Normal,Yes,https://imgur.gg/f/4or6yqg
2025,,ye,Let It Go,"Let It Go

Let It Go (2018 Kanye Version)
Let It Go (Victory Boyd Version) + Instrumental
Let It Go (Alt Instrumental)

2018 GAJ Instrumental
BROCKHAMPTON - SWEAT",$500,"Feb 11, 2025","Feb 14, 2025",Blind,Yes,N/A
2025,,SWISH,FML (ref. Travis Scott) (feat. Travis Scott),"FML (ref. Travis Scott) (feat. Travis Scott)

FML (ref. Travis Scott) (feat. Travis Scott)
Blind Session (Ty$ Sliding) [Added 2/6/25] [$2000 Paid]
Blind SWISH Refs (Mez Pressure) [Added 2/6/25]","$3,000","Feb 5, 2025","Feb 9, 2025",Normal,Yes,https://imgur.gg/f/ViDIgH1
2025,,SWISH,FML (ref. Travis Scott) (feat. Travis Scott),"FML (ref. Travis Scott) (feat. Travis Scott)

Travis Scott - FML
Blind SWISH Refs","$4,500","Feb 4, 2025","Feb 5, 2025",Normal,Reworked,https://imgur.gg/f/ViDIgH1
2025,,So Help Me God,Go Pro (feat. Madonna),"Go Pro (feat. Madonna)

Go Pro (feat. Madonna)
Feedback (2014 Instrumental)
Southside Seranade (Alt Mix)","$1,500","Feb 3, 2025","Feb 3, 2025",Blind,Yes,N/A
2025,,So Help Me God,I Feel Like That (Glastonbury Version),"I Feel Like That (Glastonbury Version)

I Feel Like That (feat. Ty Dolla $ign & The WRLDFMS Tony Williams) (Glastonbury Version)",$300,"Jan 31, 2025","Jan 31, 2025",Blind,Yes,N/A
2025,,So Help Me God,Woke Up,Woke Up,$650,"Jan 28, 2025","Jan 29, 2025",Blind,Yes,N/A
2025,,The Life Of Pablo,Alicia Keys - In Common (Session),"Alicia Keys - In Common (Session)

Alicia Keys - In Common (feat. Kanye West) (Session)",$200,"Jan 25, 2025","Jan 27, 2025",Normal,Yes,N/A
2025,,VULTURES 2,FEAR Bundle + MELROSE (feat. Quavo),"FEAR Bundle + MELROSE (feat. Quavo)

FEAR (+Stems)
FEAR (ref. Young Moose)
MELROSE (feat. Quavo)","$5,000","Dec 29, 2024","Jan 21, 2025",Normal,Yes,"https://imgur.gg/f/fjqmnTG 
https://imgur.gg/f/B2wAcGG
https://imgur.gg/f/1uon59B"
2024,,YEBU,Ty Dolla $ign - Dis Bitch Dat Hoe,"Ty Dolla $ign - Dis Bitch Dat Hoe

Ty Dolla $ign - Dis Bitch Dat Hoe (ref. Juicy J)",$400,"Dec 23, 2024","Dec 26, 2024",Normal,Yes,"https://imgur.gg/f/135CC9R
https://imgur.gg/f/yLfvfHZ"
2024,,VULTURES 2,THIRSTY (feat. Yung Lean & Teezo Touchdown),"THIRSTY (feat. Yung Lean & Teezo Touchdown)

THIRSTY (feat. Yung Lean & Teezo Touchdown) (prod. White Armor, 88-Keys & The Legendary Traxster)

Where They At [Solo Kanye demumble w/ extra Dem Jointz + Stems + French Montana Session version] [$1100 Paid]
Kanye x Drake Wolves Era Song [Pop Style] [$1000 Paid]
Pablo (prod. Marilyn Manson) (Stems) [$1000 Paid]
Pablo (prod. Marilyn Manson) [$950 Paid]
Throw Away [Snippet] [$900 Paid]
Full 88-Keys album copy from 2019 [$900 Paid]
Folder of beats by 88-Keys for Kanye [$800 Paid]
July 2020 Bonus [$700 Paid]
x2 Marilyn Manson ideas for Donda 2 (+Stems) [$600 Paid]
Blind SHMG Bonus [All Day] [$600 Paid]
3 Kanye x Drake Session Beats [$500 Paid]
Christ, Wake The Dead (+Stems), Gloria (+Stems) & The Garden (+Stems) meant for Stem Player release. [$400 Paid]
Unhomme (Jesus Is Lord Instrumental) [$400 Paid]","$1,200","Dec 9, 2024","Dec 19, 2024",Normal,Yes,https://imgur.gg/f/Gkrdyii
2024,,God's Country,"12,000 Acres (ref. CyHi)","12,000 Acres (ref. CyHi)",$400,"Nov 30, 2024","Dec 1, 2024",Blind,Yes,N/A
2024,,Donda [V2],Future - Promotion (feat. Ty Dolla $ign),Future - Promotion (feat. Ty Dolla $ign),$200,"Nov 30, 2024","Nov 30, 2024",Blind,Yes,N/A
2024,,Multi-Era,THIRSTY + Donda 2 Bundle,"THIRSTY + Donda 2 Bundle

THIRSTY + Stems
THIRSTY (ref. Young Moose)
THIRSTY (prod. Cruza)
Fuk Sumn Remix [March 2024]
2/21/22 Donda 2 Copy
Broken Road [Finished Ye Hook] + Acapella

Make It Feel Right (feat. Young Moose)
YE ABOUT MINE (ref. Bump J)
8AM Meeting [Part 3]
Future - WAIT FOR U (prod. Kanye West)
Sunday Service Unreleased Bundle","$5,000","Nov 9, 2024","Nov 19, 2024",Normal,Yes,"https://imgur.gg/f/qDxGKHZ
https://imgur.gg/f/NJQHFYB
https://imgur.gg/f/eRqfW4c
https://imgur.gg/f/iyUgt4d"
2024,,VULTURES 2,VULTURES 2 BUNDLE,"VULTURES 2 BUNDLE

PAY PER VIEW [Ty x Moose x Ye #1, Moose & Ye go back and forth]
PAY PER VIEW [Ty x Moose x Ye #2, Very Short Kanye part]
PAY PER VIEW (prod. Traxster) [Alt Lines & More Project Pat]
PAY PER VIEW [Listening Party version]
YE ABOUT MINE [iPhone Ye Vocals #1, Less mumble] + Acapella
YE ABOUT MINE [iPhone Ye Vocals #2, More mumble]
YE ABOUT MINE [Moose Reference #1]
YE ABOUT MINE [Moose Reference #2]
YE ABOUT MINE [Listening Party version]
BLEED IT [FRIED OG] + Rich The Kid acapella
BLEED IT (prod. TheLabCook)

Fried Skit
ScHoolboy Q - THat Part [Instrumental]","$3,300","Nov 2, 2024","Nov 3, 2024",Normal,Yes,"https://imgur.gg/f/n4oRsI8
https://imgur.gg/f/EB4yO73
https://imgur.gg/f/5XskeNY
https://imgur.gg/f/f8iWJlX
https://imgur.gg/f/5bAlSTQ
https://imgur.gg/f/0YCEaxk
https://imgur.gg/f/MzoV68u
https://imgur.gg/f/kCEbcxg"
2024,,Multi-Era,VULTURES FOR CHARITY #3,"VULTURES FOR CHARITY #3

After Lyfe
Fried [Wes & Tay version]
Fried [OG Kanye version]
Fried (ref. Ty Dolla $ign)
Melrose [Kanye Freestyle]
Papa Wanna See [Freestyle]
Dead [Ty / Fre$h ref version]
Believer [Original Ty version]
Believer (ref. ???) [Unknown female vocalist]
Believer (ref. Fre$h)
Believer (ref. Quentin Miller)
Slide (feat. Young Moose)
Time Moving Slow (feat. Young Moose)
Field Trip Freestyle 1 Acapella [The Freestyle from last buy]
Field Trip Freestyle 2 Acapella [Used on ""FIELD TRIP YE REF 5.7.24""]
Field Trip [Original beat]
Field Trip [Solo Don version]
Field Trip [Solo Don & Carti version]
Melrose [Original beat]
Melrose [Freestyle Acapella]

LQ Y3 Era beat
MAYBE WE CAN LAST FOREVER [Blind Vultures Era Song]
Japan solo album title [YEBU & Ye 3]","$1,600","Oct 20, 2024","Oct 21, 2024",Charity,Yes,"https://imgur.gg/f/iWtaP3K
https://imgur.gg/f/G45Q7eb
https://imgur.gg/f/2tyvBDK
https://imgur.gg/f/pzrCjPa
https://imgur.gg/f/dAF73MX
https://imgur.gg/f/zJqb2Tj
https://imgur.gg/f/rzZagvh
https://imgur.gg/f/LbbB2zu
https://imgur.gg/f/q2F7o41
https://imgur.gg/f/hQvSaU9
https://imgur.gg/f/BCZn1sh
https://imgur.gg/f/9Ue1Njx
https://imgur.gg/f/cOoX4iP"
2024,,Multi-Era,VULTURES FOR CHARITY #2,"VULTURES FOR CHARITY #2

Not Inclusive (ref. Young Moose)
Star Time (feat. Young Moose)
Nights On The Moon (ref. Young Moose)
Fried [Diddy Line]
Field Trip [Ye Mumble Freestyle]
VULTURES 1 Copy [Updated mixes]
VULTURES 1 Copy [Alt mixes]

LQ Y3 Era Mumble Freestyle","$1,600","Oct 16, 2024","Oct 17, 2024",Charity,Yes,"https://imgur.gg/f/68CahlD
https://imgur.gg/f/jw8ffCD
https://imgur.gg/f/Bvqg7x9
https://imgur.gg/f/jw8ffCD
https://imgur.gg/f/pqQI2Ap"
2024,,Multi-Era,VULTURES FOR CHARITY #1,"VULTURES FOR CHARITY #1

I Let Go [VULTURES 2 Version]
River [New Ty Dolla $ign outro]
Vagabond (feat. 070 Shake)
Dead (feat. Future, Lil Durk, Lil Baby) [New Ty verse]
Believer [New Kanye Freestyle]
Take Off Your Dress [Vulture City version]

LQ Y3 Era Mumble Freestyle","$1,650","Oct 15, 2024","Oct 16, 2024",Charity,Yes,"https://imgur.gg/f/q8ciRB6
https://imgur.gg/f/OOlEG19
https://imgur.gg/f/QIsts8A
https://imgur.gg/f/cCmSKbJ
https://imgur.gg/f/YSQpqh2
https://imgur.gg/f/wpAJRgI"
2024,,YEBU,So Soon,"So Soon

So Soon

LQ Y3 Era Mumble Freestyle [Tell Me That]","$3,000","Oct 10, 2024","Oct 14, 2024",Normal,Yes,"https://imgur.gg/f/Gbhq2BC
https://imgur.gg/f/4uWrkwM
https://imgur.gg/f/DJ67qPR"
2024,,YEBU,So Soon,So Soon,"$5,500","Oct 10, 2024","Oct 10, 2024",Normal,Reworked,"https://imgur.gg/f/Gbhq2BC
https://imgur.gg/f/4uWrkwM
https://imgur.gg/f/DJ67qPR"
2024,,YEBU,Unlock,Unlock,"$4,500","Oct 7, 2024","Oct 7, 2024",Normal,No,https://imgur.gg/f/AZ6GPoN
2024,,Multi-Era,Pray + DEAD (Freestyle),"Pray + DEAD (Freestyle)

Pray
DEAD [Freestyle]","$1,500","Oct 3, 2024","Oct 5, 2024",Normal,Yes,"https://imgur.gg/f/5UnQgOa
https://imgur.gg/f/OPR28ZX
https://imgur.gg/f/frDD9yq
https://imgur.gg/f/5vhqLkR"
2024,,WAR,Love Love Love,Love Love Love,"$2,500","Oct 1, 2024","Oct 2, 2024",Blind,Forceleaked,N/A
2024,,VULTURES 2,BACK N THAT (IMAGINE THAT) + New Body,"BACK N THAT (IMAGINE THAT) + New Body

BACK N THAT (IMAGINE THAT) (feat. Young Moose)
New Body","$1,000","Sep 28, 2024","Oct 1, 2024",Normal,Yes,Link Needed
2024,,Good Ass Job,Throw Money Everywhere (Partial) Session,Throw Money Everywhere (Partial) Session,$400,"Sep 16, 2024","Sep 16, 2024",Normal,Yes,"https://imgur.gg/f/PsdVcpA
https://imgur.gg/f/dNG6R6H
https://imgur.gg/f/qN5Awo6
https://imgur.gg/f/VhGyFTh
https://imgur.gg/f/qUg6hHh"
2024,,Multi-Era,You Again (We Major) + Building,"You Again (We Major) + Building

You Again (We Major) (ref. Tony Williams)
Building (feat. JAY-Z)","$1,400","Jul 31, 2024","Jul 31, 2024",Blind,Yes,N/A
2024,,Late Registration,You Again (We Major),You Again (We Major),$200,"Jul 30, 2024","Jul 31, 2024",Blind,Reworked,N/A
2024,,VULTURES 1,VULTURES 1 Alt Bundle,"VULTURES 1 Alt Bundle

HOODRAT [solo Ye]
HONOR ROLL [Carnival, alt lines, alt prod]
TIMBO FREESTYLE [alt prod]
STARS [alt prod]",$700,"Jul 28, 2024","Jul 29, 2024",Normal,Yes,"https://imgur.gg/f/WNwllYk
https://imgur.gg/f/jLIU5rj
https://imgur.gg/f/iWIzfnE
https://imgur.gg/f/QNAa7tk"
2024,,Yeezus 2,YPM + Oz,"YPM + Oz

YPM Copy + Oz",$250,"Jul 22, 2024","Jul 22, 2024",Normal,Yes,Info Needed
2024,,VULTURES 2,MELROSE,"MELROSE

MELROSE (LP version) 
MELROSE (OG 5 minute version)","$5,000","Jul 10, 2024","Jul 10, 2024",Normal,Yes,Link Needed
2024,,VULTURES 2,MELROSE,"MELROSE

MELROSE (LP version)","$9,000","Jul 9, 2024","Jul 10, 2024",Normal,Reworked,Link Needed
2024,,VULTURES 2,MELROSE,"MELROSE

MELROSE (LP version) 

Playboi Carti & Lil Uzi Vert - Two Out (Session)","$10,000","Jul 7, 2024","Jul 9, 2024",Normal,Reworked,Link Needed
2024,,VULTURES 1,River + Slidin,"River + Slidin

River
Slidin",$500,"Jul 7, 2024","Jul 7, 2024",Normal,Yes,N/A
2024,,Donda [V3],Heaven And Hell,"Heaven And Hell

Heaven And Hell (ref. Fivio Foreign)",$500,"Jul 7, 2024","Jul 9, 2024",Normal,No,https://imgur.gg/f/Wm3wcbp
2024,,Good Ass Job,Good Ass Job Bundle,"Good Ass Job Bundle

Ain't No Tellin' Session (feat. Tony Williams & GLC)
HypeMeUp [Instrumental + Acapella]
4x Power OG versions
2x Hell Of A Life OG versions
GAJ instrumental copy zip

Sunday Service Choir - Brothers
3x Sunday Service Choir - Don't Give Up
AyoAA Louie Bags","$1,800","Jun 27, 2024","Jul 1, 2024",Normal,Yes,"https://files.catbox.moe/3mvkcs.wav
https://imgur.gg/f/7gxa7hI
https://imgur.gg/f/9ZxRpoE
https://imgur.gg/f/Q886SPB
https://files.catbox.moe/b3i1ye.wav
https://files.catbox.moe/e0c9b2.wav"
2024,,¥$,Street Lights,"Street Lights

Street Lights (feat. Freddie Gibbs)","$2,500","Jun 8, 2024","Jun 11, 2024",Normal,Yes,https://imgur.gg/f/Td9ehMT
2024,,Multi-Era,Uzi x Ye + Bad People Bundle,"Uzi x Ye + Bad People Bundle

Fade (feat. Lil Uzi Vert & Ty Dolla $ign) (Includes Sessions)
Hold Tight (feat. Lil Uzi Vert)
Bad People (Instrumental & DN alt prod.)","$3,000","May 27, 2024","May 29, 2024",Normal,Yes,"https://imgur.gg/f/mj11oLf
https://imgur.gg/f/0PLSbZo
https://imgur.gg/f/K09iLSC
https://imgur.gg/f/dpkA1Tc"
2024,,SWISH,2x Pressure,"2x Pressure

Pressure (Includes stems)
Pressure (feat. Travis Scott) (Includes sessions)

2x Digital Nas demos
Blind unheard Chief Keef song
10,000 Gecs OG files
2 alt Ye songs [pre-2019]
OxV Opium beats
Fat Money Pablo session
2x Daniel Larson
Les Rallizes Denudes material
Blind assortment of Digital Nas songs + sessions
1x Frou Frou Demo CDR
2x Digital Nas blinds w/ sessions
Fat Money Flowers session
Fat Money 530 session + song
4x Daniel Larson
27x 2020 3D renders
Blind Trippie Redd MV
Carnival MV (OG file)
Radiohead - Motion Picture Soundtrack (OKC version)
2 Rihannas (alt)
Blind Travis Scott song
2x Blind Bon Iver
Post Malone - Sunflower Live CDQ
Don Toliver - Mama Mia MV
Fat Money Lift Me Up session
Unheard Izaya Tiji interview
Future - Cum
Young Thug x Nav - Spend It (OG version)
Field Trip
A$AP Rocky - TESTING (OG files)
Sabrina Carpenter - Feather (Sessions)
2x SpongeBob stems and extras
Future x Lil Double 0 - Rack It
1x Lil Uzi OG
Blind DaBaby x Offset song
Lifesize (Don Toliver x Fat Money)
Marjorie W.C. Sinclair - Bloons Tower Defense Instrumental
Travis Scott - Say You Will
Travis Scott's 2009 college essay
2x Blind Ski Mask song
Fat Money CFB session + song
Desiigner - Panda (Charlie Heat prod)
New God Flow acapella
Destroy Lonely - Rockstar OG files
Destroy Lonely - No Stylist OG files
7x Lil Uzi - I Know (alt mixes)
So Called Friends
YesJulz phone number
Milo Yiannopoulos phone number
Lie to Kick It (Instrumental)
How Much Does a Dollar Cost (Instrumental)
True Love (Jack Harlow Refrence)
3x No Label 2 era Migos","$25,000","May 26, 2024","May 26, 2024",Normal,Yes,https://imgur.gg/f/IliHeKV
2024,,VULTURES 1,FUK SUMN Bundle,"FUK SUMN Bundle

Smoking On Junt (feat. Juicy J)
Fuk Sumn (ref. Bump J)

FUK SUMN (Carti Acapella)",$400,"May 19, 2024","May 19, 2024",Normal,Yes,Link Needed
2024,,Yandhi [V1],2018 Bundle [V2],"2018 Bundle [V2]

315 Yandhi files","$1,500","May 18, 2024","May 18, 2024",Normal,No,N/A
2024,,Yandhi [V1],2018 Bundle [V1],"2018 Bundle [V1]

XTCY x4 (mumble verse, alt inst, OG file of V1, album version)
Last Name x3 (freestyle, Desiigner version, Ant Clemons punch ins)
XXX (alt outro)
To The Light (freestyle)
Tekken (freestyle)
Chakras x2 (feat. Bankulli, alt vocal takes)
Violent Nights (Ye mumble lines replacing Ty$)
Hurricane (freestyle with Ant Clemons punch ins)","$1,000","May 18, 2024","May 18, 2024",Normal,Forceleaked,Link Needed
2024,,DAYTONA,Daytona Bundle,"Daytona Bundle

Info Needed",$600,"May 16, 2024","May 16, 2024",Normal,Yes,Link Needed
2024,,VULTURES 1,FUK SUMN Bundle,"FUK SUMN Bundle

Smoking On Junt (feat. Juicy J)
Fuk Sumn (ref. Bump J)

FUK SUMN (Carti Acapella)",$600,"Feb 10, 2024","Feb 15, 2024",Normal,No,Link Needed
2024,,Multi-Era,Brothers Freestyle Stems + Accelerate Stems,"Brothers Freestyle Stems + Accelerate Stems

Brothers Freestyle (Stems + Official cutdown)
Christina Aguilera - Accelerate (Stems)",$120,"Jan 30, 2024","Jan 30, 2024",Normal,Yes,Link Needed
2024,,Multi-Era,Star Time x2 + Ski (Remix) + Track 5,"Star Time x2 + Ski (Remix) + Track 5

88-Keys - Star Time (feat. Kanye West, IDK & Anderson .Paak) x2
Ski (Remix)
Ty Dolla $ign - Track 5 x3",$150,"Jan 26, 2024","Jan 27, 2024",Normal,Yes,Link Needed
2024,,Donda [V3],LA Monster (Barsh Version),"LA Monster (Barsh Version)

LA Monster (prod. Sam Barsh)

My City
2x Lift Me Up (prod. E.VAX)",$0,"Jan 19, 2024","Jan 19, 2024",Normal,Yes,Link Needed
2023,,Multi-Era,Accelerate (Sessions) + Closed For Business,"Accelerate (Sessions) + Closed For Business

Accelerate / Pick Up Your Speed (Sessions)
Closed For Business (Original Freestyle)",$500,"Dec 29, 2023","Dec 29, 2023",Normal,Yes,Link Needed
2023,,Graduation,Piano,"Piano
(Passenger)

Piano",$50,"Nov 21, 2023","Nov 21, 2023",Normal,Yes,Link Needed
2023,,Yeezus 2,Never Tried This,"Never Tried This

Never Tried This

God Level 1.7.14 + Instrumental",$300,"Nov 18, 2023","Nov 21, 2023",Normal,Yes,Link Needed
2023,,Donda [V2],God Got Me (Stems),"God Got Me (Stems)

God Got Me Stems

God Got Me (Consequence + Caiden reference)",$125,"Nov 16, 2023","Nov 17, 2023",Flash,Yes,Link Needed
2023,,Multi-Era,2017-2018 Bundle,"2017-2018 Bundle

90 Bon Iver Demos (sent to Kanye)
Freeeee session (Jeremih refs and Kanye phonecalls)
Queen Bitch session
Lift Yourself mix session",$300,"Nov 13, 2023","Nov 14, 2023",Normal,Yes,Link Needed
2023,,Good Ass Job,Ghetto University x2,"Ghetto University x2

Ghetto Univerity (Kanye, Charlie Wilson, The WRLDFMS Tony Williams & John Legend version)
Ghetto University (Kid Cudi only version)",$250,"Nov 12, 2023","Nov 12, 2023",Normal,Yes,Link Needed
2023,,Multi-Era,Pre-2017 Bundle,"Pre-2017 Bundle

Ice Cube (GOOD Fridays OG)
Takin Off (Solo Kanye version of Supernova by Mr. Hudson)
Hell Of A Life (V1)
Imitation of Christ",$600,"Nov 5, 2023","Nov 6, 2023",Blind,Yes,N/A
2023,,Yandhi [V2],The Mind Is Powerful,"The Mind Is Powerful

The Mind Is Powerful (Finished version with G-Eazy)
The-Dream The Mind Is Powerful
IDK, Anderson .Paak The Mind Is Powerful

Tyga Sluts Are Awesome
Wondagurl 24",$900,"Nov 2, 2023","Nov 2, 2023",Normal,Yes,Link Needed
2023,,Multi-Era,2014-2021 Bundle,"2014-2021 Bundle

November 2019 and January 2020 God's Country album copies (+sessions for the January 2020 copy)
5.12.18 version of Everything, alt versions of All Mine, KSG Ghost Town, OG No Mistakes
Full Miami December 2018 folder containing lots of late 2018 Yandhi content
~15 new freestyles from August 2019 (acapella iPhone freestyles) with several alt versions containing different beats
 Tony Christ, Malik Bad People, Malik XTCY, Fya Man Wouldn't Leave
Full stems to July 2021 versions of 12 Donda 2021 songs (post-LP1, pre-LP2)
All alt organ versions from Donda 2021
Selah Session
Ozark (Freestyle 11) Session

March 2019 All Dreams Real
July 2014 All Day (Cafe Royale version)
Ultralight Beam demo
misc. Sunday Service Choir stems and files",$900,"Oct 29, 2023","Oct 29, 2023",Normal,Yes,Link Needed
2023,,WAR,What I Would Have Said At Virgil's Funeral,"What I Would Have Said At Virgil's Funeral

What I Would Have Said At Virgil's Funeral (YZYSZN 9 Version)

You Ain't No Model (2017)",$350,"Oct 27, 2023","Oct 27, 2023",Normal,Yes,Link Needed
2023,,Multi-Era,What I Would Have Said At Virgil's Funeral + South Florida,"What I Would Have Said At Virgil's Funeral + South Florida

What I Would Have Said At Virgil's Funeral (YZYSZN 9 Version)
South Florida (Kaycyy Ref)

You Ain't No Model (2017)",$450,"Oct 26, 2023","Oct 27, 2023",Normal,Reworked,Link Needed
2023,,DONDA 2 [V1],Lift Me Up,"Lift Me Up

Lift Me Up (Finished Version)",$750,"Oct 21, 2023","Oct 22, 2023",Normal,Yes,Link Needed
2023,,Donda [V2],Steve Lacy Dropbox,Steve Lacy Dropbox,$400,"Oct 10, 2023","Oct 10, 2023",Blind,Yes,N/A
2023,,Donda [V2],Steve Lacy Dropbox,Steve Lacy Dropbox,$800,"Oct 8, 2023","Oct 9, 2023",Blind,Reworked,N/A
2023,,Donda [V3],6 Copies Of Donda,"6 Copies Of Donda

6 Copies of Donda [V3]",$500,"Oct 1, 2023","Oct 1, 2023",Normal,Yes,
2023,,Multi-Era,New Body MV + Cut 500 Days In UCLA Footage,"New Body MV + Cut 500 Days In UCLA Footage

New Body Music Video
15 minutes of cut 500 Days In UCLA footage

Flowers (Pre LP version)
DJDS TLOP
Come Home",$800,"Sep 29, 2023","Sep 30, 2023",Blind,Yes,N/A
2023,,Yandhi [V2],Superheroes + Lil Floyd,"Superheroes + Lil Floyd

Superheroes
Lil Floyd (feat. YNW Melly)

Don't Get 2 Excited OG Files
Photo OG File
Souleros OG File",$200,"Sep 29, 2023","Sep 29, 2023",Normal,Yes,Link Needed
2023,,JESUS IS KING: The Dr. Dre Version,JESUS IS KING: The Dr. Dre Version July Copy,"JESUS IS KING: The Dr. Dre Version July Copy

JESUS IS KING: The Dr. Dre Version July Copy
Closed On Sunday Dremix (feat. Dr. Dre)
Follow God Dremix (Second Version)
Blood Of The Lamb (2022)

May 2013 Yeezus Copy
New Slaves (December 2012)
Black Skinhead (January 2013)
Blood on the Leaves (January 2013 Instrumental)
Blood on the Leaves (March 2013)
Guilt Trip (March 2013)
Hold My Liquor (March 2013)
I Am A God (March 2013)","$1,000","Sep 25, 2023","Sep 25, 2023",Blind,Yes,N/A
2023,,Donda [V2],Hybrid,"Hybrid

Hybrid + Stems
Goin 2 Jail Stems
HIII WYD Stems

Sheep (CyHi Ref)
Get Lost (Beach House alt)",$850,"Sep 24, 2023","Sep 25, 2023",Normal,Yes,Link Needed
2023,,Multi-Era,Throw Money Everywhere + This Is The Glory x2,"Throw Money Everywhere + This Is The Glory x2

Throw Money Everywhere
This Is The Glory (June 2020)
This Is The Glory (October 2020)

Livin It Up (Sunday Service Choir)
FourFiveSeconds Stems
How Ya Feel + Stems","$1,350","Sep 24, 2023","Sep 24, 2023",Blind,Yes,N/A
2023,,God's Country,2x Documentary,"2x Documentary

2018-2020 Nico Documentary
16 minute God's Country vlog","$1,200","Sep 21, 2023","Sep 21, 2023",Blind,Yes,N/A
2023,,DONDA [V1],Visual Album,"Visual Album

Donda Visual Album",$700,"Sep 19, 2023","Sep 19, 2023",Blind,Yes,N/A
2023,,DONDA 2 [V1],Fuck Flowers,"Fuck Flowers

Fuck Flowers (Dem Jointz)",$200,"Sep 18, 2023","Sep 18, 2023",Blind,Yes,N/A
2023,,Multi-Era,51GB of 2019 - 2022 content,"51GB of 2019 - 2022 content

51 GB of 2019 - 2022 content","$1,500","Sep 17, 2023","Sep 17, 2023",Blind,Yes,N/A
2023,,Donda [V2],God Got Me,"God Got Me

God Got Me (May 2021 Freestyle) + Stems

Blind Post-2018 Song
God Level (4.2.12)
I Wish You The Best Stems
Keep My Spirit Alive (7.18 Uncut)
530 (30 Roc Version)
Keep It Burning (Jack Harlow & The-Game Ref)
Hold Me Stems
Find A Way Stems
Never Forgive Yourself (Fat Money Ref)
Different Codes CDQ
Mr. Miyagi OG
Cut Loose Stems
Heartbreaker (Freestlye)
Goin 2 Jail Stems
God Got Me (Cons & Caiden Ref)
HIII WYD Stems
We Want The Lord Stems
June Piano Instrumental
Survived (Ty Dolla $ign Ref)
Get Lost (Cory Henry Version)
Judo","$7,000","Aug 29, 2023","Sep 13, 2023",Normal,Forceleaked,Link Needed
2023,,Donda [V2],Thunder,"Thunder

Thunder + Stems
Back Then
Friends List

Beautiful Life Stems","$2,000","Aug 7, 2023","Aug 20, 2023",Normal,Yes,Link Needed
2023,,Donda [V2],Soul De La,"Soul De La

Soul De La + Stems

Beautiful Life (Fat Money Ref)
Fade (Benji B SHMG version)
Tell The Vision (Fya Man Ref)","$2,500","Jul 17, 2023","Aug 5, 2023",Normal,Yes,"https://krakenfiles.com/view/G5KdJcUy03/file.html
https://krakenfiles.com/view/rvTU8V7R0s/file.html
https://krakenfiles.com/view/8XESVM83VK/file.html"
2023,,DONDA 2 [V1],Stop Looking For This + Closed For Business,"Stop Looking For This + Closed For Business

Stop Looking For This (Multiple Ye versions)
Stop Looking For This (VIC MENSA reference)
Stop Looking For This (Yung Lean reference)
Stop Looking For This (Gud reference)
Stop Looking For This (prod. 88 Keys)
Stop Looking For This (prod. Ojivolta)
Stop Looking For This (prod. Gud)
Closed For Business (Ye version)
Closed For Business (Don Toliver x Shenseaa)

""Assortment of stems and instrumentals""","$2,800","Jul 9, 2023","Jul 16, 2023",Normal,No (Funds Transferred),Link Needed
2023,,DONDA 2 [V1],Donda 2 Bundle,"Donda 2 Bundle

Maintenance (will.i.am Reference)
Keep It Burning (The Game & Jack Harlow Reference)
We Did It Kid (Wheezy Version) + Stems",$800,"Jul 9, 2023",Info Needed,Normal,No,Link Needed
2023,,DONDA [V1],New Body + Alien,"New Body + Alien

New Body (2020 Version)
Alien (Sep 2020 Version)

Blind Donda 2 Alt",$900,"Jun 23, 2023","Jul 7, 2023",Normal,Yes,Link Needed
2023,,Turbo Grafx 16,Spaceships,"Spaceships

Spaceships (Push x Ye x Yo Gotti x Desiigner)",$250,"Jun 20, 2023","Jun 26, 2023",Blind,Yes,N/A
2023,,Yandhi [V1],Alien Bundle,"Alien Bundle

2018 Alien Protools (9.28.18 - 10.15.18)
February 2019 Alien + Stems
Alien (070 Shake Reference)

1x Blind My Name Is My Name Song (Pusha T)
1x Blind Yeezus Song
1x Blind SWISH Song
Black Skinhead SNL (2 alt lines)","$1,250","Jun 17, 2023","Jun 17, 2023",Normal,Yes,Link Needed
2023,,JESUS IS KING,JESUS IS KING Bundle,"JESUS IS KING Bundle

Sweet Jesus (All versions + Session)
The Glade (Almost all versions)
Through The Valley (Almost all versions)
The Garden (All 2019 versions)
The Garden (2018 Ye Freestyle)
In The Morning (Ye Freestyle)
Thank You
Selah (March 2019 version) + Stems
Selah (May 2019)
Selah (Pi'erre Bourne version) + Beat Stems
Blind 2019 Wanted song (To The Light)

Timbaland Home Stems
Ant Clemons Healing Stems (replaced by Freak stems)
Blind Donda 2 Reference Track","$1,900","Jun 16, 2023","Jul 8, 2023",Normal,Yes,Link Needed
2023,,DONDA 2 [V1],Blind Donda 2,"Blind Donda 2

Blind Donda 2 Song",$600,"Jun 15, 2023","Jun 18, 2023",Blind,No,N/A
2023,,Donda [V2],NASDAQ,"NASDAQ

NASDAQ + Stems

Selfish (XXXTentacion x Shenseaa version)
Too Easy (Fat Money Reference)","$3,200","May 28, 2023","Jun 6, 2023",Normal,Yes,Link Needed
2023,,DONDA 2 [V1],Flowers,"Flowers

Flowers (will.i.am reference)",$225,"May 23, 2023","May 24, 2023",Blind,Forceleaked,N/A
2023,,DONDA 2 [V1],GOOD Fridays Bundle,"GOOD Fridays Bundle

We Did It Kid (Finished Version) + Stems
We Did It Kid (Fivio Foreign x Fat Money Reference)
Pablo (Cut Down Freestyle)
True Love (GOOD Fridays version)
530 (GOOD Fridays version)
Lord Lift Me Up (Fat Money x Ye)

We Did It Kid (March 2022 version)","$2,900","May 19, 2023","May 26, 2023",Normal,Yes,Link Needed
2023,,Yandhi [V1],Alien Bundle,"Alien Bundle

2018 Alien Protools (9.28.18 - 10.15.18)
February 2019 Alien + Stems
Alien (070 Shake Reference)

1x Blind My Name Is My Name Song (Pusha T)
1x Blind Yeezus Song
1x Blind SWISH Song
Black Skinhead SNL (2 alt lines)
Timbaland Home Stems
Ant Clemons Healing Stems","$1,500","May 17, 2023","Jun 17, 2023",Normal,Reworked,Link Needed
2023,,Multi-Era,Maintenance Bundle + On Fire Bundle,"Maintenance Bundle + On Fire Bundle

Maintenance (Finished version) + Stems
Maintenance (Manson produced version) + Stems
Maintenance (Beach House version)
On Fire (Ye & John Legend Freestyle)
On Fire (Finished version)
On Fire (Session)

2 Rihannas (FOOH Sample version)","$1,950","May 16, 2023","May 16, 2023",Normal,Yes,Link Needed
2023,,Multi-Era,Maintenance Bundle + On Fire Bundle,"Maintenance Bundle + On Fire Bundle

Maintenance (Finished version) + Stems
Maintenance (Manson produced version) + Stems
Maintenance (Beach House version)
Maintenance (Session)
On Fire (Ye & John Legend Freestyle)
On Fire (Finished version)
On Fire (Session)

2 Rihannas (FOOH Sample version)","$3,700","May 13, 2023","May 16, 2023",Normal,Reworked,"https://krakenfiles.com/view/MnoiYfJqBq/file.html
https://krakenfiles.com/view/h5euC8fLvP/file.html
https://krakenfiles.com/view/cUOJKRTgVT/file.html
https://krakenfiles.com/view/jymxbPAjbl/file.html
https://krakenfiles.com/view/WijCi66BYP/file.html
https://krakenfiles.com/view/9ikHwZiByh/file.html"
2023,,SWISH,Wolves,"Wolves

Wolves (x3 alt version)",$600,"May 12, 2023","May 12, 2023",Blind,Yes,N/A
2023,,Donda [V2],Soul De La + Thunder,"Soul De La + Thunder

Soul De La + Stems
Thunder + Stems
Back Then (Thunder Freestyle)
Friends List (Thunder Freestyle)

Unknown Sunday Service Choir Tracklist
Selfish (XXXTentacion x Shenseaa Version)
Too Easy (Fat Money Reference Track)
2 Rihanna's (feat. Pusha T)
Jam 16","$5,000","May 5, 2023","May 12, 2023",Normal,No,"https://krakenfiles.com/view/G5KdJcUy03/file.html
https://krakenfiles.com/view/rvTU8V7R0s/file.html
https://krakenfiles.com/view/8XESVM83VK/file.html
https://krakenfiles.com/view/os1qnDH7cG/file.html"
2023,,Donda [V2],Blind Frank x These Days x NASDAQ,"Blind Frank x These Days x NASDAQ

Blind Frank Ocean (2021 Throwaway)
These Days (2018 Frank Ocean Throwaway)
NASDAQ

3x 88 Keys Blonde Instrumentals
3x Tyler The Creator Songs
Free Game Stems (Uzi x 42 Dugg)
Blind Kendrick Lamar Song
Blind Tisakorean x Don Toliver Song
3x Kali Uchis Songs
Blind Mac Miller x Madlib Song
Blind Lil Yachty Song
Blind G Herbo Song
5x Ant Clemons Songs","$10,000","Apr 28, 2023","May 1, 2023",Normal,Reworked,Link Needed
2023,,DONDA 2 [V1],We Did It Kid Bundle,"We Did It Kid Bundle

We Did It Kid (Dem Jointz version)
We Did It Kid (Ye x Migos x Rich The Kid version) + Stems
We Did It Kid (DaBaby Reference)
We Did It Kid (will.i.am Reference)
We Did It Kid (Freestyle)
We Did It Kid (Beach House version)
We Did It Kid (AyoAA Offset alt verse)
We Did It Kid (AyoAA Quavo alt verse)
We Did It Kid (AyoAA version)

Crash Landing (OG Files)
Treat You Good (Abstract Mindstate) + Stems
I Thought About Killing You (Stems + Alt Mixes)","$5,000","Apr 12, 2023","Apr 28, 2023",Normal,Yes,Link Needed
2023,,DONDA 2 [V1],Too Easy Bundle,"Too Easy Bundle

Too Easy (Dem Jointz version) + Stems
Too Easy (Don Toliver version)
Too Easy (OG Instrumental version) + Stems
Too Easy (Lyric Reference version)

Never Forgive Yourself (Alt Production)
Long Time (Mike Dean & Sage Skolfield version)
Too Easy (DaBaby Reference Track OG File)","$2,800","Apr 10, 2023","Apr 12, 2023",Normal,Yes,https://krakenfiles.com/view/fEBqAdbgyH/file.html
2023,,DONDA 2 [V1],Jesse,"Jesse

Jesse

Jesse (Instrumental)
Honesty (Instrumental)","$1,200","Apr 8, 2023","Apr 12, 2023",Normal,Yes,https://krakenfiles.com/view/uLTC4venMG/file.html
2023,,DONDA 2 [V1],Pablo + Broken Road,"Pablo + Broken Road

Pablo (Ye x Future x Manson x Travis)
Broken Road (Ye x Don Toliver x Shenseaa)

Broken Road (Fat Money ref)
530 (Marilyn Manson version)","$3,000","Mar 23, 2023","Apr 8, 2023",Normal,Yes,"https://krakenfiles.com/view/XN508a2f0V/file.html
https://krakenfiles.com/view/r7ArsCgDNj/file.html
https://krakenfiles.com/view/tMIUzPKwYN/file.html"
2023,,DONDA 2 [V1],88 Bass Guitar,"88 Bass Guitar

88 Bass Guitar (Yung Lean Reference Track)",$750,"Mar 17, 2023","Mar 30, 2023",Normal,Yes,https://krakenfiles.com/view/TaClOTFfSv/file.html
2023,,DONDA 2 [V1],88 Bass Guitar + I Feel Terrific,"88 Bass Guitar + I Feel Terrific

88 Bass Guitar (Yung Lean Reference Track)
I Feel Terrific (88 Keys version)",$950,"Mar 17, 2023","Mar 17, 2023",Normal,Reworked,Link Needed
2023,,Yeezus 2,Yeezus 2 (11.11.13),Yeezus 2 (11.11.13),"$2,300","Mar 15, 2023","Mar 19, 2023",Normal,Yes,https://krakenfiles.com/view/y9AH2ngHRj/file.html
2023,,Yeezus 2,Yeezus 2 (11.11.13),Yeezus 2 (11.11.13),"$3,000","Mar 5, 2023","Mar 15, 2023",Normal,Reworked,https://krakenfiles.com/view/y9AH2ngHRj/file.html
2023,,Yeezus 2,You Ain't No Model Bundle,"You Ain't No Model Bundle

You Ain't No Model x2

Live Together","$1,200","Mar 4, 2023","Mar 5, 2023",Normal,Yes,"https://krakenfiles.com/view/k36rmoAtSH/file.html
https://krakenfiles.com/view/c2yfp1ucJy/file.html"
2023,,Multi-Era,I'll Be Alright + Shy Can't Look + Wouldn't Leave + That Was A Good One + They So Mad,"I'll Be Alright + Shy Can't Look + Wouldn't Leave + That Was A Good One + They So Mad

I'll Be Alright
Shy Can't Look
Wouldn't Leave (LQ LOVE EVERYONE version)
That Was A Good One
2x They So Mad

Thirty Mile Zone","$2,200","Feb 22, 2023","Mar 2, 2023",Normal,Yes,"https://krakenfiles.com/view/D9maZ8wMKw/file.html
https://krakenfiles.com/view/7Mu8DZbm4U/file.html
https://krakenfiles.com/view/MpfmgdUAqj/file.html
https://krakenfiles.com/view/Mq5yFFFvUt/file.html
https://krakenfiles.com/view/R4Y8RClbXb/file.html
https://krakenfiles.com/view/kXchWokvB4/file.html
https://krakenfiles.com/view/BvOzrpQJ8f/file.html
https://krakenfiles.com/view/YUm3Hyr0O4/file.html
https://krakenfiles.com/view/oS47fQUTN0/file.html"
2023,,My Beautiful Dark Twisted Fantasy,Mama's Boy,"Mama's Boy

Mama's Boy (Anthony Kilhoffer version)",$600,"Feb 20, 2023","Feb 21, 2023",Blind,Yes,N/A
2023,,JESUS IS KING,Off The Meds,Off The Meds,$100,"Feb 20, 2023","Feb 20, 2023",Normal,No,https://krakenfiles.com/view/AsnRDWvFIO/file.html
2023,,JESUS IS KING,Nyce Vieux,Nyce Vieux,"$1,600","Feb 18, 2023","Feb 19, 2023",Normal,Yes,https://krakenfiles.com/view/tsF5FuoRuJ/file.html
2023,,DONDA 2 [V1],Closed For Business,"Closed For Business

Closed For Business (AyoAA x Don Toliver)",$500,"Feb 17, 2023","Feb 17, 2023",Normal,Yes,https://krakenfiles.com/view/t0jMDH3Mba/file.html
2023,,So Help Me God,Southside Serenade,"Southside Serenade

Southside Serenade (Ye x Francis)",$800,"Feb 4, 2023","Feb 11, 2023",Normal,Yes,https://krakenfiles.com/view/xTTgLTP30n/file.html
2023,,God's Country,Palm Springs,"Palm Springs

Palm Springs (The-Dream Ref)

The Storm (Alternate Outro)",$300,"Feb 3, 2023","Feb 3, 2023",Normal,Yes,Link Needed
2023,,DONDA 2 [V1],Maintenance,Maintenance,"$2,000","Feb 3, 2023","Feb 16, 2023",Normal,Yes,https://krakenfiles.com/view/HEsScjq9i6/file.html
2023,,Donda [V3],Welcome To UCLA,"Welcome To UCLA

Welcome To UCLA (July 2021)
Welcome To UCLA (DN Produced)",$350,"Feb 2, 2023","Feb 2, 2023",Normal,Yes,Link Needed
2023,,DONDA 2 [V1],Fuck Flowers,"Fuck Flowers

Fuck Flowers (Ref)

Spread Your Wings (Tee Grizzley Reference Track)
Photo (Stems)",$600,"Jan 30, 2023","Feb 1, 2023",Normal,Yes,https://krakenfiles.com/view/INJtqTWBMF/file.html
2023,,Multi-Era,Never Forgive Yourself + Forever,"Never Forgive Yourself + Forever

Never Forgive Yourself
Forever (SWISH) + Stems

Find Out (Stems)
Forever (Original Instrumental)
30 Hours (Darren King Alt)
Creep Theme
Nobody
Good Things Don't Last (Instrumental)
WE FUCK (Stems)","$4,750","Jan 13, 2023","Jan 29, 2023",Normal,Yes,"https://krakenfiles.com/view/HIKTI6cFT0/file.html
https://krakenfiles.com/view/hMp8iGlv0Y/file.html"
2023,,DONDA 2 [V1],Depression,Depression,$650,"Jan 9, 2023","Jan 12, 2023",Normal,Yes,https://krakenfiles.com/view/nlPfVQvFFE/file.html
2023,,Donda [V3],Sheep,"Sheep

Sheep (CyHi Pure Souls Reference Track)",$300,"Jan 3, 2023","Jan 3, 2023",Normal,No,https://krakenfiles.com/view/SKD3OoCO87/file.html
2022,,Good Ass Job,No More Parties In LA,No More Parties In LA,$400,"Dec 30, 2022","Dec 30, 2022",Blind,Forceleaked,N/A
2023,,DONDA [V1],Welcome To My Life,"Welcome To My Life

Welcome To My Life (July 2020)
Welcome To My Life (September 2020)

Petals + Session
One Minute (The WRLDFMS Tony Williams Version)
Malibu (Protools)
Jonah (Vory x Durk)
Hurricane (2 LQ Pre-Wave Runner Freestyles)
College Dorm Sweetheart
Wolves (YZY SZN 1)
Mrs. Misery (Kirby Lauryn Refrence)
Mrs. Misery (John Legend Refrence)
3 (FourFiveSeconds Mumble Demo)
3 (FourFiveSeconds Demo 2)
Awesome (TGFD Version)
Yeezus II Wolves
Why Feel Bad Alt
Drake 30 Hours (15 Second LQ snippet)
Wheezy Lord I Need You (Push x SAINt JHN x SSC)
SNL Last Name
Treat You Good (Pusha T x Ab Liva)
You Ain't No Model (Solo Ye)
You Ain't No Model (CyHi x Ye x Ty)","$10,000","Dec 25, 2022","Jan 8, 2023",Normal,Yes,"https://krakenfiles.com/view/XoYV8FAMBB/file.html
https://krakenfiles.com/view/rX5bkuqkbL/file.html"
2022,,Donda [V3],Ok Ok,"Ok Ok

Ok Ok (Fivio Foreign, KayCyy, Alt Yachty)",$500,"Dec 23, 2022","Dec 24, 2022",Blind,Yes,N/A
2022,,DONDA 2 [V1],Beautiful Life,Beautiful Life,$200,"Dec 22, 2022","Dec 22, 2022",Blind,Yes,N/A
2022,,DONDA 2 [V1],530,530,$600,"Dec 22, 2022","Dec 22, 2022",Blind,Yes,N/A
2022,,DONDA [V1],Karate Kid,"Karate Kid

Karate Kid

DJ Khaled's Son (VC)
Power (prod. Travis Scott) [Tour Instrumental]
Mrs. Robinson (Sample)
Everybody Wants To Rule The World (Open Verse)
KayCyy - Going To The Ocean (Nights Freestyle)
Run It Up (prod. Digital Nas)
Sinners (OG)
Wake The Dead (Pacifist Edit + Pierre)
Welcome To My Life (Snippet #1)
Don't Play With That Boy (Sample Chop)
Zacari - Put a Hoe In Check (feat. Baby Keem)
Extended On Sight Choir From Yeezus Tour (Acapella + Instrumental with Acapella)
Hold My Liquor (Alt Mix)
Guilt Trip (Alt Mix)
Believe What I Say (feat. SAINt JHN)
When I See It (Instrumental + OG File)
Father Stretch My Hands (Drumless, Shortened, feat. Kid Cudi)
When I See It (Kanye West Solo + OG File)
Can't Tell Me Nothing (Mano Remix)
Maker Time - Find The Probability (Demo)
When I See It (Kanye West x The Weeknd + OG File)
Blind KayCyy Grail
Welcome To My Life (Snippet #2)
Ghostface Killah Song
2021 Green Tiles Kanye Video
When I See It (Kirby Lauryn Reference Track + OG File)
Various Blackstar Songs (feat. Nas, Common & Black Thought) (prod. Madlib)","$7,000","Dec 7, 2022","Dec 22, 2022",Normal,Yes,https://krakenfiles.com/view/i5xQ3npu8A/file.html
2022,,DONDA [V1],In God's Country Bundle,"In God's Country Bundle

In God's Country (July 2020)
In God's Country Stems (December)

Grace N Mercy (Stereo)
Praise God (Organ Wondagurl)",$600,"Dec 2, 2022","Dec 3, 2022",Normal,Yes,N/A
2022,,DONDA [V1],In God's Country,"In God's Country

In God's Country (December)","$2,500","Dec 1, 2022","Dec 2, 2022",Blind,Yes,https://krakenfiles.com/view/JOExtA2hzs/file.html
2022,,DONDA [V1],Hold The Line + Follow The Light,"Hold The Line + Follow The Light

Hold The Line (2019 Freestyle)
Hold The Line (July 2020)
Follow The Light (God's Country)","$4,000","Nov 29, 2022","Dec 1, 2022",Normal,No,https://krakenfiles.com/view/NP84LvAysK/file.html
2022,,Yeezus,Nobody To Love,Nobody To Love,$500,"Nov 29, 2022","Nov 29, 2022",Flash,Yes,N/A
2022,,DONDA [V1],Hold The Line,"Hold The Line

Hold The Line (2019 Freestyle)
Hold The Line (July 2020)","$2,500","Nov 27, 2022","Nov 29, 2022",Normal,Reworked,https://krakenfiles.com/view/wuKUSeer48/file.html
2022,,DONDA [V1],Praise God (Lil Baby),"Praise God (Lil Baby)

Praise God (Lil Baby & KayCyy)
Praise God (Wondagurl version)
8x KayCyy Tracks","$1,300","Nov 25, 2022","Nov 29, 2022",Normal,Yes,https://krakenfiles.com/view/FCsp7apEYy/file.html
2022,,DONDA 2 [V1],Mr. Miyagi,"Mr. Miyagi

Mr. Miyagi (Censored + Carti)
Mr. Miyagi (Uncensored + No Carti)","$2,500","Nov 25, 2022","Nov 26, 2022",Normal,Yes,https://krakenfiles.com/view/B33ymXErYw/file.html
2022,,DONDA 2 [V1],530 + Mr. Miyagi,"530 + Mr. Miyagi

530 
Mr. Miyagi (Censored + Carti)
Mr. Miyagi (Uncensored + No Carti)","$7,000","Nov 25, 2022","Nov 25, 2022",Normal,Reworked,https://krakenfiles.com/view/xPDujwQ8LP/file.html
2022,,DONDA 2 [V1],530 + Mr. Miyagi,"530 + Mr. Miyagi

530 
Mr. Miyagi (Censored + Carti) + stems
Mr. Miyagi (Uncensored + No Carti)","$7,000","Nov 25, 2022","Nov 25, 2022",Normal,Reworked,https://krakenfiles.com/view/cdMzDHRdOB/file.html
2022,,DONDA [V1],God's Country (MV Rip),"God's Country (MV Rip)

God's Country (MV Rip)

2x Jesus Lord (Boi-1da versions)","$2,000","Nov 19, 2022","Nov 23, 2022",Normal,Yes,https://krakenfiles.com/view/7IUFWu53vt/file.html
2022,,Multi-Era,Our King + Bound 3,"Our King + Bound 3

Our King (Ye x 2 Chainz x Cons x SSC x Dr. Dre)
Bound 3 (Ye x Cons x Swizz x SSC)

Awakening (July 2020) + Awakening (GC Instrumental)
Better Move (Better Beat)
1 Millisecond of Grace N Mercy
Man Up (Untagged)
Pray 4 Me (9.06)
Pray 4 Me (Tour Version)
God's Country Tracklist
777 (Burn Everything)
2x Desiigner - Liife (feat. Big Sean) (V1) Snippets","$3,400","Nov 2, 2022","Nov 18, 2022",Normal,Yes,"https://krakenfiles.com/view/asDwYzEoZZ/file.html
https://krakenfiles.com/view/3SLOXdNB64/file.html"
2022,,Donda [V2],I Let Go,"I Let Go

Let Go (Ty Dolla $ign Reference)",$500,"Oct 26, 2022","Oct 30, 2022",Normal,Yes,https://krakenfiles.com/view/KTQgVKZ0XK/file.html
2022,,DONDA [V1],Skuuurrr,"Skuuurrr

Skurrr (The WRLDFMS Tony Williams Reference)",$150,"Oct 26, 2022","Oct 27, 2022",Normal,Yes,https://krakenfiles.com/view/zqYWvBfEMR/file.html
2022,,Donda [V2],Run It Up & City Of Lost Angels Bundle,"Run It Up & City Of Lost Angels Bundle

Run It Up (May 2021 - Tracklist) + Stems
Run It Up (June 2021 - Better Mix)
City Of Lost Angels (December 2020 - Tracklist)
City Of Lost Angels (February 2021) + Stems
City Of Lost Angels (Digital Nas Version) + Stems
City Of Lost Angels (June 2021)

I Thought About Killing You (USHER Remix)
We Got Love (NOVA Reference Track)","$2,400","Oct 16, 2022","Oct 23, 2022",Normal,Yes,"https://krakenfiles.com/view/5l6DSxbWob/file.html
https://krakenfiles.com/view/KHNZoVGfNa/file.html
https://krakenfiles.com/view/YU3tWd7kRI/file.html
https://krakenfiles.com/view/sL9z8vwkR4/file.html"
2022,,Donda [V2],HIIII WYD,"HIIII WYD

HIIII WYD (May 2021)","$2,000","Oct 4, 2022","Oct 10, 2022",Normal,Yes,https://krakenfiles.com/view/I69EsrjNvE/file.html
2022,,Donda [V2],Jail & Remote Bundle,"Jail & Remote Bundle

Jail (June 2021)
Remote (June 2021)",$600,"Oct 4, 2022","Oct 14, 2022",Normal,Yes,https://krakenfiles.com/view/504vt4xyEG/file.html
2022,,Donda [V3],Pre-Las Vegas Bundle,"Pre-Las Vegas Bundle

Moon (7.16.21 Version) + Stems
New Again (7.16.21 Version) + Stems
Remote (Ojivolta & Steve Lacy Production) + Stems
Hurricane (7.16.21 Version) + Stems
I Know God Breathed On This (Fya Man Reference) + Stems",$700,"Sep 28, 2022","Oct 2, 2022",Normal,Yes,"https://imgur.gg/f/s5TZdXo
https://imgur.gg/f/MwwE3fv
https://imgur.gg/f/C6YlknK
https://imgur.gg/f/5ZYO7wQ
https://imgur.gg/f/vOGIRph
https://imgur.gg/f/5TNFFkq"
2022,,Donda [V3],Future Bounce,"Future Bounce

Future Bounce (July 2021)",$300,"Sep 25, 2022","Sep 26, 2022",Normal,Yes,"https://krakenfiles.com/view/ykv446ZvTl/file.html
https://krakenfiles.com/view/dBGi9AI324/file.html"
2022,,Multi-Era,This Is The Glory (x3),"This Is The Glory (x3)

This Is The Glory (Solo Ye)
This Is The Glory (Ye x Dr. Dre)
This Is The Glory (Dem Jointz Production)

Champions (ProTools)
Better Move (ProTools)
Nas - Finding Forever
Never Would've Made It (NOVA Reference)
House Party (Alt Version)
Homestead (Instrumental)
??? (LOVE EVERYONE Instrumental)
I Feel Free (Jeremih References)
Closed On Sunday (Untagged)
KayCyy - Outter Space
KayCyy - West Wing","$7,500","Sep 9, 2022","Sep 20, 2022",Normal,Yes,"https://krakenfiles.com/view/5WdQ84a6rk/file.html
https://krakenfiles.com/view/xsny05gbvN/file.html"
2022,,God's Country,Everything (x4),"Everything (x4)

Everything (Solo Ye)
Everything (Ye x Jozzy)
Everything (KayCyy x Jozzy)
Everything (Victory Boyd)","$3,500","Aug 27, 2022","Sep 6, 2022",Normal,Yes,https://krakenfiles.com/view/xMuVljT4gJ/file.html
2022,,Multi-Era,Crash Landing (MV Rip),"Crash Landing (MV Rip)

Crash Landing (MV Rip)
Crash Landing (Visual Album Footage)
DONDA / Blood Of The Lamb (07.20.20 Version)
If I Let Go (June 2021 / Deluxe)

All Mine + XTCY (Vocal Takes)
Life Of The Party (Alt Donda [V2] Version)
Hurricane (TheSource Version)
Stand United (JID x Buddy)
Waves (Stems)
Yeezus Drumkit","$7,500","Aug 11, 2022","Aug 26, 2022",Normal,Yes,"https://krakenfiles.com/view/7nsebVhzLc/file.html
https://krakenfiles.com/view/5KE9cbQVJn/file.html
https://krakenfiles.com/view/hVmuWqAbOB/file.html
https://krakenfiles.com/view/yHBDwiO195/file.html"
2022,,DONDA [V1],Stand United,"Stand United

Stand United (Ye x SAINt JHN x Buju Banton)
24 (Ye x SAINt JHN x Buju Banton)
Keep My Spirit Alive (Visual Album Mix)","$3,000","Aug 4, 2022","Aug 8, 2022",Normal,Forceleaked,https://krakenfiles.com/view/R6tAr7MCBf/file.html
2022,,DONDA [V1],God's Test (x2),"God's Test (x2)

God's Test (""April 2021"" Version)
This Is God's Test (August 2020 Version)

Keep My Spirit Alive (Cons Reference)
God Put Me There (Albe Back Reference)
Water (Solo Ant)
Hurricane (Digital Nas Production)
Hurricane (Digital Nas Production)","$6,000","Jul 15, 2022","Jul 18, 2022",Normal,Yes,"https://krakenfiles.com/view/LXdPYqT7Ca/file.html
https://krakenfiles.com/view/0rGcVg9fsf/file.html
https://krakenfiles.com/view/Q1mLqeXdIk/file.html"
2022,,DONDA [V1],God's Test,"God's Test

God's Test (""April 2021"" Version)","$2,525","Jul 14, 2022","Jul 15, 2022",Normal,Reworked,"https://krakenfiles.com/view/ut3CxQvnxc/file.html
https://krakenfiles.com/view/5kPEKseaVT/file.html"
2022,,Hitler,Skeletons,"Skeletons

Skeletons (March 2018)

Breastplate of Righteousness (Vocal Stem)
Moonlight (Instrumental)
Pusha T - Infrared (Ye References)
Assortment of OG Files (From Yandhi [V2])","$8,000","Jun 23, 2022","Jun 27, 2022",Normal,Yes,https://krakenfiles.com/view/sE2AqIC0pJ/file.html
2022,,DONDA 2 [V1],530,"530

530 (Finished Version)","$3,030","Jun 8, 2022","Jun 9, 2022",Normal,No (Funds Transferred),https://krakenfiles.com/view/3yvCmJkMek/file.html
2022,,DONDA [V1],Praise God,"Praise God

Praise God (July 2020)
Praise God (Instrumental)",$200,"Jun 6, 2022","Jun 6, 2022",Flash,Yes,https://krakenfiles.com/view/Zq4ptDdTBR/file.html
2022,,DONDA [V1],Run + Up From The Ashes,"Run + Up From The Ashes

Run (July 2020)
Up From The Ashes (July 2020)",$985,"Jun 3, 2022","Jun 4, 2022",Normal,Yes,"https://krakenfiles.com/view/Ah1sby2gAF/file.html
https://krakenfiles.com/view/slTKkuNXlm/file.html"
2022,,God's Country,Serving God,"Serving God

Serving God (KayCyy Reference)",$300,"Jun 1, 2022","Jun 2, 2022",Normal,No,https://krakenfiles.com/view/4GtkDqBXk2/file.html
2022,,DONDA [V1],YZYTV Magazine,"YZYTV Magazine

YZYTV Magazine

Believe What I Say (Digital Nas Version)",$450,"May 31, 2022","May 31, 2022",Flash,Yes,N/A
2022,,God's Country,What Has America Done 4 Me,What Has America Done 4 Me,"$1,200","May 29, 2022","May 30, 2022",Normal,Yes,Link Needed
2022,,God's Country,Our King,"Our King

Our King (Cons x KayCyy Reference)",$505,"May 22, 2022","May 25, 2022",Normal,Yes,Link Needed
2022,,Yandhi [V1],Hurricane,"Hurricane

Hurricane (The WRLDFMS Tony Williams Reference)",$50,"May 14, 2022","May 14, 2022",Normal,Yes,Link Needed
2022,,Yeezus 2,I Feel Like That,"I Feel Like That

I Feel Like That (8.14.22 Version)
I Feel Like That (8.14.22 Instrumental)

Heavenly Father (The WRLDFMS Tony Williams Reference)","$1,750","May 7, 2022","May 11, 2022",Blind,Yes,N/A
2022,,SWISH,FML,"FML

FML (Alt Version)",$500,"May 5, 2022","May 5, 2022",Blind,Yes,N/A
2022,,DONDA [V1],In God's Country,"In God's Country

In God's Country (Ant Reference)",$500,"Apr 30, 2022","May 1, 2022",Normal,Yes,N/A
2022,,Donda [V2],Find Out + In God's Country,"Find Out + In God's Country

Find Out
In God's Country (Ant Reference)

KayCyy - ??? (KayCyy x Ye)
KayCyy - ??? (Grail)","$2,200","Apr 28, 2022","Apr 30, 2022",Normal,Reworked,Link Needed
2022,,So Help Me God,Mitus Touch,"Mitus Touch

Mitus Touch (Ye x Rihanna)","$1,500","Apr 26, 2022","Apr 29, 2022",Normal,No,Link Needed
2022,,Yeezus 2,Depiction Of The Devil,"Depiction Of The Devil

Depiction Of The Devil (ProTools for All Versions)
Sell Your Soul (ProTools for All Versions)","$1,550","Apr 20, 2022","Apr 23, 2022",Normal,Yes,Link Needed
2022,,DONDA [V1],24,"24

24 (July 2020 Version)
24 (Music Video)
24 (808 Melo Version)

Precious (Final Version)","$1,800","Apr 16, 2022","Apr 17, 2022",Normal,Yes,Link Needed
2022,,DONDA [V1],24,"24

24 (July 2020 Version)
24 (Music Video)
24 (808 Melo Version)

Hurricane (LQ Alternate Unheard Verse)","$5,000","Apr 14, 2022","Apr 16, 2022",Normal,Reworked,Link Needed
2022,,DONDA [V1],Precious,"Precious

Precious (07.20.20 Version)",$750,"Mar 26, 2022","Mar 26, 2022",Blind,Yes,N/A
2022,,Cruel Winter [V2],Face Down,Face Down,$500,"Mar 23, 2022","Mar 25, 2022",Normal,Yes,Link Needed
2022,,Donda [V2],Christ Is My Friend,"Christ Is My Friend

Christ Is My Friend (Steve Lacy Reference)
LOVE EVERYONE Freestyle (Yandhi [V1] Freestyle)","$1,100","Mar 23, 2022","Mar 23, 2022",Normal,No,Link Needed
2022,,Graduation,Graduation Bundle,"Graduation Bundle

I Wonder (Stems)
Stronger (Stems)
Big Brother (Stems)
Homecoming (Stems)
Got Money
Big Brother (Alt Version)
Good Life (Alt Version)
Drunk And Hot Girls (Alt Version)
Common - Southside (Alt Version)
Homecoming (Alt Version)
Good Night (Alt Version)
Flashing Lights (Alt Instrumental)
Barry Bonds (Alt Instrumental)
Can't Tell Me Nothing (Acapella)
Can't Tell Me Nothing (Instrumental)
Champion (Instrumental)

24 (""June 2021"")","$1,000","Mar 20, 2022","Mar 21, 2022",Normal,Yes,Link Needed
2022,,DONDA [V1],24,"24

24 (January 2021)
24 (""April 2021"" [December 2020/January 2021])
Praise God (December 2020)

Jonah (Ye Freestyle)
Feel A Way (Consequence Reference)","$1,800","Mar 19, 2022","Mar 19, 2022",Normal,Yes,Link Needed
2022,,DONDA [V1],Let The Spirit Go Wild,"Let The Spirit Go Wild

Let The Spirit Go Wild (Ant Reference)
Let The Spirit Go Wild (Nikki Grier Reference)

South Carolina (Digital Nas Production)",$750,"Mar 13, 2022","Mar 16, 2022",Normal,Yes,Link Needed
2022,,Donda [V2],Pray And Leave It There,"Pray And Leave It There

Pray And Leave It There (Nikki Grier Reference)
FML (January 2016)
FML (January 2016 Stems)
Remote (Digital Nas Production)
Remote (Digital Nas Production Stems)",$500,"Mar 10, 2022","Mar 12, 2022",Normal,Yes,Link Needed
2022,,Donda [V2],Go Left + Hype,"Go Left + Hype

Go Left
Go Left (Stems)
Hype
Hype (Stems)

Keep Em In Check
Clout (Consequence Reference)","$3,000","Mar 3, 2022","Mar 10, 2022",Normal,Yes,https://krakenfiles.com/view/IcSLMraqOZ/file.html
2022,,Donda [V2],Go Left + Hype,"Go Left + Hype

Go Left
Go Left (Stems)
Hype
Hype (Stems)","$2,000","Mar 2, 2022","Mar 3, 2022",Normal,Reworked,https://krakenfiles.com/view/paBh008Rxk/file.html
2022,,DONDA [V1],2x South Carolina,"2x South Carolina

South Carolina (January 2021)
South Carolina (May 2021)

To The Roof (Stems)",$600,"Feb 26, 2022","Feb 28, 2022",Normal,Yes,https://krakenfiles.com/view/uNqZQne7Jj/file.html
2022,,Multi-Era,Liberated + Water,"Liberated + Water

Liberated
Liberated (Stems)
Water (Solo Ant)","$1,000","Feb 19, 2022","Feb 24, 2022",Charity,Yes,https://krakenfiles.com/view/O0Nq2xbxi5/file.html
2022,,God's Country,What Has America Done 4 Me + Go Left,"What Has America Done 4 Me + Go Left

What Has America Done 4 Me
Go Left
Go Left (Stems)","$4,000","Jan 28, 2022","Feb 9, 2022",Normal,No,https://krakenfiles.com/view/1G0jpFPLcX/file.html
2022,,DONDA [V1],He Gave It All,"He Gave It All

He Gave It All (January 2021)
He Gave It All (SSC)","$1,400","Jan 11, 2022","Jan 19, 2022",Normal,Yes,https://krakenfiles.com/view/12Bwps9w37/file.html
2022,,DONDA [V1],24 + He Gave It All,"24 + He Gave It All

24 (""April 2021"")
He Gave It All (January 2021)
He Gave It All (SSC)","$3,700","Jan 8, 2022","Jan 11, 2022",Normal,Reworked,Link Needed
2022,,DONDA [V1],Lord I Need You + Livin It Up,"Lord I Need You + Livin It Up

Lord I Need You (July 2020)
Lord I Need You (Nino Blu Reference)
Livin It Up (Don Toliver Reference)
Livin It Up (Don Toliver Reference Stems)
Ultrasounds (July 2020 Stems)
Hurricane (December 2020)","$4,750","Dec 12, 2021","Jan 3, 2022",Normal,Yes,Link Needed
2021,,DONDA [V1],Fighting Fires + Top,"Fighting Fires + Top

Fighting Fires (""April 2021"")
Fighting Fires (""April 2021"" Stems)
Fighting Fires (Swae Lee Reference)
Fighting Fires (KayCyy Reference)
Top
Top (Stems)

Aye Ye Ye (Alt Instrumental)
Hurricane (July 2020)
Ultrasounds (July 2020)
Swole (Freestyle)
Swole (Instrumental)
Daylight (June Alt Version)","$5,000","Nov 20, 2021","Dec 1, 2021",Normal,Yes,Link Needed
2021,,Donda [V2],South Carolina,"South Carolina

South Carolina (June 2021)","$2,700","Nov 10, 2021","Nov 19, 2021",Normal,Yes,https://krakenfiles.com/view/5sw49Jnw4X/file.html
2021,,Yandhi [V1],"""30GB of No Yandhi""","""30GB of No Yandhi""

~23gb of Yandhi [V1] content","$1,700","Nov 11, 2021","Nov 11, 2021",Normal,Yes,Link Needed
2021,,Yandhi [V1],"""60GB of No Yandhi""","""60GB of No Yandhi""

~60gb of Yandhi [V1] + miscellaneous content","$3,000","Oct 25, 2021","Nov 11, 2021",Normal,Reworked,Link Needed
2021,,Multi-Era,"""The Buy Of The Year""","""The Buy Of The Year""

Hovercraft / Ops Block (Freestyle)
Hovercraft / Ops Block (ProTools)
Hovercraft (Alt Version)
Hovercraft (Cailin Russo Version)
Hovercraft (Stems)
Let Go / On His Head (Freestyle)
Let Go / On His Head (Freestyle)
Let Go / On His Head (ProTools)
Aye Ye Ye (Freestyle)
Clouted Up
DONDA [V1] New Years Tracklist","$5,000","Oct 21, 2021","Oct 24, 2021",Normal,Yes,"https://krakenfiles.com/view/00ZT3ULwJr/file.html
https://krakenfiles.com/view/vKHa6nfbdS/file.html"
2021,,Multi-Era,Junya Watanabe + Black Men Don't Cheat,"Junya Watanabe + Black Men Don't Cheat

Junya Watanabe (Alt Version)
Junya Watanabe (Alt Version)
Junya Watanabe (Stems)
Black Men Don't Cheat (Chance the Rapper Reference)","$1,600","Oct 15, 2021","Oct 21, 2021",Normal,Yes,"https://krakenfiles.com/view/vsGInYdlYm/file.html
https://krakenfiles.com/view/w7HJTkoO9x/file.html"
2021,,Donda [V3],Heaven and Hell ProTools,"Heaven and Hell ProTools

Heaven and Hell (ProTools)","$2,000","Oct 13, 2021","Oct 14, 2021",Normal,Yes,Link Needed
2021,,Donda [V3],Heaven and Hell ProTools,"Heaven and Hell ProTools

Heaven and Hell (ProTools)","$2,500","Oct 9, 2021","Oct 13, 2021",Normal,Reworked,Link Needed
2021,,God's Country,Tulsa,"Tulsa

Tulsa

WOW (Justxn Paul Reference)
Hollywood (Justxn Paul Reference)","$1,500","Oct 6, 2021","Oct 8, 2021",Normal,Yes,Link Needed
2021,,Donda [V3],House Hurricane,"House Hurricane

Hurricane (Housecane)",$600,"Oct 6, 2021","Oct 6, 2021",Normal,Yes,Link Needed
2021,,Donda [V3],LP2 + LP2 SSC,"LP2 + LP2 SSC

LP2 Bounces
LP2 SSC","$2,000","Oct 2, 2021","Oct 2, 2021",Normal,Yes,Link Needed
2021,,DONDA [V1],To The Roof,"To The Roof

To The Roof
To The Roof (Stems)","$2,250","Sep 29, 2021","Oct 1, 2021",Blind,No (Funds Transferred),N/A
2021,,JESUS IS KING,JESUS IS KING Stems,"JESUS IS KING Stems

Assortment of Stems (From JESUS IS KING 10.05)",$400,"Sep 24, 2021","Sep 24, 2021",Blind,Yes,N/A
2021,,DONDA [V1],Future Sounds,"Future Sounds

Future Sounds (Movie Version)
Future Sounds (SSC)",$600,"Sep 23, 2021","Sep 23, 2021",Normal,Yes,
2021,,DONDA [V1],I Know God Breathed On This,"I Know God Breathed On This

""JIIK"" I Know God Breathed On This (January 2021)
""JIIK"" I Know God Breathed On This (Stems)","$1,250","Sep 20, 2021","Sep 22, 2021",Blind,Yes,N/A
2021,,DONDA [V1],Off The Grid,"Off The Grid

Off The Grid (December 2020)
Off The Grid (Stems)",$850,"Sep 19, 2021","Sep 19, 2021",Blind,Yes,N/A
2021,,DONDA [V1],Praise God,"Praise God

Praise God (December 2020)
Praise God (Stems)",$600,"Sep 18, 2021","Sep 18, 2021",Blind,Yes,N/A
2021,,Donda [V3],South Carolina,"South Carolina

South Carolina (LV Version)",$500,"Sep 6, 2021","Sep 7, 2021",Blind,Yes,N/A
2021,,DONDA [V1],24 SSC + Lord I Need You SSC,"24 SSC + Lord I Need You SSC

24 (SSC)
Lord I Need You (SSC)

Street Lights (SSC)","$1,000","Aug 15, 2021","Aug 22, 2021",Normal,Yes,Link Needed
2021,,God's Country,Wash Us In The Blood,"Wash Us In The Blood

Wash Us In The Blood (Alt Version)
Wash Us In The Blood (Alt Version)

??? (LOVE EVERYONE Freestyle)",$800,"Aug 10, 2021","Aug 14, 2021",Normal,Yes,https://krakenfiles.com/view/Klr0dA8edJ/file.html
2021,,DONDA [V1],Tell The Vision,"Tell The Vision

Tell The Vision (Ye x Conway x 2 Chainz)","$2,500","Aug 4, 2021","Aug 5, 2021",Normal,Forceleaked,https://krakenfiles.com/view/z2MxFQ7Slb/file.html
2021,,DONDA [V1],Hurricane SSC,"Hurricane SSC

Hurricane (SSC)

Alien (Movie Version)",$850,"Aug 3, 2021","Aug 4, 2021",Normal,Yes,"https://krakenfiles.com/view/VmIjBL4q8q/file.html
https://krakenfiles.com/view/HjhPUDLls8/file.html"
2021,,Hitler,Ghost Town,"Ghost Town

Ghost Town (Someday)","$1,500","Jul 16, 2021","Jul 18, 2021",Normal,Yes,Link Needed
2021,,Multi-Era,Ghost Town + 3 + Anxiety,"Ghost Town + 3 + Anxiety

Ghost Town (Someday)
3 / FourFiveSeconds (Early Version with Paul)
Anxiety","$5,000","Jul 4, 2021","Jul 16, 2021",Normal,Reworked,Link Needed
2021,,Yeezus 2,Never Let Me Go,Never Let Me Go,"$10,000","Jun 16, 2021","Jun 27, 2021",Normal,Forceleaked,https://krakenfiles.com/view/UNIKOISOOh/file.html
2021,,Yeezus 2,The WRLDFMS Tony Williams God Level,"The WRLDFMS Tony Williams God Level

God Level (The WRLDFMS Tony Williams Reference)","$2,000","Jun 15, 2021","Jun 16, 2021",Normal,Yes,https://krakenfiles.com/view/drJnQfTpEA/file.html
2021,,JESUS IS KING: The Dr. Dre Version,God Is,God Is,"$1,500","Jun 9, 2021","Jun 16, 2021",Normal,Yes,Link Needed
2021,,Yandhi [V1],Sky City 09.23,"Sky City 09.23

Sky City (09.23 Version)","$1,500","May 31, 2021","Jun 3, 2021",Normal,Yes,https://krakenfiles.com/view/R6bWaVWTfJ/file.html
2021,,God's Country,Hear Our Prayers,"Hear Our Prayers

Hear Our Prayers (Kanye Version)
Hear Our Prayers (KayCyy Reference)","$2,000","May 11, 2021","May 31, 2021",Normal,Yes,Link Needed
2021,,Yandhi [V2],"Jam 7 + ""LE"" Demos","Jam 7 + ""LE"" Demos

Jam 7
Again
Bottom Line
Kanye West G","$1,000","Mar 20, 2021",Info needed,Normal,No,"https://krakenfiles.com/view/11KntWjE4B/file.html
https://krakenfiles.com/view/46G8BjD7jQ/file.html
https://krakenfiles.com/view/ExY87oGtDU/file.html
https://krakenfiles.com/view/vqD03Da4qW/file.html"
2021,,Yandhi [V2],Jam 7,Jam 7,$400,"Mar 19, 2021","Mar 20, 2021",Normal,Reworked,https://krakenfiles.com/view/6SFEgqniyi/file.html
2021,,Yandhi [V2],Survive,"Survive

Survive (Tee Grizzley Reference)
Queen Bitch (Ye Demo)
A Boogie wit da Hoodie - Luv Is Art (feat. Lil Uzi Vert) (Fake)",$650,"Mar 10, 2021","Mar 10, 2021",Normal,Forceleaked,https://krakenfiles.com/view/f7lAPWXOx3/file.html
2021,,Yandhi [V2],Survive,"Survive

Survive (Tee Grizzley Reference)
Queen Bitch (Ye Demo)",$750,"Mar 8, 2021","Mar 10, 2021",Normal,Reworked,https://krakenfiles.com/view/N83znh21YK/file.html
2021,,Cruel Winter [V2],Face Down,Face Down,$950,"Feb 25, 2021","Mar 1, 2021",Normal,No,https://krakenfiles.com/view/w23JV2RQ7O/file.html
2021,,JESUS IS KING: The Dr. Dre Version,On God + God Is,"On God + God Is

On God
God Is","$3,100","Feb 22, 2021","Feb 28, 2021",Normal,No,"https://krakenfiles.com/view/pDgj5pWoFD/file.html
https://krakenfiles.com/view/uC80JqYvZ2/file.html"
2021,,Yandhi [V2],Downtown Soul,"Downtown Soul

Downtown Soul (feat. YNW Melly)",$750,"Feb 17, 2021",Info needed,Normal,No,https://krakenfiles.com/view/BA3s4dVKEi/file.html
2021,,Yandhi [V2],Downtown Soul,"Downtown Soul

Downtown Soul (feat. YNW Melly)","$1,069","Feb 15, 2021","Feb 17, 2021",Normal,Reworked,https://imgur.gg/f/9djGir1
2021,,JESUS IS KING: The Dr. Dre Version,Intro / Every Hour / Selah,Intro / Every Hour / Selah,"$3,000","Feb 6, 2021","Feb 13, 2021",Normal,Yes,https://krakenfiles.com/view/4EDzPIS5yg/file.html
2021,,JESUS IS KING: The Dr. Dre Version,Follow God,"Follow God

Follow God
Law Of Attraction (CyHi)","$2,000","Jan 22, 2021","Feb 6, 2021",Normal,Yes,https://krakenfiles.com/view/shYEn3vFD7/file.html
2021,,Yandhi [V1],We Got Love,We Got Love,"$2,000","Jan 2, 2021","Jan 10, 2021",Normal,Forceleaked,https://imgur.gg/f/hUljISK
2020,,Yandhi [V1],"""SNL Last Name""","""SNL Last Name""

Last Name (Short)","$1,600","Dec 12, 2020","Dec 15, 2020",Normal,Yes,Link Needed
2020,,Multi-Era,Face Down + Lovely,"Face Down + Lovely

Face Down (Solo)
Lovely",$750,"Dec 3, 2020","Dec 3, 2020",Normal,Yes,https://imgur.gg/f/mtRG2Po
2020,,Multi-Era,Tragically Beautiful + Cruel Winter,"Tragically Beautiful + Cruel Winter

Tragically Beautiful (Blame Game OG) (Fake)
Cruel Winter (Fake)","$2,500","Nov 7, 2020","Nov 9, 2020",Normal,Yes,"https://imgur.gg/f/ts1BGqa
https://imgur.gg/f/eFoUPUT"
2020,,DONDA [V1],"""Keep My Spirit Alive""","""Keep My Spirit Alive""

SAINt JHN - Pray 4 Me (feat. Kanye West)","$1,600","Oct 26, 2020","Oct 27, 2020",Normal,Forceleaked,Link Needed
2020,,Good Ass Job,Hard Horn Nightmare,Hard Horn Nightmare,"$2,500","Aug 15, 2020","Aug 15, 2020",Normal,Yes,Link Needed
2020,,SWISH,Real Friends,"Real Friends

Real Friends (Solo)",$765,"Aug 9, 2020","Aug 9, 2020",Normal,No,Link Needed
2020,,Yandhi [V1],Garden,"Garden

Garden [V?? Info needed]",$900,"Aug 4, 2020","Aug 4, 2020",Normal,No,Link Needed
2020,,Yeezus 2,Special,"Special

Special (Later version)",$700,"Jul 31, 2020","Aug 1, 2020",Normal,No,Link Needed
2020,,Yeezus 2,Special,"Special

Special (Earlier version)","$1,300","Jul 31, 2020","Jul 31, 2020",Normal,Yes,Link Needed
2020,,Hitler,2 Love Everyone Demos,"2 Love Everyone Demos

Info needed","$1,000","Jul 23, 2020","Jul 25, 2020",Normal,No,Link Needed
2020,,Yandhi [V2],Photo,"Photo

Photo (Kanye Version)
Photo (CyHi Reference)",$500,"Jul 16, 2020","Jul 17, 2020",Normal,Yes,"https://imgur.gg/f/JlkTYGJ
https://imgur.gg/f/lcG8GU7
https://imgur.gg/f/dUoosLo"
2020,,Yandhi [V2],Bad Little Darling,Bad Little Darling,$500,"Jun 26, 2020","Jun 26, 2020",Normal,Yes,Link Needed
2020,,God's Country,Wash Us In The Blood,"Wash Us In The Blood

Wash Us In The Blood (Mumble Demo)","$1,500","Jun 20, 2020","Jun 22, 2020",Normal,Yes,Link Needed
2020,,Hitler,Fine Line,Fine Line,$800,"May 8, 2020","May 9, 2020",Normal,No,Link Needed
2020,,JESUS IS KING,LA Monster + I Know God Breathed On This,"LA Monster + I Know God Breathed On This

LA Monster
LA Monster (Jesus Is King 2 Version)
I Know God Breathed On This","$5,000","Mar 12, 2020","Mar 14, 2020",Normal,Yes,Link Needed
2020,,JESUS IS KING,LA Monster,"LA Monster

La Monster
LA Monster (Jesus Is King 2 Version)","$5,000","Mar 12, 2020","Mar 12, 2020",Normal,Reworked,Link Needed
2020,,Yandhi [V2],Ego Death,"Ego Death

Ty Dolla $ign - Ego Death (feat. Kanye West, serpentwithfeet, and FKA Twigs)","$2,000","Feb 29, 2020","Feb 29, 2020",Normal,Yes,Link Needed
2020,,JESUS IS KING,Glory,"Glory

Glory (Mumble Demo with Labrinth)
Glory (Open verse with 1 verse and Victory Boyd)","$1,700","Feb 25, 2020","Feb 28, 2020",Normal,Yes,Link Needed
2020,,JESUS IS KING,Wake The Dead,"Wake The Dead

Wake The Dead

Ant Clemons - Blessings (feat. Quentin Miller)","$2,000","Feb 21, 2020","Feb 22, 2020",Normal,Yes,Link Needed
2020,,Multi-Era,I Am A God + Chance Free,"I Am A God + Chance Free

I Am A God (Demo)
Free (Chance The Rapper Reference)",$850,"Feb 19, 2020","Feb 19, 2020",Normal,No,Link Needed
2020,,Multi-Era,I Am A God + Paper Thin Love,"I Am A God + Paper Thin Love

I Am A God (Demo)
""Paper Thin Love"" (30 Hours Demo)","$1,000","Feb 13, 2020","Feb 19, 2020",Normal,Reworked,Link Needed
2020,,Yandhi [V2],Cash To Burn + Closed On Sunday,"Cash To Burn + Closed On Sunday

Cash To Burn (Styles P Reference with Kenny G)
Closed On Sunday (Ant Clemons Reference)",$550,"Jan 25, 2020","Jan 31, 2020",Normal,Yes,Link Needed
2020,,Yandhi [V2],Cash To Burn + Ant Clemons - Blessings,"Cash To Burn + Ant Clemons - Blessings

Cash To Burn (Styles P Reference with Kenny G)
Ant Clemons - Blessings (feat. Quentin Miller)",$700,"Jan 25, 2020","Jan 25, 2020",Normal,Reworked,Link Needed
2020,,Yandhi [V2],Ant Clemons - Blessings + Waiting For God,"Ant Clemons - Blessings + Waiting For God

Ant Clemons - Blessings (feat. Quentin Miller)
End Of It",$600,"Jan 17, 2020","Jan 18, 2020",Normal,No,Link Needed
2020,,Yandhi [V1],New Body Bundle,"New Body Bundle

New Body (6ix9ine Hook)
New Body (Ant Clemons Reference)
New Body (Desiigner Reference)

New Body (feat. 6ix9ine & Ty Dolla $ign)
New Body (6ix9ine Acapella)","$1,000","Jan 15, 2020","Jan 16, 2020",Normal,Yes,Link Needed
2020,,Yandhi [V1],New Body Bundle,"New Body Bundle

New Body (6ix9ine Hook)
New Body (Ant Clemons Reference)
New Body (Desiigner Reference)

New Body (feat. 6ix9ine & Ty Dolla $ign)
New Body (6ix9ine Acapella)","$1,250",Info Needed,"Jan 15, 2020",Normal,Reworked,Link Needed
2020,,Yandhi [V1],New Body Bundle,"New Body Bundle

New Body (6ix9ine Hook)
New Body (Ant Clemons Reference)
New Body (Desiigner Reference)

New Body (feat. 6ix9ine & Ty Dolla $ign)
New Body (6ix9ine Acapella)","$1,500","Jan 10, 2020",Info Needed,Normal,Reworked,Link Needed
2020,,Yandhi [V2],Smokepurrp - No Problem,"Smokepurrp - No Problem

Smokepurrp - No Problem (feat. Kanye West)","$1,000","Jan 2, 2020","Jan 2, 2020",Normal,Forceleaked,Link Needed
2020,,Yandhi [V2],Smokepurrp - No Problem,"Smokepurrp - No Problem

Smokepurrp - No Problem (feat. Kanye West)","$1,250","Jan 2, 2020","Jan 2, 2020",Normal,Reworked,Link Needed
2019,,Yandhi [V2],Garden V2 + Freeee Jeremih Reference,"Garden V2 + Freeee Jeremih Reference

Garden (Timbaland Version)
Freeee (Jeremih Reference)",$700,"Dec 22, 2019","Dec 24, 2019",Normal,No,Link Needed
2019,,Yandhi [V1],Bye Bye Baby + I Kill For Fun + Me Too,"Bye Bye Baby + I Kill For Fun + Me Too

Bye Bye Baby (feat. Mykki Blanco) [10.04.18 Version]
I Kill For Fun (feat. YNW Melly)
Me Too","$2,250","Dec 15, 2019","Dec 18, 2019",Normal,Yes,Link Needed
2019,,Yandhi [V1],Young Thug & Ty Hurricane + Migos Alien,"Young Thug & Ty Hurricane + Migos Alien

Hurricane (feat. Young Thug & Ty Dolla $ign)
Alien (feat. Migos)","$2,000","Dec 12, 2019","Dec 14, 2019",Normal,Yes,Link Needed
2019,,ye,Violent Nights + Cudi Storm,"Violent Nights + Cudi Storm

Violent Nights (feat. Ty Dolla $ign)
The Storm (feat. Kid Cudi)","$2,500","Nov 13, 2019","Nov 16, 2019",Normal,Yes,Link Needed
2019,,JESUS IS KING,LA Monster + Violent Nights + Cudi Storm,"LA Monster + Violent Nights + Cudi Storm

LA Monster
Violent Nights (feat. Ty Dolla $ign)
The Storm (feat. Kid Cudi)","$4,000","Nov 13, 2019","Nov 16, 2019",Normal,Reworked,Link Needed
2019,,Yandhi [V1],Tom Cruise + Problem + Chakras,"Tom Cruise + Problem + Chakras

Tom Cruise
Problem
Chakras","$1,500","Oct 29, 2019","Nov 1, 2019",Normal,Yes,Link Needed
2019,,Yandhi [V1],Last Name,"Last Name

Last Name (feat. Ant Clemons)
Alien (feat. Kid Cudi)

Simulation Baptize (feat. A$AP Rocky & Pardison Fontaine)
2012 Reference track","$5,000","Oct 10, 2019","Oct 14, 2019",Normal,Yes,Link Needed
2019,,Yandhi [V1],Last Name,"Last Name

Last Name (feat. Ant Clemons)
New Body (feat. 6ix9ine)","$5,000","Oct 10, 2019","Oct 14, 2019",Normal,Reworked,Link Needed
2019,,Yandhi [V1],Godzilla,"Godzilla

Godzilla (feat. Young Thug)","$1,500","Oct 6, 2019","Oct 10, 2019",Normal,Yes,Link Needed
2019,,Yandhi [V2],Untitled feat. Ty Dolla Sign & 070 Shake + Welcome to UCLA + Yikes OG,"Untitled feat. Ty Dolla Sign & 070 Shake + Welcome to UCLA + Yikes OG

Sky City (prod. Timbaland)
Welcome to UCLA
Yikes (OG)","$1,500","Oct 2, 2019","Oct 3, 2019",Normal,Yes,Link Needed
2019,,Yandhi [V1],Hurricane,"Hurricane

Hurricane (prod. Cashmere Cat)",$750,"Sep 28, 2019","Sep 30, 2019",Normal,Yes,Link Needed
2019,,Yandhi [V1],Hurricane,"Hurricane

Hurricane (feat. Ant Clemons)","$2,000","Sep 25, 2019","Sep 28, 2019",Normal,Yes,Link Needed
2019,,Yandhi [V2],Cash To Burn,"Cash To Burn

Cash To Burn (Mumble Demo)
Cash To Burn (Ant Clemons Version)
Cash To Burn (Stems)","$1,250","Aug 27, 2019",Info Needed,Normal,Reworked,Link Needed
2019,,SWISH,Caprisun,"Caprisun

Bad Night (Without Beatswitch)","$1,300",Info Needed,"Aug 2, 2019",Normal,Yes,
2019,,SWISH,Caprisun,"Caprisun

Bad Night (Without Beatswitch)","$1,500","July 29, 2019",Info Needed,Normal,Reworked,Link Needed
2019,,Yeezus 2,God Level + Ultimate Lie,"God Level + Ultimate Lie

God Level
Ultimate Lie","$1,000","Jul 17, 2019","Jul 19, 2019",Normal,Yes,
2019,,Yandhi [V2],"""Chakras + Bye Bye Baby""","""Chakras + Bye Bye Baby""

Law of Attraction
Spread Your Wings","$3,500","Jul 16, 2019","Jul 17, 2019",Normal,Yes,
2019,,Yandhi [V1],Alien,Alien,"$2,000","Jul 14, 2019","Jul 16, 2019",Normal,Yes,
2019,,Yandhi [V1],The Storm,"The Storm

The Storm (feat. Ty Dolla $ign & XXXTENTACION)","$3,000","Jul 11, 2019","Jul 12, 2019",Normal,Yes,Link Needed
2019,,Yandhi [V1],New Body,"New Body

New Body (feat. Ty Dolla $ign & Nicki Minaj)","$1,000","July 9, 2019","July 10, 2019",Normal,Forceleaked,
2019,,Turbo Grafx 16,Don't Act Like You Care,"Don't Act Like You Care

Post Malone - Don't Act Like You Care (feat. Kanye West & Justin Bieber)","$2,500",Info Needed,"Jun 28, 2019",Normal,Yes,Link Needed
2019,,Turbo Grafx 16,Fuck The Internet,"Fuck The Internet

Post Malone - Fuck The Internet (feat. Kanye West)",$400,Info Needed,"May 25,2019",Normal,Yes,
2017,,SWISH,Pressure,"Pressure

Pressure (Music Mafia)","2 BTC (~$5,000.00)","Jun 11, 2017","Jun 27, 2017",Normal,No,https://imgur.gg/f/Oj14fQj
