 ,Name,Notes,Designer,Resolution,Image,Art Type,Project Type,Used?,Link(s)
,The Last Supper,,,,,,,,
The Last Supper,Shattered Fractal [Cover],The art for Oliver's Soundcloud release Shattered Fractal. Was made using Photoshop and Apple's Photobooth app for Mac.,,640 x 480,,Digital,Front Cover,Yes,https://i1.sndcdn.com/artworks-000001694902-w0eics-original.jpg
The Last Supper,Day Dreamer (Gorilla Zoe Remix) [Cover],The art for Oliver's Soundcloud release Day Dreamer.,,224 x 224,,Digital,Front Cover,Yes,https://i1.sndcdn.com/artworks-000002829632-u4pgxi-original.jpg
The Last Supper,Gentle Giant [Cover],The art for Oliver's Soundcloud release Gentle Giant. Edited with QuickTime 7.6.3 and was encoded 10/15/2010.,,164 x 166,,Digital,Front Cover,Yes,https://i1.sndcdn.com/artworks-000002638902-b4e49z-original.jpg
The Last Supper,Constant Isolation [Cover],The art for Oliver's Soundcloud release Constant Isolation. Edited with QuickTime 7.6.3 and encoded 10/08/2010.,,258 x 195,,Digital,Front Cover,Yes,https://i1.sndcdn.com/artworks-000002568257-xlt90z-original.jpg
The Last Supper,Turn The Music Up [Cover],The art for Oliver's Soundcloud release Turn The Music Up.,,275 x 183,,Digital,Front Cover,Yes,https://i1.sndcdn.com/artworks-000002568498-6l5bvo-original.jpg
The Last Supper,Put It On (Big L Remix) [Cover],The art for Oliver's Soundcloud release Put It On. Edited with QuickTime 7.6.3 and encoded on 10/15/2010.,,198 x 180,,Digital,Front Cover,Yes,https://i1.sndcdn.com/artworks-000002638352-9l6m49-original.jpg
The Last Supper,Ja Break [V1] [Cover],The art for the first version of Oliver's Soundcloud release Ja Break. Edited with QuickTime 7.6.3 and encoded on 10/18/2010.,,225 x 225,,Digital,Front Cover,Yes,https://i1.sndcdn.com/artworks-000002710393-8q1kem-original.jpg
The Last Supper,World Wide / Kryph on the Mic [Cover],The art for Oliver's Soundcloud release World Wide.,,248 x 204,,Digital,Front Cover,Yes,https://i1.sndcdn.com/artworks-000002776818-cbzbhf-original.jpg
The Last Supper,Shadow Conspiracy [Cover],The art for Oliver's Soundcloud release Shadow Conspiracy. Edited with QuickTime 7.6.3 and encoded on 10/31/2010.,,711 x 640,,Digital,Front Cover,Yes,https://i1.sndcdn.com/artworks-000001694902-w0eics-original.jpg
The Last Supper,Gaining Momentum [Cover],The art for Oliver's Soundcloud release Gaining Momentum.,,1800 x 1222,,Digital,Front Cover,Yes,https://i1.sndcdn.com/artworks-000002910369-lpvqpm-original.jpg
The Last Supper,Deliberate Decisions [Cover],"The art for Oliver's Soundcloud release Deliberate Decisions.
The image used is a photograph by Nick Brandt titled `Elephant With Exploding Dust, Amboseli, 2004` and it was apart of his series titled `On This Earth.` Nick Brandt has seemingly removed all known digital uploads of this photo, minus ones from auction houses. A high quality version that doesn't fully match the one Oliver used can be viewed here.",Nick Brandt,560 x 568,,Digital,Front Cover,Yes,https://i1.sndcdn.com/artworks-000003259895-2x2s8r-original.jpg
The Last Supper,Once It's Gone [Cover],The art for Oliver's Soundcloud release Once It's Gone.,,225 x 225,,Digital,Front Cover,Yes,https://i1.sndcdn.com/artworks-000003850098-zyveki-original.jpg
The Last Supper,ABC (Jackson 5 Remix) [Cover],The art for Oliver's Soundcloud release ABC.,,400 x 366,,Digital,Front Cover,Yes,https://i1.sndcdn.com/artworks-000004932967-u6g97g-original.jpg
The Last Supper,Juicy (The Notorious B.I.G / Emily Wells Remix) [Cover],The art for Oliver's Soundcloud release Juicy.,,535 x 535,,Digital,Front Cover,Yes,https://i1.sndcdn.com/artworks-000005566835-xk2red-original.jpg
The Last Supper,Ja Break [V2] [Cover],The art for the second version of Oliver's Soundcloud release Ja Break.,,500 x 375,,Digital,Front Cover,Yes,https://i1.sndcdn.com/artworks-000005771622-ss9bo8-original.jpg
The Last Supper,Next Level Shit [Cover],The art for Oliver's Soundcloud release Next Level Shit. Edited in Adobe Photoshop and ecnoded on 01/10/2006.,,1024 x 1024,,Digital,Front Cover,Yes,https://i1.sndcdn.com/artworks-000006596429-ru764n-t500x500.jpg
The Last Supper,Tully [Cover V1],"The original artwork for Tully, replaced some time after the track was uploaded.",,,,Digital,Front Cover,Yes,Link Needed
The Last Supper,Tully [Cover V2],The art for Oliver's Soundcloud release Tully. Picture was taken on a Nikon D40 and edited with QuickTime 7.6.6 and encoded on 06/08/2011.,,2779 x 1933,,Digital,Front Cover,Yes,https://i1.sndcdn.com/artworks-000008051240-h94k30-original.jpg
The Last Supper,The Last Supper [Cover],"The artwork for Oliver's scrapped EP, The Last Supper, intended to release in 2011. The artwork was used for the cover of his now-deleted Clint Eastwood remix, which was intended to be included in the EP.",,1284 x 1346,,Digital,Front Cover,Yes,https://i1.sndcdn.com/artworks-000007175582-x4hoyx-original.jpg
The Last Supper,The Last Supper [Alt. Cover],"The artwork for Oliver's scrapped EP, The Last Supper, intended to release in 2011. The artwork was used for the cover of his now-deleted Clint Eastwood remix, which was intended to be included in the EP. Was edited in QuickTime 7.6.6 and encoded on 04/03/2012.",,704 x 704,,Digital,Front Cover,Yes,https://i1.sndcdn.com/artworks-000062073566-ma1a54-original.jpg
The Last Supper,Revival [Cover V1],"The original artwork for Revival, replaced some time after the track was uploaded. Edited in QuickTime 7.6.6 and encoded on 05/20/2011.",,586 x 480,,Digital,Front Cover,Yes,https://i1.sndcdn.com/artworks-000007451570-nc8tdu-original.jpg
The Last Supper,Revival [Cover V2],The art for Oliver's Soundcloud release Revival. Shot on a Canon EOS 5D and edited in QuickTime 7.6.6. Recorded and mastered on 01/13/2011 and encoded on 08/05/2011.,,2524 x 2524,,Digital,Front Cover,Yes,https://i1.sndcdn.com/artworks-000011377109-4o7o5h-original.jpg
The Last Supper,Revival [Shelf Nunny Cover V1],"The original artwork for Shelf Nunny's now-deleted Soundcloud post of Revival, replaced some time after the track was uploaded.",,718 x 720,,Digital,Front Cover,Yes,https://i1.sndcdn.com/artworks-000008203078-iacmiy-original.jpg
The Last Supper,Revival [Shelf Nunny Cover V2],The official artwork for  Shelf Nunny's now-deleted Soundcloud post of Revival.,,640 x 480,,Digital,Front Cover,Yes,https://i1.sndcdn.com/artworks-000011335000-69kwe5-original.jpg
The Last Supper,Session [Cover],The official artwork for Session.,,600 x 556,,Digital,Front Cover,Yes,https://i1.sndcdn.com/artworks-000008168424-0xfqrr-original.jpg
The Last Supper,I'm Just A Number [Cover],The art for Oliver's Soundcloud release I'm Just A Number. Edited in QuickTime 7.6.6 and encoded on 06/24/2011.,,322 x 414,,Digital,Front Cover,Yes,https://i1.sndcdn.com/artworks-000008619898-xt0pv3-original.jpg
,Splitting Branches,,,,,,,,
Splitting Branches,Rising Phoenix [Cover],The art for Oliver's Soundcloud release Rising Phoenix. Edited in QuickTime 7.6.6 and encoded on 07/11/2011.,,389 x 401,,Digital,Front Cover,Yes,https://i1.sndcdn.com/artworks-000009180622-a5tt11-original.jpg
Splitting Branches,Rising Phoenix [Kirsten Rosenberg Cover],The art for Kirsten Rosenberg's Soundcloud upload of Rising Phoenix.,,2800 x 2814,,Digital,Front Cover,Yes,https://i1.sndcdn.com/artworks-000018268396-0rj358-original.jpg
Splitting Branches,Osmosis [Cover],The art for Oliver's Soundcloud release Osmosis. Edited in QuickTime 7.6.6 and encoded on 07/19/2011.,,662 x 541,,Digital,Front Cover,Yes,https://i1.sndcdn.com/artworks-000009513839-2xmo2t-original.jpg
Splitting Branches,Cozza Frenzy (Bassnectar Remix) [Cover V1],"The original artwork for Oliver's Cozza Frenzy remix, replaced some time after the track was uploaded.",,,,Digital,Front Cover,Yes,Link Needed
Splitting Branches,Cozza Frenzy (Bassnectar Remix) [Cover V2],The art for Oliver's Soundcloud release Cozza Frenzy. Shot on an iPhone on 02/15/2010.,,800 x 600,,Digital,Front Cover,Yes,https://i1.sndcdn.com/artworks-000010480763-yavoos-original.jpg
Splitting Branches,La Valse D'Amelie (Yann Tiersen Remix) [Cover],The art for Oliver's Soundcloud release Amelie (Treemake). Edited in QuickTime 7.6.6 and encoded on 08/11/2011.,,318 x 320,,Digital,Front Cover,Yes,https://i1.sndcdn.com/artworks-000010309474-zbq9hm-original.jpg
Splitting Branches,Artemecia [Cover],The art for Oliver's Soundcloud release Artemecia. Edited in QuickTime 7.7.1 and encoded on 01/23/2013.,,616 x 616,,Digital,Front Cover,Yes,https://i1.sndcdn.com/artworks-000050980435-cxrq7s-original.jpg
Splitting Branches,Hall (Baths Remix) [Cover],The art for Oliver's Soundcloud release Baths - Hall (The Treemake). Edited in QuickTime 7.6.6 and encoded on 11/04/2011.,,692 x 694,,Digital,Front Cover,Yes,https://i1.sndcdn.com/artworks-000013601826-rcszyq-original.jpg
Splitting Branches,Your Entire Life in a Song [Cover],The art for Your Entire Life in a Song.,,768 x 1024,,Digital,Front Cover,Yes,https://i1.sndcdn.com/artworks-000012016396-fmq6kw-original.jpg
Splitting Branches,People [Cover],The art for Oliver's Soundcloud release People. Edited in QuickTime 7.6.6 and encoded on 11/22/2011.,,768 x 768,,Digital,Front Cover,Yes,https://i1.sndcdn.com/artworks-000014389983-0my6nc-original.jpg
Splitting Branches,Stuck Down the Wrong Rabbit Hole [Cover V1],"The original artwork for Stuck Down the Wrong Rabbit Hole, replaced some time after the track was uploaded. Edited in QuickTime 7.6.6 and encoded on 11/11/2011.",,727 x 727,,Digital,Front Cover,Yes,https://i1.sndcdn.com/artworks-000015014678-eztiyb-original.jpg
Splitting Branches,Stuck Down the Wrong Rabbit Hole [Cover V2],The now-deleted Soundcloud upload of Stuck Down the Wrong Rabbit Hole used the Apollo Records logo as its cover art for a while before it was changed to the Demons EP artwork.,,400 x 400,,Digital,Front Cover,Yes,https://i1.sndcdn.com/artworks-000021200032-iy7w1w-original.jpg
Splitting Branches,An Apology [Cover],The art for An Apology.,,,,Digital,Front Cover,Yes,Link Needed
Splitting Branches,This is Separation [Cover],"The art for Oliver's Soundcloud release This is Separation. Shot on a Nikon D40 and edited in QuickTime 7.6.6. Recorded, mastered, and encoded on 01/04/2012.",,1841 x 1841,,Digital,Front Cover,Yes,https://i1.sndcdn.com/artworks-000016294644-7dgfm6-original.jpg
Splitting Branches,Universal [Cover],The art for Oliver's Soundcloud release Universal. Shot on a Canon EOS DIGITAL REBEL XSi and edited in Adobe Photoshop CS3 Macintosh. Recorded and masered 02/02/2012. Encoded on 02/06/2012. ,,2533 x 2532,,Digital,Front Cover,Yes,https://i1.sndcdn.com/artworks-000018059047-5jcvt8-original.jpg
Splitting Branches,Warrior [Cover],"The art for Oliver's Soundcloud release Warrior. Shot on a Canon EOS DIGITAL REBEL XSi and edited in Adobe Photoshop CS3 Macintosh. Recorded, mastered, and encoded 03/21/2012.",,2449 x 2510,,Digital,Front Cover,Yes,https://i1.sndcdn.com/artworks-000020340204-dtyldv-original.jpg
Splitting Branches,Settle Down (Kimbra Remix) [Cover],"The art for Oliver's Soundcloud release Kimbra - Settle Down (tree & docko's remix). Shot on a Nikon D40 and edited in QuickTime 7.6.6. Recorded, mastered, and encoded 06/10/2012.",,1833 x 1834,,Digital,Front Cover,Yes,https://i1.sndcdn.com/artworks-000024842268-i10j5u-original.jpg
Splitting Branches,Recuperation Day [Cover],The art for Recuperation Day. Edited in Adobe Phtoshop CS4 Macintosh and encoded 10/02/2012.,,1000 x 1000,,Digital,Front Cover,Yes,https://i1.sndcdn.com/artworks-000032003815-lzyzyt-original.jpg
Splitting Branches,Day Gone [Cover],The art for Day Gone.,,,,Digital,Front Cover,Yes,Link Needed
Splitting Branches,Black Hole [Cover],The art for Black Hole. Edited in Adobe Photoshop Elements 10.0 Windows and encoded 12/17/2012.,,731 x 731,,Digital,Front Cover,Yes,https://i1.sndcdn.com/artworks-000036644974-qd13jj-original.jpg
Splitting Branches,Splitting Branches [Cover],The art for Oliver's 2013 mixtape Splitting Branches. Shot on a Nikon D800 and edited in QuickTime 7.7.1. Recorded and mastered 02/27/2013. Encoded 02/04/2013.,,2243 x 2243,,Digital,Front Cover,Yes,https://i1.sndcdn.com/artworks-000056237404-9dy9bc-original.jpg
Splitting Branches,Retrograde (James Blake Remix) [Cover],The art for Mist Glider and Oliver's remix of Retrograde by James Blake.,,768 x 768,,Digital,Front Cover,Yes,https://i1.sndcdn.com/artworks-000048492688-6zwav0-original.jpg
Splitting Branches,Demons [Cover],The art for Oliver's Demons EP. Edited in QuickTime 7.7.1.,,2000 x 2000,,Digital,Front Cover,Yes,https://i1.sndcdn.com/artworks-000052104215-v6lfbs-original.jpg
Splitting Branches,Welcome to the Beat Scene [Cover],The art for Oliver's 2013 mixtape Welcome to the Beat Scene.,,470 x 305,,Digital,Front Cover,Yes,https://i1.sndcdn.com/artworks-000058754975-jscsqy-original.png
Splitting Branches,For Love I Come (Thundercat Remix) [Cover],The art for Oliver's Soundcloud release Thundercat - For Love I Come (Tree Bootleg). Edited in Adobe Photoshop CS6 and encoded on 10/28/2013.,,800 x 800,,Digital,Front Cover,Yes,https://i1.sndcdn.com/artworks-000061269617-jyu35w-original.jpg
,CalArts,,,,,,,,
CalArts,"Soulmother, I Love You [Oliver's Cover]","The official artwork used for Oliver's now-deleted Soundcloud upload of Soulmother, I Love You.",Luisa Betancur Ossa,2809 x 2809,,Digital,Front Cover,Yes,https://i1.sndcdn.com/artworks-000167398959-l4rdml-original.jpg
CalArts,"Soulmother, I Love You [Cover]","The official artwork for Soulmother, I Love You, released by Getter.",,1600 x 1600,,Digital,Front Cover,Yes,https://i1.sndcdn.com/artworks-000129948118-778wkx-original.jpg
CalArts,Every Bit Of My All [Cover],"The official artwork for Every Bit Of My All, released by Getter.",,1600 x 1600,,Digital,Front Cover,Yes,https://i1.sndcdn.com/artworks-000130240572-7o5tau-original.jpg
CalArts,Weekend [Cover],"The official artwork for Weekend, released by Getter.",,1600 x 1600,,Digital,Front Cover,Yes,https://i1.sndcdn.com/artworks-000130363059-dd2616-original.jpg
CalArts,Trouble Maker [Cover],The art for Oliver's unreleased 2016 track Trouble Maker.,,720 x 720,,Digital,Front Cover,No,https://i1.sndcdn.com/artworks-000175871074-esl556-original.jpg
,Turbo,,,,,,,,
Turbo,Forget It [Cover],"The official artwork for Forget It, released by Getter.",,1425 x 1425,,Digital,Front Cover,Yes,https://a1.mzstatic.com/r40/Music115/v4/d0/3f/d2/d03fd2ef-82ba-f460-ec6f-e8f1fe08fcf0/075679912121.jpg
Turbo,What Did I Do [Cover],The art for Oliver's unreleased 2016 track What Did I Do.,,2403 x 2403,,Digital,Front Cover,No,https://i1.sndcdn.com/artworks-000190989015-immrlr-original.jpg
Turbo,Out of Ordinary [Early Cover],The art for a 2016 demo of Out of Ordinary.,,2893 x 2893,,Digital,Front Cover,No,https://i1.sndcdn.com/artworks-000185441734-t95ht5-original.jpg
Turbo,When I'm Down [Cover],The art for When I'm Down.,,2000 x 2000,,Digital,Front Cover,Yes,https://a1.mzstatic.com/r40/Music125/v4/77/82/63/77826338-3e36-6c05-733a-8414a7afed62/whenimdown.jpg
Turbo,My Mind Is [Cover],"The art for My Mind Is, released by NVDES.",,2000 x 2000,,Digital,Front Cover,Yes,https://a1.mzstatic.com/r40/Music114/v4/61/c6/39/61c63998-e4c8-ae89-d8e3-3e299405ad84/5054526675919_cover.jpg
Turbo,All You Ever Talk About [Cover],The art for All You Ever Talk About.,,1600 x 1600,,Digital,Front Cover,Yes,https://a1.mzstatic.com/r40/Music111/v4/00/29/ba/0029badf-7bb0-858d-97b1-bf69a982361c/IMG_5911.jpg
Turbo,When You Need Me [Cover],The art for Oliver's unreleased 2017 track When You Need Me.,,2893 x 2893,,Digital,Front Cover,No,https://i1.sndcdn.com/artworks-000201187557-ctxohn-original.jpg
Turbo,Wait For It [Cover],The art for Oliver's unreleased 2017 track Wait For It.,,2403 x 2403,,Digital,Front Cover,No,https://i1.sndcdn.com/artworks-000201308124-jtdj96-original.jpg
Turbo,Try And Stop Me [Cover],The art for Oliver's unreleased 2017 track Try And Stop Me.,,2403 x 2403,,Digital,Front Cover,No,https://i1.sndcdn.com/artworks-000201302347-2wl74d-original.jpg
Turbo,Too Long [Cover],The art for Oliver's unreleased 2017 track Too Long.,,2403 x 2403,,Digital,Front Cover,No,https://i1.sndcdn.com/artworks-000201476934-bt91g6-original.jpg
Turbo,Superstition [Cover],The art for Oliver's unreleased 2017 track Superstition.,,4167 x 4167,,Digital,Front Cover,No,https://i1.sndcdn.com/artworks-000201633529-edioxf-original.jpg
Turbo,Full Speed No Brakes [Cover],The art for Oliver's unreleased 2017 track Full Speed No Brakes.,,937 x 937,,Digital,Front Cover,No,https://i1.sndcdn.com/artworks-000203337305-rpix6y-original.jpg
Turbo,Swimmer's Delight (SOS) [Early Cover],The art for a 2017 demo of Swimmer's Delight.,,1999 x 1999,,Digital,Front Cover,No,https://i1.sndcdn.com/artworks-000209352361-ucjd9r-original.jpg
Turbo,All I Got [Cover],The art for All I Got.,,1425 x 1425,,Digital,Front Cover,Yes,https://i1.sndcdn.com/artworks-QKIzqdIkIc59qlUM-RNeeWQ-original.jpg
Turbo,Welcome to LA [Cover],The art for Welcome to LA.,,1425 x 1425,,Digital,Front Cover,Yes,https://is1-ssl.mzstatic.com/image/thumb/Music127/v4/da/ab/bb/daabbb1a-7337-a2b3-5f65-90140b5d3f0e/075679894007.jpg/999999999x0w-999.png
Turbo,Welcome to LA [Clean Cover],The clean art for Welcome to LA.,,,,Digital,Front Cover,Yes,Link Needed
Turbo,Welcome to LA [Alt. Cover],Altermate artwork for Welcome to LA with no text in the background. Edited with Adobe Photoshop CS6 (Macintosh).,,2400 x 2400,,Digital,Front Cover,Yes,https://www.masqueradeatlanta.com/wp-content/uploads/2018/03/OliverTreePressPhoto.jpg
Turbo,Waisted Years [Cover],The art for Oliver's unreleased 2017 track Waisted Years.,,1824 x 1824,,Digital,Front Cover,No,https://i1.sndcdn.com/artworks-000228099338-uvqnbr-original.jpg
Turbo,Cheapskate [Cover],The art for Cheapskate.,,1425 x 1425,,Digital,Front Cover,Yes,https://a1.mzstatic.com/r40/Music128/v4/a0/26/1f/a0261fa3-153d-66f7-4da4-9d23141b19e5/075679890535.jpg
Turbo,Shut Me Up / Money Talks [Cover],The art for Oliver's unreleased 2017 tracks Shut Me Up and Money Talks.,,794 x 794,,Digital,Front Cover,No,https://i1.sndcdn.com/artworks-000240473736-5c8x2e-original.jpg
Turbo,Put Your Shoes On [Cover],The art for Oliver's unreleased 2017 track Put Your Shoes On.,,1999 x 1999,,Digital,Front Cover,No,https://i1.sndcdn.com/artworks-000209379228-2ulw8p-original.jpg
Turbo,Enemy [Cover],The art for Enemy.,,4447 x 4447,,Digital,Front Cover,Yes,https://i1.sndcdn.com/artworks-vfOhnrY7of9xEzUJ-iHgiiQ-original.jpg
Turbo,Upside Down [Cover],The art for Upside Down.,,1425 x 1425,,Digital,Front Cover,Yes,https://is1-ssl.mzstatic.com/image/thumb/Music124/v4/ef/16/83/ef1683a3-373c-1382-2574-ca5ff23edf7f/075679879127.jpg/999999999x0w-999.png
Turbo,Alien Boy [Cover],The art for Oliver's Alien Boy EP.,,1425 x 1425,,Digital,Front Cover,Yes,https://is1-ssl.mzstatic.com/image/thumb/Music114/v4/ec/3e/cc/ec3ecc34-84c8-5d54-9daa-2a800ea47d66/075679810731.jpg/999999999x0w-999.png
Turbo,Alien Boy [Clean Cover],The clean art for Oliver's Alien Boy EP.,,,,Digital,Front Cover,Yes,Link Needed
Turbo,Alien Boy [Alt. Cover],"An alternate version of the Alien Boy EP artwork with different colors, used for the Alien Boy Big Data remix.",,1425 x 1425,,Digital,Front Cover,Yes,https://a1.mzstatic.com/r40/Music118/v4/9f/72/d4/9f72d45b-1009-6bb4-023d-a57643aebbe0/075679861764.jpg
Turbo,Alien Boy [Early Cover],An earlier revision of the Alien Boy EP artwork.,,1230 x 1230,,Digital,Front Cover,No,https://i1.sndcdn.com/artworks-000246311960-6gn88q-original.jpg
,Ugly is Beautiful [V1],,,,,,,,
Ugly is Beautiful [V1],Ugly is Beautiful [Early Cover 1],"The original cover art for Ugly is Beautiful, posted to social media by Oliver on December 8, 2019 with an official announcement of the album.",,2048 x 2048,,Digital,Front Cover,No,https://i.pinimg.com/originals/c5/12/1b/c5121b5ec87920ba74112381e3d91056.jpg
Ugly is Beautiful [V1],Ugly is Beautiful [Early Cover 2],"The other original cover art for Ugly is Beautiful, posted to social media by Oliver on December 8, 2019. used by a handful of websites for the announcement of the album.",,,,Digital,Front Cover,No,Link Needed
Ugly is Beautiful [V1],Movement [Cover],The art for Movement.,,1425 x 1425,,Digital,Front Cover,Yes,https://i1.sndcdn.com/artworks-000347035692-n5238t-original.jpg
Ugly is Beautiful [V1],Bury Me Alive [Early Cover],The art for a 2018 demo of Bury Me Alive.,,3872 x 3872,,Digital,Front Cover,No,https://i1.sndcdn.com/artworks-000372108171-efrdu5-original.jpg
Ugly is Beautiful [V1],Hurt [Cover],The art for Hurt.,,1425 x 1425,,Digital,Front Cover,Yes,https://a1.mzstatic.com/r40/Music128/v4/b1/7f/c4/b17fc447-2f86-741a-f2cc-686f3281568a/075679856524.jpg
Ugly is Beautiful [V1],Hurt [Clean Cover],The clean art for Hurt.,,1425 x 1425,,Digital,Front Cover,Yes,https://a1.mzstatic.com/r40/Music114/v4/4b/d1/e5/4bd1e569-a19d-1ac7-50be-ad162eac0562/075679852311.jpg
Ugly is Beautiful [V1],Hurt [Alt. Cover 1],"Alternative art for Hurt, used for remixes.",,1425 x 1425,,Digital,Front Cover,Yes,https://a1.mzstatic.com/r40/Music124/v4/2f/5f/39/2f5f3996-8671-bc06-fd90-3f75c5b58031/075679847102.jpg
Ugly is Beautiful [V1],Hurt [Alt. Cover 2],"Alternative art for Hurt, used for remixes.",,1425 x 1425,,Digital,Front Cover,Yes,https://a1.mzstatic.com/r40/Music113/v4/47/64/16/4764161e-d07f-4950-7b55-08e47e96152f/075679848260.jpg
Ugly is Beautiful [V1],Running [Cover],"The art for Running, released by NVDES.",,1900 x 1900,,Digital,Front Cover,Yes,https://a1.mzstatic.com/r40/Music118/v4/60/08/97/60089722-40d7-5649-61fc-b995231d6a64/5056167109907_1.jpg
Ugly is Beautiful [V1],Fuck [Cover],The art for Fuck.,,1425 x 1425,,Digital,Front Cover,Yes,https://a1.mzstatic.com/r40/Music124/v4/f0/a8/10/f0a810ad-94da-d727-ba2e-b15f611d80d2/075679851413.jpg
Ugly is Beautiful [V1],Miracle Man [Cover],The art for Miracle Man.,,1425 x 1425,,Digital,Front Cover,Yes,https://static.qobuz.com/images/covers/rb/v8/qywqe19ccv8rb_org.jpg
Ugly is Beautiful [V1],Miracle Man [Alt. Cover],"Alternate art for Miracle Man, used for remixes.",,1425 x 1425,,Digital,Front Cover,Yes,https://a1.mzstatic.com/r40/Music113/v4/22/0b/da/220bdac3-e7f4-1db9-be6a-ffc173c6251d/075679835475.jpg
Ugly is Beautiful [V1],Do You Feel Me? [Cover],The art for Oliver's Do You Feel Me? EP.,,1425 x 1425,,Digital,Front Cover,Yes,https://a1.mzstatic.com/us/r1000/063/Music113/v4/2f/25/47/2f25477b-9fc0-9cb3-fda0-1fee2f660b25/075679810748.jpg
Ugly is Beautiful [V1],Do You Feel Me? [Clean Cover],The clean art for Oliver's Do You Feel Me? EP.,,1425 x 1425,,Digital,Front Cover,Yes,https://a1.mzstatic.com/r40/Music124/v4/40/1a/fe/401afe90-04ef-06c9-77cf-b87f81e1145c/075679810755.jpg
,Ugly is Beautiful [V2],,,,,,,,
Ugly is Beautiful [V2],Pumpidup [Cover],"The art for Pumpidup, released by Lorenzo.",,,,Digital,Front Cover,Yes,
Ugly is Beautiful [V2],Cash Machine [Cover],The art for Cash Machine.,,,,Digital,Front Cover,Yes,
Ugly is Beautiful [V2],Cash Machine [Alt. Cover],"Alternate art for Cash Machine, used for remixes.",,,,Digital,Front Cover,Yes,https://is3-ssl.mzstatic.com/image/thumb/Music124/v4/c5/48/63/c548638d-83d1-ef8a-cf29-4ca77763a9e3/075679802613.jpg/999999999x0w-999.png
Ugly is Beautiful [V2],Let Me Down [Cover],The art for Let Me Down.,,,,Digital,Front Cover,Yes,https://is1-ssl.mzstatic.com/image/thumb/Music113/v4/7e/cb/cb/7ecbcb9b-488d-90e3-f6e5-6283f4fe3f11/075679824882.jpg/999999999x0w-999.png
Ugly is Beautiful [V2],Let Me Down (feat. blink-182) Cover],The art for Oliver's remix of Let Me Down with blink-182.,,,,Digital,Front Cover,Yes,
Ugly is Beautiful [V2],Ugly is Beautiful [Early Cover 3],"OG Filename: ugly04.png
Early idea for the Ugly is Beautiful cover, done and later posted by David J. Harrigan III.","David J. Harrigan III
",,,Digital,Front Cover,No,
Ugly is Beautiful [V2],Ugly is Beautiful [Early Cover 3],"OG Filename: ugly05.png
Early idea for the Ugly is Beautiful cover, done and later posted by David J. Harrigan III.","David J. Harrigan III
",,,Digital,Front Cover,No,
Ugly is Beautiful [V2],Ugly is Beautiful [Early Physical Mockup 1],"OG Filename: uglycover01.png
Early physical mockup done by David J. Harrigan III. Features a different sticker and a smaller parental advisory sticker.",,David J. Harrigan III,,Digital,Front Cover,No,
Ugly is Beautiful [V2],Ugly is Beautiful [Early Physical Mockup 2],"OG Filename: backcoverugly01.png
Early physical mockup done by David J. Harrigan III. Features a different layout than the final.",,David J. Harrigan III,,Digital,Front Cover,No,
Ugly is Beautiful [V2],Ugly is Beautiful [Early Physical Mockup 3],"OG Filename: vinylrecordugly01.png
Early physical mockup done by David J. Harrigan III. Features a design for a scrapped vinyl concept.",,David J. Harrigan III,,Digital,Front Cover,No,
Ugly is Beautiful [V2],Ugly is Beautiful [Early Physical Mockup 3],"OG Filename: uglypages01.png
Early physical mockup done by David J. Harrigan III. Features a magazine style booklet for the album.",,David J. Harrigan III,,Digital,Booklet,No,
Ugly is Beautiful [V2],Ugly is Beautiful [Early Physical Mockup 4],"OG Filename: uglypages02.png
Early physical mockup done by David J. Harrigan III. Features a magazine style booklet for the album.",,David J. Harrigan III,,Digital,Booklet,No,
Ugly is Beautiful [V2],Ugly is Beautiful [Cover],The art for Ugly is Beautiful.,,,,Digital,Front Cover,Yes,https://a1.mzstatic.com/r40/Music124/v4/ad/c2/db/adc2db87-6630-d5ba-953a-5ab90f4aa431/075679828231.jpg
Ugly is Beautiful [V2],Ugly is Beautiful [Clean],The art for Ugly is Beautiful.,,1425 x 1425,,Digital,Front Cover,Yes,https://a1.mzstatic.com/r40/Music115/v4/51/80/dd/5180ddf4-eb88-2ca9-370f-7d8dcd3bb0f6/075679828224.jpg
Ugly is Beautiful [V2],Ugly is Beautiful [Clean Alt],The clean art for Ugly is Beautiful.,,,,Digital,Front Cover,Yes,
Ugly is Beautiful [V2],Ugly is Beautiful [Back Cover],"The back cover for Ugly is Beautiful, used on physical distributions of the album.",,,,Digital,Back Cover,Yes,
Ugly is Beautiful [V2],Ugly is Beautiful [Alt. Cover],Alternate art for Ugly is Beautiful. Used for the Oliver Tree vs Little Ricky ALIEN BOYS Deluxe Edition's Picture Disc.,Orpheus Collar,,,Digital,Front Cover,Yes,
Ugly is Beautiful [V2],Jerk [Atlantic Records Sticker],"OG Filename: jerk.png
Jerk sticker done by David J. Harrigan III, assumingly meant for press photos and physical media.",,David J. Harrigan III,,Digital,Other,No,
Ugly is Beautiful [V2],Asshole [Cover],"The art for Asshole, released by Lil Yachty.",,,,Digital,Front Cover,Yes,
Ugly is Beautiful [V2],"Ugly is Beautiful: Shorter, Thicker & Uglier (Deluxe) [Cover]","The art for Ugly is Beautiful: Shorter, Thicker & Uglier.",,,,Digital,Front Cover,Yes,
Ugly is Beautiful [V2],"Ugly is Beautiful: Shorter, Thicker & Uglier (Deluxe) [Clean Cover]","The clean art for Ugly is Beautiful: Shorter, Thicker & Uglier.",,,,Digital,Front Cover,Yes,
Ugly is Beautiful [V2],"Ugly is Beautiful: Shorter, Thicker & Uglier (Deluxe) [Alt. Cover]","Alternate art for Ugly is Beautiful: Shorter, Thicker & Uglier.",,,,Digital,Front Cover,Yes,
Ugly is Beautiful [V2],Freefall [Cover],"The art for Freefall, released by Whethan.",,,,Digital,Front Cover,Yes,
Ugly is Beautiful [V2],Freefall [Alt. Cover],"Alternate art for Freefall, used for remixes.",,,,Digital,Front Cover,Yes,
Ugly is Beautiful [V2],Life Goes On (feat. Trippie Redd & Ski Mask The Slump God) [Cover],The art for Oliver's remix of Life Goes On with Trippie Redd and Ski Mask The Slump God.,,,,Digital,Front Cover,Yes,https://i1.sndcdn.com/artworks-XulmpEtyotwil8op-B4r3zg-original.jpg
,Welcome To The Internet,,,,,,,,
Welcome to the Internet,Turn It Up (feat. Tommy Cash) [Cover],"OG Filename: sexy.jpg
Cover for the Turn It Up single, only used for the pre-save link of the song.",,,,Digital,Front Cover,No,https://photoplay.ru/sites/default/files/gallery_images/sexy.jpg?itok=tl5KlDRA
Welcome to the Internet,Welcome to the Internet [Early Cover],"OG Filename: internet_cover_art_v
An early rendetion of the Welcome To The Internet cover, posted by the Designer.",,,,Digital,Front Cover,No,https://photoplay.ru/sites/default/files/gallery_images/internet_cover_art_v.jpg?itok=_FXUBaQi
Welcome to the Internet,Welcome to the Internet [Cover],The art for Oliver and Little Big's EP Welcome to the Internet.,,,,Digital,Front Cover,Yes,https://i1.sndcdn.com/artworks-8ZrSFNiesyD3FynW-A7SiFw-original.jpg
,Cowboy Tears,,,,,,,,
Cowboy Tears,Cowboys Don't Cry [Cover],The art for Cowboys Don't Cry.,"Photographer: Jimmy Fontaine

Art Director: David Harrington",,,Digital,Front Cover,Yes,
Cowboy Tears,Cowboy Tears [Cover],The art for Cowboy Tears.,João Cavalcante,,,Digital,Front Cover,Yes,https://imgur.gg/archive/OEYyWZ3
Cowboy Tears,Cowboy Tears [Apple Album Motion Art],"Animated art for Cowboy Tears, used on Apple Music.",João Cavalcante,,GIF Needed,Digital,Front Cover,Yes,Link Needed
Cowboy Tears,Cowboy Tears [Album Motion Art Tall],"Animated art for Cowboy Tears, used on Apple Music.",João Cavalcante,,GIF Needed,Digital,Front Cover,Yes,Link Needed
Cowboy Tears,Cowboy Tears [Back Cover],"The back cover for Cowboy Tears, used on physical distributions of the album.",João Cavalcante,,,Digital,Back Cover,Yes,https://imgur.gg/archive/OEYyWZ3
Cowboy Tears,Cowboy Tears [Cover Speedpaint],"Animated speedpaint showing the assets used to construct the Cowboy Tears cover art, posted by João Cavalcante, the designer of the artwork, on Instagram (Link).",João Cavalcante,,,Digital,Front Cover,Yes,https://cdn.myportfolio.com/484373a222e29d8cad1c218e43764dce/befa5872-8e18-4c82-bc5a-5479250fe535.gif?h=78f487d8e3508a8b1de6ef87443afba9
Cowboy Tears,Cowboy Tears [Alt. Cover],"Alternate, unused cover art for Cowboy Tears, posted to social media by João Cavalcante, the artist who created the main cover artwork.",João Cavalcante,,,Digital,Front Cover,No,
Cowboy Tears,Cowboy Tears [CD Booklet],"The CD booklet for Cowboy Tears, included in physical distributions of the album. Contains production credits for each song on the album.",João Cavalcante,,,Scan,Booklet,Yes,
Cowboy Tears,Cowboy Tears [CD Back Cover],Back cover used on physical distributions of Cowboy Tears.,,,,Scan,Back Cover,Yes,
,Cowboy Tears Drown the World in a Swimming Pool of Sorrow,,,,,,,,
Drown the World,Cowboy Tears Drown the World in a Swimming Pool of Sorrow (Deluxe) [Cover],The art for Cowboy Tears Drown the World in a Swimming Pool of Sorrow.,João Cavalcante,,,Digital,Front Cover,Yes,https://is1-ssl.mzstatic.com/image/thumb/Music112/v4/c3/6c/0f/c36c0f4d-2e1a-3806-09df-703125860648/075679726568.jpg/999999999x0w-999.jpg
Drown the World,Cowboy Tears Drown the World in a Swimming Pool of Sorrow (Deluxe) [Apple Album Motion],"Animated art for Cowboy Tears Drown the World in a Swimming Pool of Sorrow, used on Apple Music.",João Cavalcante,,GIF Needed,Digital,Front Cover,Yes,Link Needed
Drown the World,Cowboy Tears Drown the World in a Swimming Pool of Sorrow (Deluxe) [Apple Album Motion Tall],"Animated tall art for Cowboy Tears Drown the World in a Swimming Pool of Sorrow, used on Apple Music.",João Cavalcante,,GIF Needed,Digital,Front Cover,Yes,Link Needed
Drown the World,Mr Regular [Cover],"The art for Mr Regular, released by What So Not.",,,,Digital,Front Cover,Yes,https://i1.sndcdn.com/artworks-xTGEI0PlqEkA7XKw-kOmV8Q-original.jpg
Drown the World,Nothing's Perfect [Cover],"The art for Nothing's Perfect, released by NGHTMRE.",,,,Digital,Front Cover,Yes,https://i1.sndcdn.com/artworks-VENTyvk2TXiToz9T-RRJUGA-original.jpg
Drown the World,Nothing's Perfect [Alt Cover],"The official alt cover for Nothing's Perfect, released by NGHTMRE.",,,,Digital,Front Cover,No,https://is1-ssl.mzstatic.com/image/thumb/Music112/v4/f6/0e/87/f60e87d6-b7bc-07af-b504-a80a841ae215/859766522741_cover.jpg/999999999x0w-999.png
Drown the World,Worth Nothing [Cover],"The art for Worth Nothing, released by Twisted.",,,,Digital,Front Cover,Yes,
Drown the World,Sick of U [Cover],"The art for Sick of U, released by BoyWithUke.",,,,Digital,Front Cover,Yes,https://i1.sndcdn.com/artworks-Y58iCqSwbP0G-0-original.jpg
Drown the World,Sick of U [Alt. Cover],"Alternative artwork seemingly intended to be the main cover art for Sick of U at one point, before being replaced before release.",,,,Digital,Front Cover,No,
,Alone In A Crowd,,,,,,,,
Alone in a Crowd,Voices [Cover],"The art for Voices, released by KSI.",,,,Digital,Front Cover,Yes,https://i1.sndcdn.com/artworks-S3K5k5vJvyZ9-0-original.jpg
Alone in a Crowd,Voices [Alt. Cover 1],"Alternative cover art for Voices, used as the main cover in all promotional artwork for the song right up until its release, where the main artwork was changed at the last second. Physical releases of the song still use this artwork.",,,,Digital,Front Cover,Yes,
Alone in a Crowd,Voices [Back Cover],"Back cover for Voices, used on CDs of the single.",,,,Scan,Back Cover,Yes,
Alone in a Crowd,Voices [Alt. Cover 2],"Alternative cover art for Voices, posted by the designer.",Klasky,,,Digital,Front Cover,No,
Alone in a Crowd,Voices [Alt. Cover 2] [Alt.],"Alternative cover art for Voices, posted by the designer. Is missing the text in this version.",Klasky,,,Digital,Front Cover,No,
Alone in a Crowd,Here We Go Again [Cover],"The art for Here We Go Again, released by David Guetta. Artwork produced by João Cavalcante from art direction by SCARECROWOVEN.",João Cavalcante,1425 x 1425,,Digital,Front Cover,Yes,https://i1.sndcdn.com/artworks-AxP9yRcu2LR7cXrR-xUIEHw-original.jpg
Alone in a Crowd,Here We Go Again [Cover Speedpaint],"Animated speedpaint showing the assets used to construct the Here We Go Again cover art, posted by João Cavalcante, the designer of the artwork, on Instagram (Link).",João Cavalcante,,,Digital,Front Cover,Yes,https://www.instagram.com/p/Cr05-l6L8qy/?hl=en-gb&img_index=5
Alone in a Crowd,Here We Go Again [Alt. Cover],"Alternate, unused cover art for Here We Go Again, posted to social media by João Cavalcante, the artist who created the main cover artwork.",João Cavalcante,1440 x 1440,,Digital,Front Cover,No,https://drive.google.com/file/d/1zZp7JbVLy-T5S0fmLmCdepStOn6lxg8O/view?usp=drive_link
Alone in a Crowd,Bounce [Cover],The art for Bounce.,,1425 x 1425,,Digital,Front Cover,Yes,https://i1.sndcdn.com/artworks-hOKz1ESrV2Gkb7XU-veSf2Q-original.jpg
Alone in a Crowd,One & Only [Cover],The art for One & Only.,,1425 x 1425,,Digital,Front Cover,Yes,https://i1.sndcdn.com/artworks-NTI3n4D4P5PUk5Wo-n4bHLQ-original.jpg
Alone in a Crowd,Alone in a Crowd [Cover],The art for Alone in a Crowd.,,3600 x 3600,,Digital,Front Cover,Yes,https://i1.sndcdn.com/artworks-w5YCwZu8LTqyuaHS-QpVF9A-original.jpg
Alone in a Crowd,Alone in a Crowd [Animated Cover],"Animated art for Alone in a Crowd, used on Apple Music.",,,,Digital,Front Cover,Yes,https://drive.google.com/file/d/1jsuwkgcsNKxEL0gUYiR34c2bPuO6uyFC/view?usp=sharing
Alone in a Crowd,Alone in a Crowd [Back Cover],"The back cover for Alone in a Crowd, used on physical distributions of the album.",,,,Digital,Back Cover,Yes,
Alone in a Crowd,Alone in a Crowd [Early Cover 1],"An earlier revision of the Alone in a Crowd cover art. The crowd is largely the same as the final version, but Oliver is missing many of the edits later added to him; his face, hair, and elements of his clothing were replaced for the final revision, and this version is also missing the blue light on the floor around him. Some stores online use this version of the cover while selling physical copies of the album.",,,,Digital,Front Cover,Yes,
Alone in a Crowd,Alone in a Crowd [Early Cover 2],"An earlier revision of the Alone in a Crowd cover art, more polished than the last while still having differences with Oliver's face, hair, and other things. This image was used for an earlier copy of the album that was sent to distributors for the production of vinyl copies of the album. Because of this, certain early pressings of the album on vinyl use this cover, and contain earlier mixes of some songs. Some retailers use this image online when selling physical copies of the album. 

**(NOTE: FOR SOME REASON WHEN THEY SCANNED THE VINYL IT BECAME DARK, IF YOU HAVE AN HD/CLEANER IMAGE, SEND IT IN THE SERVER.)** ",,,,Scan,Front Cover,Yes,Link Needed
Alone in a Crowd,Alone in a Crowd [Early Cover 3],"A later revision of the Alone in a Crowd cover art, very similar to the final version, but with a slightly different design on Cornelius' jacket.",,,,Digital,Front Cover,Yes,
Alone in a Crowd,Alone in a Crowd [Concept Art],"Early mockup of the Alone in a Crowd cover art, shared by Orpheuscollar, who helped to design the Alone in a Crowd cover art, on Instagram shortly after the album was announced.",Orpheus Collar,,,Digital,Front Cover,No,
Alone in a Crowd,Alone in a Crowd [Cassette Art],"The cassette art for Alone in a Crowd, has new, very out of place people in the crowd around the corners, edges, and seam. The lighting around Oliver is also off in this version.",,,,Digital,Front Cover,Yes,
Alone in a Crowd,Alone in a Crowd [CD Booklet],"The CD booklet for Alone in a Crowd, included in physical distributions of the album. Contains production credits for each song on the album.",,,,Scan,Booklet,Yes,
Alone in a Crowd,Alone in a Crowd [Vinyl Back Cover],"The back cover of Alone in a Crowd, used on physical distributions of the album. This is also the back cover alternative for the Early Cover 1 mentioned above.",,,,Scan,Back Cover,Yes,
,Super Computer,,,,,,,,
Super Computer,Ordinateur EP [Cover],The cover art for the 'Ordinateur EP'. Just has 'Super Computer' written on the bottom.,,4000 x 4000,,Digital,Front Cover,Yes,https://is4-ssl.mzstatic.com/image/thumb/Music211/v4/78/0a/02/780a027b-17a0-44a3-c378-5e83cc31f5e9/198830990704.jpg/999999999x0w-999.png
Super Computer,Ordinateur [Cover],"The cover art for Super Computer's single 'Ordinateur', depicting an old desktop PC with the song title and artist name written on the bottom left of the device.",,4000 x 4000,,Digital,Front Cover,Yes,https://is4-ssl.mzstatic.com/image/thumb/Music126/v4/9e/ca/ca/9ecaca89-3a0c-b680-5020-81e5d52bff42/197338353127.jpg/999999999x0w-999.png
Super Computer,Cyber Phonk [Cover],"The cover art for Super Computer's single 'Cyber Phonk'. The cover art is almost identical to the previous one, but with less grain and a different crop, and 'Cyber Phonk' is written on the computer instead of 'Ordinateur'.",,4000 x 4000,,Digital,Front Cover,Yes,https://is5-ssl.mzstatic.com/image/thumb/Music211/v4/e0/4b/e9/e04be980-8412-e87e-2890-3b06b99e9e2d/197338241707.jpg/999999999x0w-999.png
Super Computer,Welcome to Hell [Cover],"The cover art for Super Computer's single 'Welcome to Hell'. Identical to the cover for Cyber Phonk, but with 'Welcome to Hell' written on the computer instead of 'Cyber Phonk'.",,4000 x 4000,,Digital,Front Cover,Yes,https://is5-ssl.mzstatic.com/image/thumb/Music221/v4/8f/03/61/8f036136-c2b7-15ca-a635-dc675fcdeb4f/197338078075.jpg/999999999x0w-999.png
Super Computer,Welcome to Hell [Alt. Cover],"Unused, alternative cover art for Welcome to Hell, posted to Super Computer's official Instagram with the release of the song (Link).",,1400 x 1400,,Digital,Front Cover,No,https://drive.google.com/file/d/1kcTe9S2GSiuOtEmvyV5roZFeIOqVYFKm/view?usp=drive_link
,"Love You Madly, Hate You Badly",,,,,,,,
"LYM, HYB",Ultraman [Cover],"Official cover art for Ultraman, Oliver and Diplo's original song for the Netflix animated film ""Ultraman: Rising"".",,3000 x 3000,,Digital,Front Cover,Yes,https://is1-ssl.mzstatic.com/image/thumb/Music211/v4/f6/49/64/f649646f-4216-44fa-250c-0c1ac4385362/196872110463.jpg/999999999x0w-999.png
"LYM, HYB",Superhero [Cover],The art for Superhero.,Jurģis Kmins,3000 x 3000,,Photo,Front Cover,Yes,https://a1.mzstatic.com/us/r1000/063/Music211/v4/c0/88/45/c0884500-f197-2726-736c-9cfc0d72437c/075679597595.jpg
"LYM, HYB",Joyride [Cover],"Official cover art for the second single for ""Love You Madly, Hate You Badly"" leaked via Amazon Music.",,3000 x 3000,,Photo,Front Cover,Yes,https://a1.mzstatic.com/us/r1000/063/Music211/v4/68/a4/0d/68a40dc9-210a-25da-09fa-4e0de3820e6d/075679602978.jpg
"LYM, HYB",Joyride [Explicit Cover],"Explicit cover art for ""Joyride"" that is used on the presave link. The only new thing is the explicit tag. Unused on streaming for some reason.",,2400 x 2400,,Photo,Front Cover,No,https://linkstorage.linkfire.com/medialinks/images/83046914-ec86-4f5d-839c-949da877417e/artwork
"LYM, HYB",Flowers [Cover],The art for Flowers.,,3000 x 3000,,Photo,Front Cover,Yes,https://a1.mzstatic.com/us/r1000/063/Music211/v4/4b/ac/27/4bac274f-f1b6-c25a-a97d-ac470f17835b/075679588814.jpg
"LYM, HYB",Deep End [Cover],The art for Deep End.,,3000 x 3000,,Photo,Front Cover,Yes,https://is1-ssl.mzstatic.com/image/thumb/Music211/v4/e0/f1/d3/e0f1d375-515f-b127-c67c-3cb4381caa46/075679585653.jpg/10000x0w-999.png
"LYM, HYB","Love You Madly, Hate You Badly [Early Cover 1]",The original art planned for the album. Later changed after fan reception.,,3000 x 3000,,Photo,Front Cover,No,https://is1-ssl.mzstatic.com/image/thumb/Music221/v4/cb/ac/b4/cbacb4dd-061b-4ae3-be81-b7e12a96b197/075679586186.jpg/10000x0w-999.png
"LYM, HYB","Love You Madly, Hate You Badly [Early Cover 2]",The first updated version of the cover. Edited by Paul Donatelli. ,,3000 x 3000,,Digital,Front Cover,No,https://a5.mzstatic.com/us/r1000/0/Music221/v4/00/ad/d7/00add7df-30c9-9d61-dfa6-ca2006d7a048/075679586186.jpg
"LYM, HYB","Love You Madly, Hate You Badly [Cover]","The second updated version of the cover art for the album taken in Afghanistan, fixed the saturation in the last. Edited by Paul Donatelli.",,3000 x 3000,,Digital,Front Cover,Yes,https://ibb.co/H1YrxW3
