Era,Name,Notes,Length,Date,,Type,Available Length,Quality,Link(s)
,Splitting Branches (Tree),,,,,,,,
Splitting Branches,Friendzone Cues,"Oliver worked on audio cues for the TV show 'Friendzone', with copyright for these registered. It's unknown what audio exactly was made by him.",,2013,,Other,Confirmed,Not Available,
,CalArts,,,,,,,,
CalArts,Parker Day 2016/27/8 Photoshoot,"Photoshoot done by Parker Day on August 27th, 2016. Features the first studio photos of Turbo that were used for promo and marketing. Also features a never-before-seen outfit, possibly related to Squirt.
**IF YOU USE ANY OF THE PHOTOS FROM THIS SHOOT, CREDIT PARKER DAY**",,"Aug 27, 2016",,Other,Full,Lossless,
CalArts,Last Call with Carson Daily: Getter - Forget It (feat. Oliver Tree) Performance,"Performance of Forget It from Oliver & Getter on the Last Call with Carson Daily. There is a link to watch the performance on Carson's website but it states that the video is no longer available, the description on the website says, ""The legendary producer Getter performs “Forget It” featuring Oliver Tree on Last Call. Here they are performing at the Fonda in Hollywood."". So far we have just found crowd recordings of the performance.",,"Nov 2, 2016",,Other,Full,Recording,https://youtu.be/4t1XjYa6C3M?si=L4LgeyI11IqcNVFi
CalArts,Turbo Cartoon Teaser Vocal (Idea 1),"OG Filename: turbo cartoon teaser vocal idea 1
Teaser vocal idea for a ""Turbo Cartoon"". Nothing else about this cartoon is known or if Oliver ever recorded any more vocal ideas for it.",0:14,"Dec 21, 2016",,Other,Full,High Quality,https://pillows.su/f/0034cd8ac54e255e8b301a71030f52d1
CalArts,Cosmos (Final),"OG Filename: Cosmos Final
Audio of Oliver pressing piano keys and reading out names. The reason for its existence is unknown, though it's possibly related to his time at CalArts.","8:10","Mar 13, 2017",,Other,Full,High Quality,https://pillows.su/f/9dcaaceb8b36a8d86db44bc551760d0c
CalArts,"Turbo Show Intro Music
(prod. Imad Royal, Casey Mattson & Oliver Tree)","OG Filename: turbo show intro music
The first track on the unreleased Soul Album. Oringally comes from the unreleased track What You Are. This version contains an outro, unlike the What You Are version.",0:39,"Feb 18, 2017",,Other,Full,High Quality,https://pillows.su/f/1f1c5680d8111391a54b79950ec7d117
,"Untitled Soul Album
(Collaboration with Casey Mattson)",,,,,,,,
Soul Album,⭐ Please Don't Go [Music Video],"A music video for the unreleased song Please Don't Go was filmed by Nassault in 2015 in Santa Cruz with Oliver and Casey Mattson. The video involved Oliver and Casey dancing wearing face paint, with Oliver wearing the same jacket he would later use for his 'Turbo' character. Much of the footage was lost, with the remaining footage surfacing online in 2023.",,"Aug 8, 2015",,Music Video,Partial,Lossless,https://drive.google.com/drive/u/0/folders/1IkEFP6B71W-BniRgRqx0M6busXXJZO8Q
Soul Album,Life Was Never Perfect [Music Video],A short clip of what appears to have been an unreleased music video for Life Was Never Perfect was posted to Steve Dabal's Instagram following Oliver's passing in 2026.,,,,Other,Partial,High Quality,https://www.instagram.com/p/DZoPLmEjbZC/?img_index=14
,Turbo	,,,,,,,,
Turbo,Parker Day 2017/13/4 Photoshoot,"Photoshoot done by Parker Day on April 13th, 2017. Features photos of the Jazz Cup & Turbo outfit and the shoot photos for the All I Got cover.
 **IF YOU USE ANY OF THE PHOTOS FROM THIS SHOOT, CREDIT PARKER DAY**",,"Apr 13, 2017",,Other,Full,Lossless,
Turbo,2017 Summer Live Show [V1],"OG Filename: summer 2k17 live show practice take 3
Live show asset. Features pitched down vocals on certain songs, the TV chatter/static at the begining of Forget it is gone, and is missing a transiton for Enemy to All I Got and All I Got to When I'm Down.","38:36","Jul 10, 2017",,OG File,Full,High Quality,https://pillows.su/f/573f7aebd27780e1f946f8df7782ae49
Turbo,2017 Summer Live Show [V2],"OG Filename: summer 2k17 live show practice take 5
Live show asset. Does not feature the pitched down vocals from the last take, does not feature the TV chatter/static at the begining of Forget it, and instead of having a blank space where the Enemy to All I Got and All I Got to When I'm Down transition would be, it instantly starts.",38:36,"Jul 13, 2017",,OG File,Full,High Quality,https://pillows.su/f/ac11269e744cce5da5c63a7bc25b5189
Turbo,Lollapooza & Outsidelands 2K17 (UPDATE),"OG Filename: lollapooza outsidelands 2k17 update
Live show asset. Does feature the pitched down vocals. Does feature the TV chatter/static at the begining of Forget it, and also has a transiton for Enemy to All I Got. All I Got to When I'm Down still does not feature a transition.","36:09","Jul 23, 2017",,OG File,Full,High Quality,https://pillows.su/f/7b37d07fd14dfbeb7825309fe0a1bc7f
Turbo,2017 Summer Live Show (Semi Final),"OG Filename: live semi final
Live show asset. Does feature the pitched down vocals, and All I Got to When I'm Down finally features the transition.","40:02","Jul 30, 2017",,OG File,Full,High Quality,https://pillows.su/f/663e3f2265661838f7a964f5c3b3a33c
Turbo,Parker Day 2017/2/8 Photoshoot,"Photoshoot done by Parker Day on August 2nd, 2017. Features photos of the red cowboy, Grave Digger, and 3 other never before seen outfits, including the photo for the Enemy cover. 
**IF YOU USE ANY OF THE PHOTOS FROM THIS SHOOT, CREDIT PARKER DAY**",,"Aug 2, 2025",,Other,Full,Lossless,
Turbo,2017 Summer Live Show (FINISHED),"OG Filename: summer 2k17 live show finished turned down vocals 1
Live show asset. Features everything from the last file, just much cleaner.",40:00,"Dec 29, 2017",,OG File,Full,High Quality,https://pillows.su/f/7d25d36eeeaa103f653785844cdc54b7
Turbo,All That x Alien Boy (Music Video Audio File),"OG Filename: all that x alien boy music video
Official audio file for the All That x Alien Boy music video. ",3:36,"Sep 29, 2017",,OG File,Full,CD Quality,https://pillows.su/f/e7585089a79e3c69e1d3ebabde3c0224
Turbo,WRITING PROCESS,"Vlog posted to the Cherdleys2 channel in 2017. The video was privated in 2020 and is now lost, with only short clips and screenshots remaining.",31:10,"Sep 6, 2017",,Video,Partial,High Quality,
Turbo,He stole his dad's big rig...,"Vlog posted to the Cherdleys2 channel in 2017 and later privated, featuring Oliver, recorded as they edited the 'SCOOTER BOYZ' video. Reuploaded by fans.",21:18,"Sep 26, 2017",,Video,Full,CD Quality,https://www.youtube.com/watch?v=AvvXvq7seVA
Turbo,SCOOTER BOYZ | Bloopers ,"Blooper video for Oliver and Cherdley's 'SCOOTER BOYZ', posted to the Cherdleys2 channel and later privated. Reuploaded by fans.",7:49,"Oct 6, 2017",,Video,Full,CD Quality,https://www.youtube.com/watch?v=T2k--ZenPII
Turbo,Enemy (Promotional Clip),Promotional clip of Enemy posted to Oliver's twitter somewhere in 2017 and later deleted. Only recordings from his Alone In a Crowd tours and a screenshot of it remains.,0:05,2017,,Video,Partial,Low Quality,
Turbo,Oliver Tree: Horse Whisperer (2018),Video posted to Oliver's Youtube channel and later unlisted.,4:33,"Sep 12, 2018",,Video,Full,CD Quality,https://www.youtube.com/watch?v=kUgvJ0j7m4Y
Turbo,GQ: Oliver Tree Debut Modeling Shoot [GONE SERIOUSLY WRONG!!],Video posted to Oliver's Youtube channel and later unlisted.,4:13,"Sep 20, 2018",,Video,Full,CD Quality,https://www.youtube.com/watch?v=6Q15X-zPzck
Turbo,Oliver Tree & Whethan WEAR DISGUISES IN PUBLIC!!!,Video posted to Oliver's Youtube channel and later unlisted.,3:15,"Oct 3, 2018",,Video,Full,CD Quality,https://www.youtube.com/watch?v=6bn5NxC3dSQ
Turbo,🏅 MTV'S MY SUPER SWEET 15: Oliver Tree's Birthday Bash (2018),"Video posted to Oliver's Youtube channel in 2018 in collaboration with MTV. Much like his MTV Cribs video, this featured Oliver playing his Turbo character, hosting a party for his birthday. The video was privated in 2020 and is now lost, with only short clips remaining.",3:42,"Aug 29, 2018",,Video,Partial,High Quality,Link Needed
,"Ugly is Beautiful [V1]
(Do You Feel Me?)",,,,,,,,
Ugly is Beautiful [V1],Parker Day 2019/1/7 Photoshoot,"Photoshoot done by Parker Day on January 7h, 2019. Features many photos used for the rollout of Ugly Is Beautiful. Including the orignal photos for the cover of Miracle Man, Introspective, Me Myself & I, Fuck, and the The Last Supper photo used for the vinyl. 
**IF YOU USE ANY OF THE PHOTOS FROM THIS SHOOT, CREDIT PARKER DAY**",,"Jan 7, 2019",,Other,Full,Lossless,
Ugly is Beautiful [V1],"🏅 How to Make a $2,000,000 Music Video (CASH MACHINE BEHIND THE SCENES)","A behind the scenes video for the Cash Machine music video was apparently intended to release at some point, with a clip of it being included in a different video stating that it was an upcoming documentary.",,,,Video,Partial,High Quality,Link Needed
,Ugly is Beautiful [V2],,,,,,,,
Ugly is Beautiful [V2],Hurt [MV ProRes Master],The ProRes master for the Hurt music video.,2:56,"Dec 7, 2018",,Music Video,Full,Lossless,Link Needed
Ugly is Beautiful [V2],Hurt Remix Artwork Assets,"Photoshop project for the Hurt remix artwork, shared via Box for Press.",,"May 9, 2019",,Other,Full,Lossless,https://warnermusicgroup.app.box.com/s/9t29lrqbu14xsu1g8c9nvc3fea66uu58
Ugly is Beautiful [V2],Jerk / Life Goes On [MV Storyboard],"Storyboard intended for a Jerk music video, later used for Life Goes On instead, posted to Instagram by Orpheuscollar, who designed it.",,,,Other,Full,CD Quality,https://www.instagram.com/p/CPbnh1Nn8Xj/?hl=en&img_index=1
Ugly is Beautiful [V2],Lil Yachty - Asshole [MV ProRes Master],"OG Filename: Yachty_Asshole_V3_210126_FINAL_422HQ_1080
The ProRes master for the Asshole music video, featuring Oliver.",2:58,"Jan 26, 2021",,Music Video,Full,Lossless,Link Needed
Ugly is Beautiful [V2],Oliver Tree FaceTime,"Interview Oliver Tree did with Hanuman on the ""ALT CTRL Radio With Hanuman"".",5:42,"Jul 20, 2020",,Video,Full,Lossless,https://drive.google.com/file/d/14gHIJ61mVfZbz0BsXnoPbTIJW_sdZ8DC/view?usp=drive_link
Ugly is Beautiful [V2],The Creation Of The World's Biggest Scooter,Oliver confirmed in the Alone In A Crowd movie that he had made a documentary for the creation of the world's biggest scooter. Unlikely we will ever get to see it.,,,,Other,Confirmed,Not Available,
,Little Ricky ZR3,,,,,,,,
Little Ricky ZR3,[Unknown Music Video],"Oliver stated in 2022 that a music video had been recently recorded for Little Ricky ZR3. So far, no music video has released. Worth noting that this music video may be referring to Ian Dior's 'shots in the dark' music video, which Little Ricky features in.",,,,Music Video,Confirmed,Not Available,Link Needed
,Cowboy Tears,,,,,,,,
Cowboy Tears,Cowboy Tears Tour Admat Assets,"Assets for the tour admat for the Cowboy Tears tour, including fonts and Photoshop files, shared in press material.",,,,Other,Full,Lossless,https://teamwass.app.box.com/s/eueb1wkxp6017t46vy79wsr5aor0td86
Cowboy Tears,Cowboy Tears Font,"The official main font for Cowboy Tears, a slight variation on the Clear Typewriter font, included in the tour admat assets shared in press material.",,,,Other,Full,Lossless,https://teamwass.app.box.com/s/eueb1wkxp6017t46vy79wsr5aor0td86/file/962516886430
Cowboy Tears,Shawney Bravo Concept Sketches,"Concept sketches for the design of Shawney Bravo, including alternate outfits, posted to Instagram by Orpheuscollar.",,,,Other,Full,High Quality,Link Needed
Cowboy Tears,Oliver Tree On 'Cowboys Don't Cry',"An interview Oliver did with Zane Lowe on ""The Zane Lowe Show"".",20:06,"Feb 18, 2022",,Video,Full,Lossless,https://drive.google.com/file/d/1fy_IMC3a4pJjDKd7UAXIVrKYW8r1Qf0A/view?usp=drive_link
Cowboy Tears,Oliver Tree On 'Cowboys Don't Cry',"An interview Oliver did with Zane Lowe on ""The Zane Lowe Show"".",2:43,"Jan 13, 2022",,Video,Full,Lossless,https://drive.google.com/file/d/1zZ51Nh9-i11PE-nKHnWv4d-9AbpuojI9/view?usp=drive_link
,"Welcome to the Internet
(Collaboration with Little Big)",,,,,,,,
Welcome to the Internet,Russia Documentary,"In 2021, Oliver confirmed via social media that he had recorded a documentary showcasing his activities in Russia (Link), stating it was about ""the creative process and my journey integrating into Russia as a foreigner."" The documentary has yet to release, though a clip of it was uploaded to his TikTok before being deleted soon afterwards (Link), and another was recently played at Oliver's Alone in a Crowd tour (Link).",,,,Other,Partial,High Quality,https://www.youtube.com/shorts/V8DU7NI6fUA
,Alone in a Crowd,,,,,,,,
Alone in a Crowd,🏆 Alone In A Crowd [Movie],"Full length movie made by Oliver for the Alone In A Crowd world tour. Features each Oliver character so far, Cornelius Cumming's lore, and many other visuals. Oliver has never stated whether or not it was ever going to be released online, but after the tour in many interviews, they would ask about the movie and he would always quickly deflect the question with another answer, giving off the vibe he didn't know himself or he hadn't planned on it releasing in the future.",,,,Other,Partial,Recording,https://www.youtube.com/watch?v=1_OC-lMm4b8&t=201s
Alone in a Crowd,Oliver Tree & Little Ricky: Cowboy & Alien Tears,"Sequel to the comic released in 2021, illustrated by Orpheus Collar. Was mentioned in one of the last pages of the orignal comic, meaning the idea has likely been around since then. Orpheus has posted WIP sketches of this to his Instagram on several occasions and confirmed that he had started drawing it off of ""handshake agreements & vibes"" but then ultimately said he was waiting on a contract with advance pay, which then he would actually start the main work.",,,,Other,Partial,High Quality,Link Needed
Alone in a Crowd,Cornelius Cummings Concept Sketches,"Concept sketches for the design of Cornelius Cummings, including alternate outfits, posted to Instagram by Orpheuscollar.",,,,Other,Full,CD Quality,https://www.instagram.com/p/CtuD58Jr4zO/?hl=en&img_index=3
Alone in a Crowd,Bounce [MV Storyboard],A shot of the storyboard for the Bounce MV was posted to Instagram by Orpheuscollar.,,,,Other,Full,CD Quality,https://www.instagram.com/p/CtuD58Jr4zO/?hl=en&img_index=4
Alone in a Crowd,Miss You [MV Cutdowns],"Promotional cutdowns of the Miss You music video, shared via Box for press.",,"Oct 27, 2022",,Other,Full,Lossless,https://warnermusicgroup.app.box.com/s/d4tufpkv5rb8letnp7bc4vuofz5a53hg
Alone in a Crowd,Miss You [MV Draft],"Early draft for the Miss You music video, used to help the directors and editors figure out what to do. Shared by a fanpage.",,"Nov 25, 2022",,Music Video,Partial,Low Quality,https://youtu.be/Uvb0Ip5gL7s?si=YNn1OYjFEd0yogi_
Alone in a Crowd,Miss You [MV ProRes Master],"OG Filename: OliverTree_MissYou_MASTER_10_25_22_ProRes.
The ProRes master for the Miss You music video.",2:49,"Oct 26, 2022",,Music Video,Full,Lossless,Link Needed
Alone in a Crowd,With You [MV Storyboard],The storyboard for the With You MV was posted to Instagram by Orpheuscollar.,,,,Other,Full,CD Quality,https://www.instagram.com/reel/CxylE6ly6bE/?hl=en
Alone in a Crowd,BoyWithUke - Sick of U [MV ProRes Master],"OG Filename: SICKOFU_REALFINAL_PRORES4444
The ProRes master for the Sick of U music video.",3:17,,,Music Video,Full,Lossless,Link Needed
Alone in a Crowd,KSI - Voices [MV Master],"OG Filename: KsiVoices_cut07_wip013_2023_01_26_1934
OG filename for a version of the music video for Voices, possibly the final version, shown by Deji during a livestream.",,"Jan 26, 2023",,Other,Confirmed,Not Available,Link Needed
Alone in a Crowd,"Oliver Tree on ""Bounce""","An interview Oliver did with Zane Lowe on ""The Zane Lowe Show"".",11:14,"Jun 20, 2023",,Video,Full,Lossless,https://drive.google.com/file/d/1aD9XZeQf48dv3VG2WY28cTZmJTAMwoXq/view?usp=drive_link
Alone in a Crowd,[31 Unknown Documentaries],"Oliver had confirmed on the h3h3 podcast that he had 31 finished documentaries fully finished, and he was planning on dropping one each month for a couple months. After he also confirmed that he had terabytes worth of footage for documentaries.",,,,Other,Confirmed,Not Available,
,"Love You Madly, Hate You Badly",,,,,,,,
"LYM, HYB",All You Ever Wanted (Visualiser) [Early Cut],"Previewed on Oliver's Love You Madly, Hate You Badly premier stream. Oliver himself confirmed that all of the visualisers still needed to be edited, so it's unknown how it will be different than the finished release.",,"Apr 24, 2026",,Music Video,Full,Recording,
"LYM, HYB",Crazy (Visualiser) [Early Cut],"Previewed on Oliver's Love You Madly, Hate You Badly premier stream. Oliver himself confirmed that all of the visualisers still needed to be edited, so it's unknown how it will be different than the finished release.",,"Apr 24, 2026",,Music Video,Full,Recording,
"LYM, HYB",Death Ray (Visualiser) [Early Cut],"Previewed on Oliver's Love You Madly, Hate You Badly premier stream. Oliver himself confirmed that all of the visualisers still needed to be edited, so it's unknown how it will be different than the finished release.",,"Apr 24, 2026",,Music Video,Full,Recording,
"LYM, HYB",Dirty (Visualiser) [Early Cut],"Previewed on Oliver's Love You Madly, Hate You Badly premier stream. Oliver himself confirmed that all of the visualisers still needed to be edited, so it's unknown how it will be different than the finished release.",,"Apr 24, 2026",,Music Video,Full,Recording,
"LYM, HYB",Glow On (Visualiser) [Early Cut 1],"Previewed via social media on Mar 10, 2026. Features a different cut and different shots from the later previewed version.",,"Mar 10, 2026",,Music Video,Snippet,High Quality,
"LYM, HYB",Glow On (Visualiser) [Early Cut 2],"Previewed on Oliver's Love You Madly, Hate You Badly premier stream. Oliver himself confirmed that all of the visualisers still needed to be edited, so it's unknown how it will be different than the finished release.",,"Apr 24, 2026",,Music Video,Full,Recording,
"LYM, HYB",Halo (Visualiser) [Early Cut],"Previewed on Oliver's Love You Madly, Hate You Badly premier stream. Oliver himself confirmed that all of the visualisers still needed to be edited, so it's unknown how it will be different than the finished release.",,"Apr 24, 2026",,Music Video,Full,Recording,
"LYM, HYB",Hey Shorty (Visualiser) [Early Cut],"Previewed on Oliver's Love You Madly, Hate You Badly premier stream. Oliver himself confirmed that all of the visualisers still needed to be edited, so it's unknown how it will be different than the finished release.",,"Apr 24, 2026",,Music Video,Full,Recording,
"LYM, HYB",How It Ends (Visualiser) [Early Cut],"Previewed on Oliver's Love You Madly, Hate You Badly premier stream. Oliver himself confirmed that all of the visualisers still needed to be edited, so it's unknown how it will be different than the finished release.",,"Apr 24, 2026",,Music Video,Full,Recording,
"LYM, HYB",I Need You (Visualiser) [Early Cut],"Previewed on Oliver's Love You Madly, Hate You Badly premier stream. Oliver himself confirmed that all of the visualisers still needed to be edited, so it's unknown how it will be different than the finished release.",,"Apr 24, 2026",,Music Video,Full,Recording,
"LYM, HYB",Joyride (Visualiser) [Early Cut],"Previewed on Oliver's Love You Madly, Hate You Badly premier stream. Oliver himself confirmed that all of the visualisers still needed to be edited, so it's unknown how it will be different than the finished release.",,"Apr 24, 2026",,Music Video,Full,Recording,
"LYM, HYB",My Only Friend (Visualiser) [Early Cut],"Previewed on Oliver's Love You Madly, Hate You Badly premier stream. Oliver himself confirmed that all of the visualisers still needed to be edited, so it's unknown how it will be different than the finished release.",,"Apr 24, 2026",,Music Video,Full,Recording,
"LYM, HYB",Sideways (Visualiser) [Early Cut],"Previewed on Oliver's Love You Madly, Hate You Badly premier stream. Oliver himself confirmed that all of the visualisers still needed to be edited, so it's unknown how it will be different than the finished release.",,"Apr 24, 2026",,Music Video,Full,Recording,
"LYM, HYB",Someone Else (Visualiser) [Early Cut],"Previewed on Oliver's Love You Madly, Hate You Badly premier stream. Oliver himself confirmed that all of the visualisers still needed to be edited, so it's unknown how it will be different than the finished release.",,"Apr 24, 2026",,Music Video,Full,Recording,
"LYM, HYB",Superhero (Visualiser) [Early Cut],"Previewed on Oliver's Love You Madly, Hate You Badly premier stream. Oliver himself confirmed that all of the visualisers still needed to be edited, so it's unknown how it will be different than the finished release.",,"Apr 24, 2026",,Music Video,Full,Recording,
"LYM, HYB",I Competed Against the #1 Scooter Rider in the World… Again (Part 2) [Original Cut],"The original cut of the R. Willy sequel video. He uploaded it to premier in the coming days then later that night took it down, stating that it got age restricted and him and his team needed to censor some things. It was reuploded but was around 33 seconds shorter.",29:31,,,Other,Confirmed,Not Available,
"LYM, HYB","🏆 Love You Madly, Hate You Badly Documentary*","A documentary for Love You Madly, Hate You Badly has been confirmed to exist. The trailer was previewed live by Oliver during his 2025 Red Rocks show before playing Superhero, later uploaded to his socials days after. In the trailer he talks about his experiences traveling around the world on each continent experiencing the cultures and making the album.",,,,Other,Snippet,Recording,
"LYM, HYB",🏅 Multiple Documentaries*,"Oliver has confirmed that he has made over 15 documentaries in his past 2 years of traveling, it is unknown if these will ever release.",,,,Other,Confirmed,Not Available,
"LYM, HYB",[Unknown Music Video Concepts],"In a Decemeber 2023 interview, he states he had written many of the next album's music videos, many treatments, and other designs/ideas for which direction he wants to take the next album in. It's unknown if he had ever started recording any music videos.",,,,Music Video,Confirmed,Not Available,
