Era,Name,Notes,Length,Date,Availability,Quality,Link(s)
Dreamcast Summer Songs,Devon's Tape,"Original version, released onto MySpace either on August 26th, 2009 or sometime in 2009, both with no cover. This version has roughly 15 tracks, which means that this version might just be only the first five sets. Existence confirmed through the DCSS Vinyl re-release in 2024",,"Aug 26, 2009",Lost,Not Available,
Dreamcast Summer Songs,"Since I Left You II
(Since I Left II)","Version renamed to ""Since I Left You II"" (or Since I Left II), released on February 10th, 2011. This version has 17 tracks, most of them with names that are unique to this version specifically (although Devon's Tape might've also used these names). Description for the album reads:

""In the year 2000 a group of australian Dj's the Avalanches released Since I left you on Modular Records. Comprised almost entirely of old records. Since I Left You flowed with momentum of it was masterpiece of mood-setting & there wasn't a single misstep. The Word Classic is tossed around often in music industry. But, this is more than a ""classic"" Since I left You is a record that remains frozen in time...as the world around it moves forward. Since The release of Since I left You, The Avalanches have remained silent only releasing scarce details of a follow up album. Then in 2011 rapper Devon Hendryx took the matter into his own hands, and vowed to do what the The Avlanches Have not.....Deliver a follow up to a classic. This album unlike the first is dark, cold, and lonely. Submerged in Sonar pings liquid feedback bright echos DeVon effortlessly makes a sequel that is massive, glacial, and sparse & once youv'e completely tuned in, It fascinates you more and more with each listen.""",,"Feb 10, 2011",Full,High Quality,
Dreamcast Summer Songs,Dreamcast Summer Songs,"Version with every track being condensed down to six sets, considered the standard release. Has a new cover that would later be replaced in 2014.",,"Feb 27, 2012",Full,Lossless,
Dreamcast Summer Songs,Dreamcast Summer Songs (+),"Trashfuck Records reissue, has ""Set: "" at the beginning of each track & removes the symbols at the end of each. Otherwise pretty much the same.",,"Nov 11, 2022",Full,Lossless,
Generation Y,Generation Y,Released copy.,,"Jan 16, 2011",Full,High Quality,
Generation Y,Generation Y [V2],"Devon announced he would make a remaster of Generation Y, and provided a remade Ends To The Means, it's unknown what the other tracks were and if they were made",,"Jan 16, 2011",Confirmed,Not Available,
Generation Y,Generation Y [2025 Reissue],"Version released onto streaming, vinyl & cassette. While the files are considered ""lossless"", they aren't a higher quality than what we already had.",,"Apr 12, 2025",Full,Lossless,
JOECHILLWORLD,JOECHILLWORLD [V1],"Initial release, includes The Laughing Man as the intro & a cover unique to this version.",,"Jul 7, 2011",Full,High Quality,
JOECHILLWORLD,JOECHILLWORLD [V2],"Second version, only change is removing The Laughing Man & changing the cover.",,"Aug 15, 2011",Full,CD Quality,
JOECHILLWORLD,JOECHILLWORLD [DatPiff Upload],"Version uploaded to DatPiff. There was likely an error when uploading this version, as all audio files—with the exception of Sabbath School—are corrupted and feature some sort of skip. Most songs simply skip a few seconds of audio around the middle to the end of the song, Montebello High School Prom specifically cuts to an unidentified trap beat for around 20 seconds then returns to normal.",,,Full,CD Quality,
JOECHILLWORLD,JOECHILLWORLD [V3],"Third version, Sabbath School has been shortened, slowed, and no longer features a verse. Has short monologue near the end and transitions into Bully. Neon Kitchen fades back in at the end. Re: Neon Kitchen has been renamed to ""Neon Kitchen II"". Game of the Century is slightly longer due to a short clip of maniacal laughing being added at the beginning. 1989 (Michelle's Song) has been added to the end, but was notably hidden on the Bandcamp page, you could not see it unless you downloaded the album. Album cover now features a Parental Advisory logo in the bottom right corner, which is higher quality than the entire rest of the image.",,"Jul 12, 2012",Full,CD Quality,
JOECHILLWORLD,JOECHILLWORLD [V4],"Fourth version. This release is the most well-known, featuring Enso Sinatra (aka DATPIFFMEDIA) in the iconic Iron Man mask as the album cover. The entire album has been newly mixed and mastered. Many songs no longer feature beat cuts and most instances of background vocals or adlibs have been shortened or removed entirely. Sabbath School is now back at normal speed, but is still instrumental aside from the short monologue. This version transitions into Bully in a different way. Neon Kitchen has been shortened by nearly a minute. Trophy Kids is 10 seconds shorter and no longer features rain noises. Omega Weapon no longer features 30 seconds of a droning noise at the beginning. Montebello High School Prom features a slightly different arrangement and is noticably faster. The Power of Madonna no longer fades out at the end, and now transitions into the next track. Game of the Century has been shortened to just the 40 seconds of whistling at the end, and has been renamed to ""Blue Seed"". 1989 (Michelle's Song) has been removed.",,"Nov 11, 2013",Full,CD Quality,
JOECHILLWORLD,JOECHILLWORLD [V5],"Version with the songs ""Bully"" & ""Neon Kitchen II"", being censored to remove some slurs (notably the word ""white""). This is the version available on his Bandcamp, as well as streaming.",,"Oct 4, 2018",Full,Lossless,
JOECHILLWORLD,JOECHILLWORLD (+),"Trashfuck Records reissue, pretty much just the initial release mixed in with the third version (or just the initial release with 1989 (I Used To Know Her) added).",,"Oct 23, 2022",Full,Lossless,
JOECHILLWORLD,JOECHILLWORLD [Physical Edition],"Version pressed onto CD, vinyl, & cassette in 2024. Has The Laughing Man & 1989 (I Used To Know Her) added at the end. Ripped by drainedloser on archive.org as an MP3, FLAC, & WAV.",,,Full,Lossless,
L.I.S.A,L.I.S.A,"Released copy. Reissued on January 27th, 2023 on cassette by Trashfuck Records, but has no differences.",,"Aug 8, 2011",Full,High Quality,
The Rockwood Escape Plan,The Rockwood Escape Plan [V1],"Initial release. Toonami features vocals, including a full verse as well as monologue sections. Includes ""☁✈"" as the final track, exclusive to this release. ""I ♥ You Hip Hop But I Can't Be Your Girlfriend Because That's Gay"" featured on this release is the longest version of the track to use the original beat.",,"Feb 14, 2012",Full,CD Quality,
The Rockwood Escape Plan,The Rockwood Escape Plan [V2],"Second version, released in July 2012. I ♥ You Hip Hop But I Can't Be Your Girlfriend Because That's Gay has been shortened. Y2K is longer, and is now before Sunday School in the tracklist. Sunday School is now subtitled ""Church of Granas"" and is 33 seconds longer. A short interlude titled ""2004年9月9日"" was added and is placed after The 27 Club. Toonami has been shortened and no longer features vocals. ☁✈ has been removed. Multiple songs now credit features in their titles, but most of them are fake, with the only real ones being Enso Sinatra on A Song About Nothing and Rebecca on Generation Y 1989. As with his update to JOECHILLWORLD around the same time, the cover has been updated to include a Parental Advisory logo in the bottom right corner.",,,Full,CD Quality,
The Rockwood Escape Plan,The Rockwood Escape Plan [V3],"Third version. The entire album has been newly mixed and mastered. Many songs no longer feature beat cuts and most instances of background vocals or adlibs have been shortened or removed entirely. I ♥ You Hip Hop But I Can't Be Your Girlfriend Because That's Gay has been completely reproduced, with an entirely new beat replacing the original. Quisha has been significantly shortened and is over 2 minutes shorter than previous versions. Archives of the album page suggest this was a small update that happened prior to this full album update, it is featured here due to its continued prescence on this copy. God & Earrings is now shorter and has a slightly different arrangement. MissingNo. features 10 extra seconds of silence at the end, followed by a seemingly random noise. Pu$$y has been renamed to ""Pu$$y #1"", likely to correspond with the then-recent full release of Pu$$y #3. Y2K has been restructured and no longer features vocals. Neon Kitchen III and 2004年9月9日 have been removed. The outro of The 27 Club has been shortened and split off as its own track, titled ""DIP"". Generation Y 1989 no longer contains high-pitched adlibs. Feature credits have been removed, except for A Song About Nothing and MissingNo.",,"Nov 11, 2013",Full,CD Quality,
The Rockwood Escape Plan,The Rockwood EP,"Version with only the last 8 tracks, released in 2015 on cassette by Granola Records. This release was made because according to Peggy, ""...the album actually ends on track 15 ""Pu$$y #1"" i think and the rest of it is a completely seperate project that i put on the end because the tracks were recorded so far apart that i had to many songs"". Reissued in 2022 - 2023 on cassette & vinyl by Trashfuck Records, but has no differences.",,,Full,Lossless,
The Rockwood Escape Plan,The Rockwood Escape Plan [V4],"Version with ""Deuce Komradz"" being censored to remove both slurs & personal information respectively. I ♥ You Hip Hop But I Can't Be Your Girlfriend Because That's Gay has been renamed to simply ""I ♥ You Hip Hop But I Can't Be Your Girlfriend"", & the title of ""Hoe$"" has been removed, leaving it with just its subtitle. This is the version available on his Bandcamp, as well as streaming.",,"Dec 31, 2018",Full,Lossless,
The Rockwood Escape Plan,The Rockwood Escape Plan (+),"Trashfuck Records reissue, has Neon Kitchen III, 2004年9月9日 & ☁✈ added back to their respective places on the tracklist. Also has some songs reverted back to their original mix.",,"Dec 18, 2022",Full,Lossless,
The Rockwood Escape Plan,The Rockwood Escape Plan [Physical Edition],"Version pressed onto CD, vinyl, & cassette in 2024. Has Shadows with Enso Sinatra, but is exclusive to the vinyl & cassette release.",,,Full,Lossless,
Heart Emoji EP,♥,"Initial release. A version of this exists called ""THE ROCKWOOD EP"" with the only change being Manny 嫌い renamed to ""Netflix"", but there's no sources or proof available to us currently.",,"Sep 21, 2012",Full,CD Quality,
THE GHOST~POP TAPE,"Generation Y
(Generation Y: The 5th Release from Rockwood)","Early copy, originally titled ""Generation Y: The 5th Release from Rockwood"" or simply ""Generation Y"" (it's likely this was changed to not confuse it with Generation Y from 2011). This copy was supposedly sent out to a handful of people. Only the back cover & tracklist has surfaced from this version, which includes two unheard songs.",,,Lost,Not Available,
THE GHOST~POP TAPE,GenY⁵,"Initial release, exported sometime between August 16th & September 3rd, 2013 (although the latter is likely correct) & released under the psuedonym ""geny⁸⁹"". Was available exclusively on geny89.com. This version has 20 tracks, ""Porn for Percussion"" (titled ""[Missing image file_ maladaptivedaydreaming.gif]"" on this version) is an alternate version from other copies, and would later be included on the Expanded Edition as ""Porn for Percussion (Betamax Version)"". Includes the instrumental for Black Materia as the outro, the track is exclusive to this version. This version in particular was reissued onto CD by Trashfuck Records.",,"Sep 3, 2013",Full,Lossless,
THE GHOST~POP TAPE,"GHOST~POP OST
(THE GHOST~POP TAPE)","Second version, released under the name ""GHOST~POP OST"" and under the artist name GHOST~POP on the ghostpop.jp website. Untitled² has its title misspelled in comparison to the previous version. This would be not be fixed until 2014, and would then also be present on the Ben Yuddha version. Omits Black Materia, but otherwise the tracklist is identical to GenY⁵. Album cover is completely unique to this version, however new versions of the album include a png for the cover in the download. Had its cover changed to the final cover and was renamed to THE GHOST~POP TAPE shortly after release, as indicated by a review of the album from November 2013. Due to the mention of there being 19 tracks, it can be presumed that no other alterations had been made to the album at that point besides this. Download provided by ZenDash.",,"Oct 22, 2013",Full,Lossless,
THE GHOST~POP TAPE,THE GHOST~POP TAPE [V1],"Third version. HBK is named ""HBK Fsharp CHROM"". Porn for Percussion and [Missing image file_ maladaptivedaydreaming.gif] have switched names, a change that is never reversed. Porn for Percussion is now the fully produced version heard in the movie, replacing the guitar-based version from previous copies. Unititled² has added kick drums to the end of the song. This version would much later become the basis for the remastered version of the song. Bubblegum Crisis now features a snippet of LIARA at the end of the song. LIARA is also added to the tracklist in this version. ODB has a crowd intro, which is not present on earlier versions of the album but is shorter than the one from the medley. Features yet another album cover that would go on to be used in basically every version of the album after this.",,"Dec 14, 2013",Full,CD Quality,
THE GHOST~POP TAPE,THE GHOST~POP TAPE [V2],"Fourth version, considered the ""standard version"" since most of the tracks on this version would not be altered on major releases past this besides the remaster. Most physical releases (barring the remastered ones) are based off this version. [Missingimagefile_ maladaptivedaydreaming.gif] has had additional vocals near the beginning removed. Untitled² has been changed once again, the drop no longer changes keys and has different kicks. Is also slightly shorter. Untitled³ now includes a long period of silence at the end, followed by multiple text-to-speech voices saying ""The ghost pop tape is over"". ODB's crowd intro is now identical to the medley's, including the talking. ODB and Sakura are no longer main tracklist songs, and have been moved to a second disc. Includes the booklet and the trailer for the movie as part of the download. Was hosted on Dropbox and was still available to download until ~2018 - 2019 when he began to delete a lot of his old downloads and videos. The files linked below are MP3s, an M4A version was hosted alongside it but seemingly nobody downloaded it before it was deleted.",,"Mar 21, 2014",Full,CD Quality,
THE GHOST~POP TAPE,THE GHOST~POP TAPE [V3],"Version identical to the one above, except it excludes ODB and Sakura from the tracklist altogether. Was hosted on both the Devon Hendryx Bandcamp and a new GHOST~POP Bandcamp (the original was renamed to ghostpop1). The GHOST~POP page had all titles in Japanese and excluded the number from ""Neon Kitchen⁴"". Neither page hosted a download, both were only playable on the page itself. Was finally made available to download in mid-2019, mere months before the release of the Expanded Edition.",,"Mar 21, 2014",Full,CD Quality,
THE GHOST~POP TAPE,"Ben Yuddha
(THE GHOST~POP TAPE [V4])","Ben Yuddha was yet another alias of his, with the only surviving things attributed to it being his current Reddit account and Internet Archive captures of this old Bandcamp account and a separate website. Nobody knew it existed until late 2023 when it would be found by member of the community Aviant, who simply stumbled upon it while searching things on Internet Archive. The name on the page would eventually be changed to Darkskin Manson, and then finally to JPEGMAFIA, which it continues as today. The only evidence of this page's existence prior to this were scrobbles on Last.fm from 2015 attributing the tracks to Darkskin Manson. The page seems to host a unique version of the album, with all tracks released individually as singles, each with their own covers. When asked about this copy, Zen Dash stated that this copy might've just been unedited demos. Included two potentially unheard songs, ""God"" (which might be related to the YouTube single of the same name) & ""AJ Lee"". Zen Dash thinks these are previously released singles, with AJ Lee being an old song under a new name. Track durations are significantly longer than any other version of the album. As evidenced by the lyrics, ""Porn for Percussion [Betamax Version]"" is not the song found on the Expanded Edition, but rather is a retitled ""[Missingimagefile_ maladaptivedaydreaming.gif]"". Neon Kitchen⁴ is simply titled ""Neon Kitchen"".",,"Mar 22, 2014",Lost,Not Available,https://web.archive.org/web/20140328165610/http://benyuddha.bandcamp.com/
THE GHOST~POP TAPE,THE GHOST~POP TAPE [V5],"Version released in June 2015 on cassette by Granola Records. Contains the full 18-track tracklisting with the only difference being an ""extended"" version of Porn for Percussion (using both the VCR & Betamax version, which won't be added because technically it's unofficial), as well as four bonus tracks: ODB, Piano Baby, Sakura & Pardon Me Michelle. These files have encoding either from Peggy or the owner of Granola Records.",,,Full,CD Quality,
THE GHOST~POP TAPE,THE GHOST~POP TAPE [V6],"Expanded version with extra bonus tracks, released more than 6 years after the album's original release. The main 18 tracks of the standard version are almost fully intact, with 7 bonus tracks now being part of a continuous tracklist, rather than a second disc. The included bonus tracks are ""ODB"", ""Piano Baby"", ""Sakura"", ""Pardon Me Michael (Demo)"", ""Pizzicato Five"", ""BBTG (2011 Demo)"", and ""Porn for Percussion (Betamax Version)"". Untitled³ no longer includes the text-to-speech voices and simply ends after silence. ODB has been cut early due to the inclusion of Piano Baby, which it now transitions into. ODB also features extremely loud crackling for seemingly no reason, no other release of the song sounded like this and it has not yet been fixed. Sakura is completely unchanged. Pardon Me Michael (Demo) uses Silver St. Cloud for its instrumental. Pizzicato Five is identical to the version on ♥ and the single version. Porn for Percussion (Betamax Version) is the same as the main version found on GenY⁵ and GHOST~POP OST.",,"Dec 31, 2019",Full,Lossless,
THE GHOST~POP TAPE,THE GHOST~POP TAPE (+),"Trashfuck Records reissue, has Untitled² & ""trailer-aug-13-2013_1280x720"" listed as bonus tracks for some reason. Call Me Maybe is listed as ""Call Me Maybe (Carly Rae Jepsen Cover)"" as well. A (++) version of this reissue exists but is likely fake.",,"Sep 28, 2022",Full,Lossless,
THE GHOST~POP TAPE,The Ghost ~ Pop Tape [V7],"Remastered version, originally released on streaming under JPEGMAFIA instead of Devon Hendryx. This was later fixed some hours after release.",,"Oct 23, 2023",Full,Lossless,
THE GHOST~POP TAPE,THE GHOST~POP TAPE (オリジナル),"Version currently available on Bandcamp, has the extended tracklist + the remasters.",,"Oct 25, 2023",Full,Lossless,
THE GHOST~POP TAPE,THE GHOST~POP TAPE (Remastered + Original),"Version currently available on streaming, has the remasters + the original tracklist + some bonus tracks.",,"Nov 8, 2023",Full,Lossless,
THE GHOST~POP TAPE,"Peggythaline®
(THE GHOST~POP TAPE (Remastered))","Version released on USB, has the remasters + Call Me Maybe (Original) & Pizzicato Five.",,"Jan 15, 2024",OG File,Lossless,
THE GHOST~POP TAPE,THE GHOST~POP TAPE (Remastered),"Version released onto vinyl, has the remasters + Call Me Maybe (Original). On the back side, ""Pizzicato Five"", ""ODB"", ""PIANO BABY"", ""Pardon Me Michael"" & ""Porn for Percussion (Betamax Version)"" are advertised, but are not pressed on any vinyl for some odd reason.",,,Full,Not Available,
Communist Slow Jams,communist slow jams_,"First version of Communist Slow Jams, only copy that has Predjudice Musical on it.",,,Full,,
Communist Slow Jams,Communist Slow Jams [V2],Zoe Saldana and I Wish PAC Was Still Here were added on. Predjudice Musical is cut.,,,Full,,
Communist Slow Jams,Communist Slow Jams [Director's Cut],Remastered version of the album that also adds songs cut from old versions (minus Predudice Musical).,,,Full,,
Communist Slow Jams,Communist Slow Jams [Promo Version],,,,Full,,
Darkskin Manson,Darkskin Manson,,,,Full,,
Darkskin Manson,Darkskin Manson [Physical Version],,,,Full,,
Darkskin Manson,Darskin Manson EP,,,,Full,,
The Wolf Returns,The Wolf Returns,"Used to be on Bounge's Bandcamp (iirc) and was deleted later on, the only upload is on YouTube. Might be in a different order than other tracklists",13:42,,Full,,https://www.youtube.com/watch?v=Xexc9UG9H78&list=RDXexc9UG9H78&start_radio=1
Black Ben Carson,black ben carson [V1],,,,Full,,
Black Ben Carson,Black Ben Carson [V2],,,,Full,,
Black Ben Carson,Black Ben Carson [Deluxe],,,,Full,,
The 2nd Amendment,The 2nd Amendment [V1],,,,Full,,
The 2nd Amendment,The 2nd Amendment [V2],,,,Full,,
The 2nd Amendment,The 2nd Amendment [V3],,,,Full,,
The 2nd Amendment,The 2nd Amendment [V4],,,,Full,,
Veteran,NOT ON VETERAN! [V1],EP released before Veteran of all the songs that got cut off the album,,,Full,,
Veteran,BEWARE OF VETERAN,Original version of Veteran,,,Full,,https://www.youtube.com/watch?v=Xexc9UG9H78&list=RDXexc9UG9H78&start_radio=1
Veteran,Veteran,,,,Full,,
Veteran,Veteran: Director's Cut [Soundcloud 2018],"In 2018 Peggy released a DC of Veteran on his Soundcloud, this adds all the NOV tracks.",,,Full,,
Veteran,Veteran: Director's Cut,,,,Full,,
All My Heroes Are Cornballs,NOT ON VETERAN! [V2],,,,Full,,
All My Heroes Are Cornballs,All My Heroes Are Cornballs,,,,Full,,
All My Heroes Are Cornballs,All My Heroes Are Cornballs [USB],,,,Full,,
All My Heroes Are Cornballs,All My Heroes Are Cornballs [2026 Reissue],,,,Full,,
HOW TO BUILD A RELATIONSHIP,EP!,,,,Full,,
HOW TO BUILD A RELATIONSHIP,EP! [Reissue],,,,Full,,
HOW TO BUILD A RELATIONSHIP,EP2!,,,,Full,,
HOW TO BUILD A RELATIONSHIP,HTBAR,,,,Full,,
HOW TO BUILD A RELATIONSHIP,I HAVE FULFILLED MY CONTRACT!,,,,Full,,
LP!,"LP!
(ONLINE)",,,,Full,,
LP!,OFFLINE [V1],,,,Full,,
LP!,OFFLINE [V2],,,,Full,,
LP!,OFFLINE [V3],,,,Full,,
LP!,OFFLINE [V4],,,,Full,,
LP!,OFFLINE [V5],,,,Full,,
LP!,OFFLINE [V6],,,,Full,,
LP!,OFFLINE [Deluxe / EP],,,,Full,,
SCARING THE HOES,SCARING THE HOES,,,,Full,,
SCARING THE HOES,SCARING THE HOES [Bandcamp],,,,Full,,
SCARING THE HOES,"SCARING THE HOES [Director's Cut]
(SCARING THE HOES [V3])",,,,Full,,
SCARING THE HOES,SCARING THE HOES [Director's Cut Physical],,,,Full,,
SCARING THE HOES,SCARING THE HOES: DLC,,,,Full,,
SCARING THE HOES,SCARING THE HOES [Physical Edition],,,,Full,,
VULTURES,VULTURES 1,"Copy of VULTURES 1 sent through email after purchasing the digital download. Identical to the initial release except for the slightly different tagging, though some files have leftover metadata from when they were exported.",55:33,"Feb 10, 2024",OG File,Lossless,https://pillows.su/f/e50b6f83433e047c8b2ff122b7a4232b
VULTURES,VULTURES 1,"OG Filename: Vultures Mastering upload Revised
Post-release of VULTURES 1 with updated mixes from London on da Track. Leaked October 17th, 2024. Has file dates ranging from February 8th to February 12th.",56:00,"Feb 12, 2024",OG File,Lossless,https://pillows.su/f/218ad166342e8cbdbfc0dce5c4ce2d3b
VULTURES,VULTURES 1,"OG Filename: New Masters
Later copy with updated mixes from London on da Track. Leaked October 17th, 2024. Has new mixes for ""BACK TO ME"", ""BEG FORGIVENESS"", ""CARNIVAL"", ""HOODRAT"", ""KING"", and ""PAID"". Has file dates ranging from February 12th to March 3rd.",34:42,"Mar 3, 2024",OG File,Lossless,https://pillows.su/f/2ddc4d578d02c678ecf1a3ca06688d52
I LAY DOWN MY LIFE FOR YOU,I LAY DOWN MY LIFE FOR YOU,,,,Full,,
I LAY DOWN MY LIFE FOR YOU,I LAY DOWN MY LIFE FOR YOU [Bandcamp],,,,Full,,
I LAY DOWN MY LIFE FOR YOU,I LAY DOWN MY LIFE FOR YOU [Premium],,,,Full,,
I LAY DOWN MY LIFE FOR YOU,I LAY DOWN MY LIFE FOR YOU [Director's Cut],,,,Full,,
I LAY DOWN MY LIFE FOR YOU,I LAY DOWN MY LIFE FOR YOU [Director's Cut Bandcamp],,,,Full,,
We Live In A Society,We Live In A Society,,,,Full,,
EXPERIMENTAL RAP,EXPERIMENTAL RAP [V1],OG version with TSAR BOMBA on the tracklist.,,,Full,,
EXPERIMENTAL RAP,EXPERIMENTAL RAP [V2],Removes TSAR BOMBA entirely,,,Full,,
EXPERIMENTAL RAP,EXPERIMENTAL RAP [V3],Replaces TSAR BOMBA with Valentines Day Freestyle '26,,,Full,,
EXPERIMENTAL RAP,EXPERIMENTAL RAP [Bandcamp Version],,,,Full,,
EXPERIMENTAL RAP,EXPERIMENTAL RAP [Director's Cut],,,,,,
