Era,Name,Notes,Length,Date,Type,Availability,Quality,Link(s)
Generation Y,Generation Y [Remaster],"On June 29th, 2011, Devon Hendryx announced that he was remastering Generation Y and that it would release sometime before Jay Electronica's album (lol) & after JOECHILLWORLD. This remaster obviously didn't release and its unknown if the remaster was ever finished. End To The Means was used to preview it, though.",,,Other,Confirmed,Not Available,https://web.archive.org/web/20110701192444/http://devonhendryx.com/
JOECHILLWORLD,JOECHILLWORLD [Booklet],,,,Booklet,Full,Low Res,https://archive.org/details/joechillworld-pdf/mode/2up
JOECHILLWORLD,JOECHILLWORLD [Remaster],"Sometime in 2024, JPEGMAFIA announced that he was gonna remaster JOECHILLWORLD and put it out officialy on streaming services, kinda like TGPT. This remaster obviously didn't release and its unknown if the remaster was ever finished, it was probably scrapped due to the negative reception of THE GHOST~POP TAPE's remaster.",,,Other,Rumored,Not Available,SOURCE NEEDED
,Freestyles,,,,,,,
L.I.S.A,Enso Sinatra - We Don't ♥ Love These Hoes,"Enso Sinatra freestyling over the ""We Don't ♥ Love These Hoes"" beat. Recorded around July 8th to July 21st, 2011.",,,Freestyle,Full,Recording,https://pillows.su/f/6199dc7310886ba1ff7258ba6684afda
,Never Recorded,,,,,,,
L.I.S.A,"We Don't ♥ Love These Hoes
(wtih Enso Sinatra)","Devon mentioned that he wanted Enso to record actual verses over the ""We Don't ♥ Love These Hoes"" beat. This likely didn't happen.",,,Other,Never Recorded,Not Available,N/A
,Interviews,,,,,,,
The Rockwood Escape Plan,IOTUS Magazine Interview,Interview around a month before the release of The Rockwood Escape Plan with him talking a lot about the album and his discography. One of the earliest known Peggy interviews.,,Jan 2012~,Interview,Full,High Res,https://imgur.com/gallery/devon-hendryx-iotus-magazine-interview-2012-zw2DBNA
The Rockwood Escape Plan,NIKBAGTV Interview,"According to Reupload Archivist, an interview with NIKBAGTV (a YouTuber from 2010 who reviewed Hip-Hop and vlogged about hot topics at the time) was a thing. Most likely from late 2011 or early to mid 2012 as that's the time when he started reviewing Devon's music. Likely lost forever.",,,Interview,Lost,Not Available,N/A
The Rockwood Escape Plan,WeAreDope Interview,"Interview with WeAreDope, one of the more well known interviews from this time. Includes the following information:

- The Rockwood Escape Plan was the name of an anime Devon had thought about at the time. This album acts as a soundtracks.",,"Mar 28, 2012",Interview,Full,High Res,https://www.thegirltheycalles.com/2012/03/wearedope-devon-hendryx.html
,Others,,,,,,,
The Rockwood Escape Plan,"✪
(with Enso Sinatra)
(✪ (Bonus Track)), STAR, <3)","Audio of session recording of Devon and Enso Sinatra making ""White Girls ♥ Devon Hendryx"", ""We Don't ♥ Love These Hoes"" and ""Cam Newton"". This file's metadata contains the dates 2011-07-21 and 2011-07-08 12:50. Included as a bonus track for The Rockwood Escape Plan in the prerelease files sent to some journalists/bloggers/reviewers before the album was available to the general public.",10:40,2012,Other,Full,High Quality,
The Rockwood Escape Plan,The Rockwood Escape Plan [Booklet],"Booklet containing unique descriptions for every song, different to the Bandcamp ones",,,Booklet,Full,Low Res,https://archive.org/details/the-rockwood-escape-plan-pdf/mode/2up
THE GHOST~POP TAPE,THE GHOST~POP TAPE [Booklet],,,,Booklet,Full,High Res,https://archive.org/details/THE-GHOST-POP-TAPE-Instruction-Booklet
Communist Slow Jams,,,,,,Snippet,CD Quality,https://pillows.su/f/ee1f29c942404602e8691d69d0f7eb57
Communist Slow Jams,,,,,,Confirmed,Not Available,
Darkskin Manson,Darkskin Manson [Rerelease / Remaster],"JPEGMAFIA in an interview was asked about re-releasing and/or remastering DSM, however he said he probably wouldn't because Darskin Manson to him and others, was of low quality or ass.",,,,Full,High Quality,https://pillows.su/f/622beea4125f734d986656d11ac397f8
Darkskin Manson,,,,,,Full,CD Quality,https://pillows.su/f/716c441481247bb729708a3af847d990
Darkskin Manson,,,,,,Confirmed,Not Available,https://imgur.com/a/Ag9v89y
Darkskin Manson,,,,,,Full,CD Quality,https://pillows.su/f/0ab9bc23bfe00be9438e66c1ee39983a
Darkskin Manson,,,,,,Snippet,CD Quality,https://pillows.su/f/48285b30292fe0f2165b95b98ab126f7
,Live Performances,,,,,,,
Black Ben Carson,Live at The Crown,"Live performance at The Crown from January 15th 2016. Performed with a garbage mic.

Setlist:
1. Black Ben Carson
2. JPEGMAFIA Vs. The World
3. Face Down Ass Up (with Bito of Nasa8)
4. Steve Austin (Freestyle)
5. Jerry's",,"Jan 15, 2016",Live Performance,Full,Low Quality,https://youtu.be/ZUcJ_f1ZURs
,Interviews,,,,,,,
Black Ben Carson,Afropunk Intreview,Interview made around the release of Black Ben Carson,,"Mar 7, 2016",Interview,High-Res,High-Res,
,Other,,,,,,,
Black Ben Carson,Black Ben Carson [Booklet],Booklet for BLACK BEN CARSON. ,,,Booklet,High-Res,High-Res,https://ia801603.us.archive.org/9/items/jpegmafia-black-ben-carson-og-mix/JPEGMAFIA%20-%20Black%20Ben%20Carson%20-%20BBC%20BOOKLET.pdf
The 2nd Amendment,,,,,,Confirmed,Not Available,
The 2nd Amendment,,,,,,Partial,CD Quality,https://pillows.su/f/2318a2f209bd5b2c28feb2357d037275
The 2nd Amendment,,,,,,Full,CD Quality,https://youtu.be/3JmEt9m_W1A?si=YOGHOFSRtXoetqlR
The 2nd Amendment,,,,,,Confirmed,Not Available,
The 2nd Amendment,,,,,,Partial,CD Quality,https://pillows.su/f/a56ac5d8793eff5c5c01137ef70f8885
The 2nd Amendment,,,,,,Confirmed,Not Available,
The 2nd Amendment,,,,,,Full,CD Quality,https://pillows.su/f/9ad6ad6aa7c8ffc6bd0a96205c7b3d39
The 2nd Amendment,,,,,,Partial,CD Quality,https://pillows.su/f/bf263030848441cbbab2f13829270bc3
The 2nd Amendment,,,,,,Full,High Quality,
The 2nd Amendment,,,,,,Partial,CD Quality,https://pillows.su/f/6553e548161946572127a2737ee881e4
The 2nd Amendment,,,,,,Confirmed,Not Available,
Veteran,,,,,,Full,Recording,
Veteran,,,,,,Full,CD Quality,
Veteran,,,,,,Snippet,Recording,
Veteran,,,,,,OG File,High Quality,
Veteran,,,,,,Full,CD Quality,
Veteran,,,,,,Confirmed,Not Available,
Veteran,,,,,,Full,Recording,
Veteran,,,,,,Full,High Quality,
Veteran,,,,,,Confirmed,Not Available,
Veteran,,,,,,Snippet,Recording,
Veteran,,,,,,Full,Recording,
Veteran,,,,,,Full,CD Quality,
Veteran,,,,,,Full,Lossless,
Veteran,,,,,,Rumored,Not Available,
Veteran,,,,,,Partial,Recording,
Veteran,,,,,,Confirmed,Not Available,
Veteran,,,,,,Confirmed,Not Available,
Veteran,,,,,,Confirmed,Not Available,
Veteran,,,,,,Confirmed,Not Available,
Veteran,,,,,,Rumored,Not Available,
Veteran,,,,,,Snippet,Recording,
Veteran,,,,,,Confirmed,Not Available,
Veteran,,,,,,Confirmed,Not Available,
All My Heroes Are Cornballs,,,,,,Partial,Recording,https://pillows.su/f/b679c4340b71a3c562e67e2039b22280
All My Heroes Are Cornballs,,,,,,Full,Recording,https://youtu.be/NFI4FuBsAo8?si=Gqg793MvqBaMvNn8
All My Heroes Are Cornballs,,,,,,Full,Recording,https://youtu.be/30GjWTve0Rc?t=2162
All My Heroes Are Cornballs,,,,,,Confirmed,Not Available,
All My Heroes Are Cornballs,,,,,,Confirmed,Not Available,
All My Heroes Are Cornballs,,,,,,Confirmed,Not Available,
All My Heroes Are Cornballs,,,,,,Confirmed,Not Available,
All My Heroes Are Cornballs,,,,,,Full,CD Quality,https://pillows.su/f/15dc98f7bfe989355c706208a321b8ff
All My Heroes Are Cornballs,,,,,,Confirmed,Not Available,
All My Heroes Are Cornballs,,,,,,Partial,High Quality,https://pillows.su/f/254b0e3e43d00b30c7eabcf02fa3513f
All My Heroes Are Cornballs,,,,,,Confirmed,Not Available,
All My Heroes Are Cornballs,,,,,,Confirmed,Not Available,
All My Heroes Are Cornballs,,,,,,Confirmed,Not Available,
All My Heroes Are Cornballs,,,,,,Confirmed,Not Available,
All My Heroes Are Cornballs,,,,,,Rumored,Not Available,
All My Heroes Are Cornballs,,,,,,Rumored,Not Available,
All My Heroes Are Cornballs,,,,,,Confirmed,Not Available,
All My Heroes Are Cornballs,,,,,,Confirmed,Not Available,
All My Heroes Are Cornballs,,,,,,Confirmed,Not Available,
All My Heroes Are Cornballs,,,,,,Confirmed,Not Available,
All My Heroes Are Cornballs,,,,,,Confirmed,Not Available,
All My Heroes Are Cornballs,,,,,,Confirmed,Not Available,
All My Heroes Are Cornballs,,,,,,Confirmed,Not Available,
All My Heroes Are Cornballs,,,,,,Confirmed,Not Available,
All My Heroes Are Cornballs,,,,,,Snippet,High Quality,https://pillows.su/f/2baaa5f46a8b7e96debf6733649efa8d
All My Heroes Are Cornballs,,,,,,Confirmed,Not Available,
All My Heroes Are Cornballs,,,,,,Rumored,Not Available,
All My Heroes Are Cornballs,,,,,,Confirmed,Not Available,
All My Heroes Are Cornballs,,,,,,Confirmed,Not Available,
All My Heroes Are Cornballs,,,,,,Confirmed,Not Available,
All My Heroes Are Cornballs,,,,,,Confirmed,Not Available,
All My Heroes Are Cornballs,,,,,,Confirmed,Not Available,
All My Heroes Are Cornballs,,,,,,Confirmed,Not Available,
All My Heroes Are Cornballs,,,,,,Confirmed,Not Available,
All My Heroes Are Cornballs,,,,,,Confirmed,Not Available,
All My Heroes Are Cornballs,,,,,,Confirmed,Not Available,
All My Heroes Are Cornballs,,,,,,Confirmed,Not Available,
All My Heroes Are Cornballs,,,,,,Confirmed,Not Available,
All My Heroes Are Cornballs,,,,,,Confirmed,Not Available,
All My Heroes Are Cornballs,,,,,,Partial,High Quality,https://pillows.su/f/3f6338813e845d5d40cdfb909a1882cc
All My Heroes Are Cornballs,,,,,,Full,High Quality,https://youtu.be/3nZeA6Y9v_E?si=2rpSTo3t_Z6hkz_x
All My Heroes Are Cornballs,,,,,,Confirmed,Not Available,
All My Heroes Are Cornballs,,,,,,Confirmed,Not Available,
All My Heroes Are Cornballs,,,,,,Partial,High Quality,https://pillows.su/f/f94f199dcafc43a2d5393f6669c50652
All My Heroes Are Cornballs,,,,,,Confirmed,Not Available,
All My Heroes Are Cornballs,,,,,,Confirmed,Not Available,
All My Heroes Are Cornballs,,,,,,Snippet,Recording,
All My Heroes Are Cornballs,,,,,,Snippet,Recording,https://youtu.be/EJ3ABWA7Bok?si=8iCCIB4nxn1SXcCI
All My Heroes Are Cornballs,,,,,,Snippet,Recording,https://pillows.su/f/300755a86853a039c28f0853f952d082
LP!,all the time,"Shown on JPEG's Instagram story on November 11, 2021.",,,,Confirmed,Not Available,
LP!,AXL ROSE,"Track seen in a photo of JPEGMAFIA's iTunes posted on January 28, 2022.",,,,Confirmed,Not Available,
LP!,"_AUS KILL ME [V2]
(australia almost killed me)","LP! era version of ""australia almost killed me"" seen in a iTunes photo posted by JPEGMAFIA on January 28, 2022. Shorter than the original version.",,,Throwaway,Confirmed,Not Available,
LP!,between enemies,"Shown on JPEG's Instagram story on November 18, 2021.",,,,Confirmed,Not Available,https://imgur.com/a/Pjq2wOD
LP!,"BE WITH ME! [V2]
(be with me: ghost of tsushima)","LP! era version of ""be with me: ghost of tsushima"" seen in a iTunes photo posted by JPEGMAFIA on January 28, 2022. Marked as the second iteration of the track. Shorter than the original version.",,,,Confirmed,Not Available,
LP!,BONO [V2],"LP! era version of ""BONO"" seen in a iTunes photo posted by JPEGMAFIA on January 28, 2022. Shorter than the original version.",,,,Confirmed,Not Available,
LP!,for u i will [V2],"LP! era version of ""FOR U I WILL"" seen in a iTunes photo posted by JPEGMAFIA on January 28, 2022.",1:32,,Demo,Full,CD Quality,https://pillows.su/f/0a33a4433d107a0e99708c8869c01705
LP!,GIRTH [V1],"First version of ""GIRTH"" seen on JPEG's Instagram story. Brief instrumental snippet played in HTBAR 13.",,,,Confirmed,Not Available,
LP!,GIRTH [V2],"Second version of ""GIRTH"" seen in the rehearsal sessions for LP!. Nearly 7 minutes long of peggy freestyling over the looped instrumental.",6:11,,,Full,Low Quality,https://pillows.su/f/dc73ec1f59348666fc54a28e03c99b53
LP!,GIRTH [V3],"Third version of ""GIRTH"" seen in a iTunes photo posted by JPEGMAFIA on January 28, 2022.",,,,Confirmed,Not Available,
LP!,HAZARD DUTY PAY! [V2],Performed live during his thereislight stream on July 6th 2021. Instrumental appears to be different from the final release,,,,Full,High Quality,need loooonk
LP!,"IMX freestyle 
(prod. franchisedidit)",,2:09,,Throwaway,Full,CD Quality,https://pillows.su/f/12bd7d4cb9daa817eb2fd0b7e8acfc9d
LP!,MY HERO! [V2],"LP! era version of ""my hero!"" seen in a iTunes photo posted by JPEGMAFIA on January 28, 2022. Presumably finished, as it lacks the ""demo"" in the filename of the original. Potentially the same as the original due to identical track times.",,,,Rumored,Not Available,
LP!,PRETENTIOUS [V2],"LP! era version of ""Pretentious"" seen in a iTunes photo posted by JPEGMAFIA on January 28, 2022. Noted to still be incomplete.",,,,Confirmed,Not Available,
LP!,PROJECT JUSTICE,"Track seen in a photo of JPEGMAFIA's iTunes posted on January 28, 2022. Noted to still be incomplete.",,,,Confirmed,Not Available,
LP!,"REBOUND! [V1]
(feat. DATPIFFMAFIA)","Earlier version of ""REBOUND!"" that replaces Peggy's first chorus with an extension to his first verse, has worse mixing & is at the same speed as the ONLINE & OFFLINE [Mix 1] versions.",3:44,,OG,Full,CD Quality,https://youtu.be/vzYcz6KD1-w?si=9fLD8wwhTf3S9h1u
LP!,SOUND OF FAUX BLACKNESS!,"Track seen in a photo of JPEGMAFIA's iTunes posted on January 28, 2022.",,,,Confirmed,Not Available,
LP!,THE AVENGERS!,"Track seen in a photo of JPEGMAFIA's iTunes posted on January 28, 2022.",,,,Confirmed,Not Available,
LP!,the suburbs,Very brief instrumental snippet played in HTBAR 13.,,,,Snippet,Not Available,NEED LINK
LP!,"Y2K - DIRT
(with JPEGMAFIA) (prod. Y2K & Sully)","Original version of ""DIRT"" by Y2K & JPEGMAFIA, reuses the bridge for the intro instead of a verse. Was being sold on LEAKEDCX as Peggy's song, said to be ""completely finished: no open verse, finished vocals and mixing, no mumble"". Sold alongside an hour long video of the session of the song.",3:44,,OG,Full,CD Quality,https://pillows.su/f/1a47141b9688da7a7300fca109c01844
HOW TO BUILD A RELATIONSHIP,EP2: DIRECTOR'S CUT,"In the 2021 needledrop interview (at around 12 minutes in) JPEGMAFIA explains how there exists an original version of EP2 that was longer (says theres a six minute THIS ONES FOR US! or a 10 minute FIX URSELF!) and had other songs on the EP, but was cut as Peggy wanted to make the EP more accesible, it is unlikely to release nowadays despite saying he'd put it out one day. Songs like the highly sought after KIMBER! & MY HERO! could've been on this directors cut version of EP2",3:00,"Feb 17, 2020",EP Track,Confirmed,Not Available,
SCARING THE HOES,"✨ Acknowledge Me Freestyle [V1]
(Bloodline Freestyle)","Randomly leaked by the ""gp"" YouTube channel on Sep 9th, 2024. Made in 2022, later updated for  I LAY DOWN MY LIFE FOR YOU (DIRECTORS CUT). Reuses some ""God Loves You"" lyrics.",3:36,"Sep 9, 2024",Throwaway,Full,High Quality,https://youtu.be/8l5Hmfe-3A0
SCARING THE HOES,AMEN + LEBRON *,"Shown on JPEG's Instagram story on January 23, 2022.",4:31,,Unknown,Confirmed,Not Available,
SCARING THE HOES,Burfict! [V1],"Original version of ""Burfict!"" previewed on NTS radio. Has a different snare when compared to release version.",,"Mar 28, 2022",OG,Partial,High Quality,https://pillows.su/f/cceea074851f820d49da4a680213820c
SCARING THE HOES,For U I Will [V3],"Snippet of a demo shared to JPEGMAFIA's Twitter on April 10, 2022.",,"Apr 10, 2022",Throwaway,Snippet,Recording,https://youtu.be/xi0PUk1uhcQ?si=s39CB2XiuJaGJo2d
SCARING THE HOES,"FREESTYLIN 4 MY BITCH THIS MORNIN' [V1]
(God Loves You)","First snippet released in a series of snippets previewed on JPEG's twitter in April 2022, this one being previewed on April 5th. He raps the hook but confirms he hasn't finished writing the track. Likely later evolved into ""God Loves You"", or could be a random song that uses the same lyrics.",1:44,"Apr 5, 2022",Unknown,Partial,Recording,https://youtu.be/NWdXnkwrWuI?si=7mLgK4xBYkZsoevK
SCARING THE HOES,"Kanye West & James Blake - Chingy [V1]
(prod. JPEGMAFIA)
(Garbage Pale Kids)","Very early version of ""Garbage Pale Kids"" that's currently just a loop, shown to Ye during a session with James Blake for WAR. Snippet posted on December 19th, 2025.",,"Dec 19, 2025",OG,Snippet,Recording,https://www.reddit.com/r/GoodAssSub/comments/1pqu7u5/chingy/
SCARING THE HOES,"Kanye West & James Blake - Chingy [V2]
(prod. JPEGMAFIA)
(Garbage Pale Kids)","Version with vocals from Ye and James Blake, said to exist by yougotonemore.",,,,Rumored,Not Available,
SCARING THE HOES,"Garbage Pale Kids [V3]
(Chingy)","Third April Twitter snippet, also previewed on April 6th. Video shows JPEG dancing to the beat",,"Apr 6, 2022",OG,Partial,Recording,https://youtu.be/Mm_3GgOEJ_0?si=I7deJtA6_OsmzGCL
SCARING THE HOES,"Heaven On Earth [V1]
(HOE (Heaven On Earth))","Shown on JPEG's Instagram story on January 23, 2022. Likely the original version of beat without any vocals.",4:44,,OG,Confirmed,Not Available,
SCARING THE HOES,Where Ya Get Ya Coke From? [V1],Original solo version first previewed live on October 10th 2022. Uses the second chorus after his first verse.,1:09,"Oct 10, 2022",OG,Full,Recording,https://youtu.be/9ql965RRUIs
SCARING THE HOES,"MOTHER OF GOD STEMMED [V2]
(with Danny Brown)
(Where Ya Get Ya Coke From?)","**POSSIBLE** OG Filename: MOTHER OF GOD STEMMED new vjcerse
Version from JPEGMAFIA's official SoundCloud uploaded sometime in December 2022 under the name ""MOTHER OF GOD STEMMED new vjcerse"". Has a different take on Danny Brown's verse and alt mixing. Was private until he, most likely by accident, unprivated it around June 18th 2024. Was taken down a day later.",3:04,"Jun 18, 2024",OG,Full,CD Quality,https://pillows.su/f/68fc56d873eaae216a4c1f0d68c4e3ad
SCARING THE HOES,Peggy,Instrumental posted on STH tour site.,,,Unknown,Snippet,Recording,https://pillows.su/f/c762c1e73dc06c11ef5e29b42e18737b
SCARING THE HOES,SO I HID [V1],"Snippet posted on Twitter on April 11th, 2022. Not much is known.",,"Apr 11, 2022",Unknown,Snippet,Recording,https://youtu.be/lb8jy6PO0dw?si=4tmvtaJkNgt9SD_v
SCARING THE HOES,"⭐️ ??? [V2]
(with Slowthai)
(Gang Shit)","2022 version of the untitled track with Slowthai originally for meant Slowthai's album TYRON. Played live at a JPEGMAFIA concert on April 4, 2022 and June 8, 2022. Titled ""Gang Shit"" by fans. It is unclear what changes have been made from the original, and who is the main artist on the track.",2:53,"Jun 8, 2022",Throwaway,Full,CD Quality,https://pillows.su/f/588beb0e0c061c9effc0469eaafc4082
SCARING THE HOES,"???
(RISE & GRIND PEOPLE!)","Second Twitter snippet previewed in April, this one being previewed on April 6th. JPEG raps over the beat playing on a Macbook but is hard to hear compared to the beat. ",1:42,"Apr 6, 2022",Unknown,Snippet,Recording,https://youtu.be/6-V3TmXu7mE?si=PAqb3HXyxztQT8FU
SCARING THE HOES,???,"Fourth April Twitter snippet, previewed on April 7th. A Gospel sampling song, which cuts off just as JPEG starts rapping",,"Apr 7, 2022",Unknown,Snippet,Recording,https://youtu.be/qq2X2QxgF5Y?si=e5GC4vmKFjMzvxEp
SCARING THE HOES,???,"Fifth April Twitter snippet, previewed on April 8th. Samples SUGAR by BROCKHAMPTON. ",,"Apr 8, 2022",Unknown,Snippet,Recording,https://youtu.be/ihaL3H3Upyg?si=jBlSQ43epjwSYTIY
SCARING THE HOES,"Denzel Curry - John Wayne (Instrumental)
(feat. Buzzy Lee) (prod. JPEGMAFIA)","Instrumental for Denzel Curry's ""John Wayne"", previewed on NTS Radio on March 28th, 2022. The intro and outro of the song are longer than the version used by Denzel. ",,"Mar 28, 2022",Production,Partial,High Quality,https://youtu.be/ahUqMErZOiU?si=UtpLN6bwC4SzmP9M
VULTURES,"BEG FORGIVENESS [V20]
(feat. Chris Brown) (prod. Kanye West, London on da Track, VITALS, Digital Nas, JPEGMAFIA, SHDØW, Anthony Kilhoffer, Aver Ray & SHDØW)
(BEG FOR FORGIVENESS)","Played on an instagram live on March 29th, 2024. Has alternate production from SHDØW. Unknown when made.",,"Mar 29, 2024",Production,Snippet,Recording,https://pillows.su/f/ae296f5dbcb74b10eebf324149e75029
VULTURES,"BEG FORGIVENESS [V21]
(feat. Chris Brown) (prod. Kanye West, London on da Track, VITALS, Digital Nas, JPEGMAFIA, SHDØW, Anthony Kilhoffer & Aver Ray)
(BEG FOR FORGIVENESS)","Version played at the Chicago listening party. Has an added Ye verse, and a beatswitch with more Ty Dolla $ign vocals.",6:09,"Feb 8, 2024",Production,Full,High Quality,https://pillows.su/f/a8a30b65ee1d6a4efb7424ec6f6dfbf7
VULTURES,"BEG FORGIVENESS [V22]
(feat. Playboi Carti) (prod. Kanye West, London on da Track, VITALS, Digital Nas, JPEGMAFIA, SHDØW, Anthony Kilhoffer & Aver Ray)
(BEG FOR FORGIVENESS)","Version with Playboi Carti vocals over the beatswitch, unknown if the original beat is attatched or if Chris Brown is featured. Likely made very late into the songs development, but nothing else is known. Played by Ty on stream December 7th, 2025.        ",,"Dec 7, 2025",Production,Snippet,Recording,https://pillows.su/f/5ba9aca9a4afbfd19fa929be7efb2f14
VULTURES,"BEG FORGIVENESS [V23-V29]
(feat. Chris Brown) (prod. Kanye West, London on da Track, VITALS, Digital Nas, JPEGMAFIA, SHDØW, Anthony Kilhoffer & Aver Ray)
(BEG FOR FORGIVENESS)","Earlier versions proven by a filename including ""M7"" and ""Vers 2"". Most likely that they have some small mixing changes.",,,Production,Confirmed,Not Available,
VULTURES,"BEG FORGIVENESS [V30]
(feat. Chris Brown) (prod. Kanye West, London on da Track, VITALS, Digital Nas, JPEGMAFIA, SHDØW, Anthony Kilhoffer & Aver Ray)
(BEG FOR FORGIVENESS)","OG Filename: BEG FORGIVENESS M7 Ye Vers V2 MT001 SPLICED-TUCCI MASTER-24BIT-48kHz
Post-release mix, leaked after a groupbuy. Has an actual outro that does not cut out prematurely, unlike release. This version was also played at the Italy and France Listening Party events.",6:28,"Oct 17, 2024",Production,Full,Lossless,https://pillows.su/f/0d8b11cba118cacab3e6d914e0407fe5
VULTURES,"BEG FORGIVENESS [V31]
(feat. Chris Brown & The Hooligans) (prod. Kanye West, London on da Track, VITALS, Digital Nas, JPEGMAFIA, SHDØW, Anthony Kilhoffer & Aver Ray)
(BEG FOR FORGIVENESSS)","Played at the Footprint center listening event. Has added vocals from The Ultras, also known as The Hooligans.",,"Mar 10, 2024",Production,Partial,Recording,https://pillows.su/f/92c60198fbda53d7875b3aecd2e805ae
VULTURES,"DO IT [V9]
(feat. YG & Nipsey Hussle) (prod. Kanye West, Mustard, Wheezy, Chrishan, CuBeatz, LukasBL, DTP, The Legendary Traxster & JPEGMAFIA)","OG Filename: doit8barintro
Earlier clean version. Basically same as release, but there is an 8-bar intro before the choir intro, different mixing and the song being clean. Instrumental originally leaked June 9th, 2024.",4:02,"Sep 3, 2024",Production,OG File,Lossless,https://pillows.su/f/5c8fe3e69e2b1dc4adf75e91e8ef90e7
VULTURES,"DO IT [V10]
(feat. YG & Nipsey Hussle) (prod. Kanye West, Mustard, Wheezy, Chrishan, CuBeatz, LukasBL, DTP, The Legendary Traxster & JPEGMAFIA)","Version played at the Chicago listening party. Contains an evolved instrumental. Intro has a short Nipsey Hussle verse stemming from unreleased song ""I Just Wanna Know"". New Ty$ line in Ye's verse, which was also re-recorded. Beat switch samples ""Back That Azz Up"" - Juvenile.",4:01,"Feb 8, 2024",Production,Full,High Quality,https://pillows.su/f/7e92d73696638a5cb14b895974980be6
VULTURES,"DO IT [V11]
(feat. YG & Nipsey Hussle) (prod. Kanye West, Mustard, Wheezy, Chrishan, CuBeatz, LukasBL, DTP, The Legendary Traxster & JPEGMAFIA)","OG Filename: yetydollasignfeatyg-doit
Same as release, but clean (clean version was never released).",3:44,"Sep 3, 2024",Production,OG File,Lossless,https://pillows.su/f/ca6a1c8e7a23a323c47f6cfbad696e5d
VULTURES,"DO IT [V12-V17]
(feat. YG & Nipsey Hussle) (prod. Kanye West, Mustard, Wheezy, Chrishan, CuBeatz, LukasBL, DTP, The Legendary Traxster & JPEGMAFIA)","Earlier versions proven by a filename including ""M7"". Most likely that they have some small mixing changes.",,,Production,Confirmed,Not Available,
VULTURES,"DO IT [V18]
(feat. YG & Nipsey Hussle) (prod. Kanye West, Mustard, Wheezy, Chrishan, CuBeatz, LukasBL, DTP, The Legendary Traxster & JPEGMAFIA)","OG Filename: Do It M7 24 bit
Alternative mix, leaked after a groupbuy.",3:45,"Oct 17, 2024",Production,OG File,Lossless,https://pillows.su/f/823886c12d74474fea99abe79beed43d
VULTURES,"DO IT [V19]
(feat. YG & Nipsey Hussle) (prod. Kanye West, Mustard, Wheezy, Chrishan, CuBeatz, LukasBL, DTP, The Legendary Traxster & JPEGMAFIA)","OG Filename: DO IT CLEAN M8 FLAT MT001-TUCCI MASTER-24BIT-48kHz
Post-release clean mix, leaked after a groupbuy. Has worse mixing compared to the previous version.",3:45,"Oct 17, 2024",Production,OG File,Lossless,https://pillows.su/f/d0f4def12f410cc790be7d7e836087a9
VULTURES,"FUK SUMN [V24]
(ref. Quavo) (feat. Playboi Carti) (prod. Digital Nas, Timbaland, SHDØW, Hubi & JPEGMAFIA)
(Smoking On Junt, FUKK SUMN, FUCK SUM)","Version with Quavo's reference verse added back with the new JPEGMAFIA production. Possibly made before the music video shoot. Snippet was posted on JPEGMAFIA's story on February 23rd, 2024, and previewed at Pitchfork Music Festival March 7th, 2024. Has no Ye vocals.",,"Mar 7, 2024",Production,Partial,Recording,https://pillows.su/f/d44dd3eddeb56001c3d75d3249a6519b
VULTURES,"FUK SUMN [V25]
(ref. Travis Scott) (prod. Digital Nas, Timbaland, SHDØW, Hubi & JPEGMAFIA)
(Smoking On Junt, FUKK SUMN, FUCK SUM)","Travis Scott did a reference track for the Ye verse on ""Fuk Sumn"" which can be heard in the background on the pitched up section of the song. Snippet of the actual version of the song leaked October 14th, 2024.",,"Oct 14, 2024",Production,Snippet,Low Quality,"https://pillows.su/f/c693136bd7e20e80a927d2a7fdb9f402
https://pillows.su/f/a6f0290d4feafc99bfcdd94b70024551"
VULTURES,"FUK SUMN [V26]
(feat. Playboi Carti) (prod. Digital Nas, Timbaland, SHDØW, Hubi & JPEGMAFIA)
(Smoking On Junt, FUKK SUMN, FUCK SUM)",An updated version without the Quavo vocals and a beatswitch ending done by Ye. The unreleased music video was recorded over this version.,,"Jan 14, 2024",Production,Partial,Recording,"https://pillows.su/f/b83f938b9fd365aa937deedb406276c2
https://pillows.su/f/bad81214f2aabb2ce3cfe3bc98404d13
https://pillows.su/f/c4904651021f5aac5c270009485cc22f"
VULTURES,"FUK SUMN [V27]
(feat. Playboi Carti & Travis Scott) (prod. Digital Nas, Timbaland, SHDØW, Hubi, Chrishan & JPEGMAFIA)
(Smoking On Junt, FUKK SUMN, FUCK SUM)",Version previewed by Ty at Club Poppy featuring alternate JPEGMAFIA production.,,"Feb 3, 2024",Production,Snippet,Low Quality,LINK NEEDED
VULTURES,"FUK SUMN [V28]
(feat. Playboi Carti & Travis Scott) (prod. Digital Nas, Timbaland, SHDØW, Hubi, Chrishan & JPEGMAFIA)
(Smoking On Junt, FUKK SUMN, FUCK SUM)","Version played at the Chicago listening party. Has alternate production, with most of the main melody removed. Contains a beatswitch with pitched up Ye vocals and a new Travis feature.",3:27,"Feb 8, 2024",Production,Full,High Quality,https://pillows.su/f/98e3594c6e15fa0df56e98b6e5d74b8e
VULTURES,"FUK SUMN [V29-V38]
(feat. Playboi Carti & Travis Scott) (prod. Digital Nas, Timbaland, SHDØW, Hubi, Chrishan & JPEGMAFIA)
(Smoking On Junt, FUKK SUMN, FUCK SUM)","Earlier versions proven by a filename including ""M11"". Most likely that they have some small mixing changes.",,,Production,Confirmed,Not Available,
VULTURES,"FUK SUMN [V39]
(feat. Playboi Carti & Travis Scott) (prod. Digital Nas, Timbaland, SHDØW, Hubi, Chrishan & JPEGMAFIA)","OG Filename: Fuk Sumn M11
Alternate post-release mix, leaked after a groupbuy. ",3:29,"Oct 17, 2024",Production,OG File,Lossless,https://pillows.su/f/6f163d8f301b8b668121c2426458d951
VULTURES,"FUK SUMN [V40]
(feat. Playboi Carti & Travis Scott) (prod. Digital Nas, Timbaland, SHDØW, Hubi, Chrishan & JPEGMAFIA)
(Smoking On Junt, FUKK SUMN, FUCK SUM)","According to Luit, a March version that is not the remix version exists, with new vocals.",,,Production,Rumored,Not Available,N/A
VULTURES,"FUK SUMN (Remix) [V1]
(feat. Playboi Carti, Travis Scott & Quavo) (prod. Digital Nas, Timbaland, SHDØW, Hubi & JPEGMAFIA)
(FUKK SUM (Remix))","Played at the Footprint center listening event and Rolling Loud. Has alternate production, and the Quavo verse added onto the outro of the song. According to Pop this is a remix that was meant to be dropped in a pack like how VULTURES PACK and CARNIVAL PACK did. According to JoyBoy, they still had intentions to drop the remix, but it's unknown if those plans are still going to happen, due to the canceling of the YZYApp and general shifts in Ye's lifestyle. Partially played by JPEGMAFIA on his Outbreak set on June 28th, 2024.",4:05,"Sep 2, 2024",Production,Partial,High Quality,"https://pillows.su/f/b4cd9c9e873ebdc443bbd27fb4d0f188
https://pillows.su/f/9d9ce30dcda550ddf6e9662cdaf8903a
https://pillows.su/f/e9e7700ea1d7d1638c422c88384ec045"
VULTURES,"KING [V12]
(prod. Wheezy, Lester Nowhere & JPEGMAFIA)
(STILL THE KING)",Version said to exist with finished Ye vocals and no Ty Dolla $ign.,,,Production,Rumored,Not Available,N/A
VULTURES,"KING [V13-V?]
(prod. Kanye West, Lester Nowhere, Wheezy, Dez Wright, 88-Keys & JPEGMAFIA)
(STILL THE KING)",Alt production versions with finished Ye and Ty Dolla $ign vocals are said to exist.,,,Production,Rumored,Not Available,N/A
VULTURES,"KING [V14]
(prod. Kanye West, Lester Nowhere, Wheezy, Dez Wright, 88-Keys & JPEGMAFIA)
(STILL THE KING)","Played at the Chicago listening party. Fully finished song about Ye overcoming his controversies. Stream was cut short due to non-sporting curfew rules in Chicago, so we don't have a full HQ rip, but there is a full recording linked alongside the partial version.",,"Feb 8, 2024",Production,Partial,High Quality,"https://pillows.su/f/6bf7737d4ea8fb06ba2f55e4c6507384
https://pillows.su/f/a16b26a93f261c28c0edffdacacc520d"
VULTURES,"KING [V15-V16]
(prod. Kanye West, Lester Nowhere, Wheezy, Dez Wright, 88-Keys & JPEGMAFIA)
(STILL THE KING)","Earlier versions proven by a filename including ""M3"". Most likely that they have some small mixing changes.",,,Production,Confirmed,Not Available,
VULTURES,"KING [V17]
(prod. Kanye West, Lester Nowhere, Wheezy, Dez Wright, 88-Keys & JPEGMAFIA)
(STILL THE KING)","OG Filename: KING M3 Flatten  MT001-TUCCI MASTER-24BIT-48kHz
Post-release mix, leaked after a groupbuy. Has better mixing.",2:36,"Oct 17, 2024",Production,OG File,Lossless,https://pillows.su/f/681c13e71dfa4e0e13dfdd94e342b91e
VULTURES,"KING [V18]
(prod. Kanye West, Lester Nowhere, Wheezy, Dez Wright, 88-Keys & JPEGMAFIA)
(STILL THE KING)","OG Filename: KING M3 Flatten NO OZZY MT001-TUCCI MASTER-24BIT-48kHz
Post-release mix, leaked after a groupbuy. Similar to above, but has the Ozzy sample removed and has some slight difference with vocal volume/delay compared to the above version.",2:36,"Oct 17, 2024",Production,OG File,Lossless,https://pillows.su/f/113a40d75e6e9d41ab1a3e0a72de6757
VULTURES,"KING [V19]
(prod. Kanye West, Lester Nowhere, Wheezy, Dez Wright, 88-Keys & JPEGMAFIA)
(STILL THE KING)","Earlier version proven by a filename including ""M5"". Most likely that it has some small mixing changes.",,,Production,Confirmed,Not Available,
VULTURES,"KING [V20]
(prod. Kanye West, Lester Nowhere, Wheezy, Dez Wright, 88-Keys & JPEGMAFIA)
(STILL THE KING)","OG Filename: King M5 SAMPLE REPLAY
Post-release mix, leaked after a groupbuy. Has better mixing.",2:37,"Oct 17, 2024",Production,OG File,Lossless,https://pillows.su/f/aa32c8bab2081f7ac696ec44e12cda79
VULTURES,"PAID [V16]
(feat. K-Ci) (prod. Kanye West, Stryv, Wax Motif, Chrishan, KAYTRANADA, The Legendary Traxster, Anthony Kilhoffer & JPEGMAFIA)",Version played by JPEGMAFIA at the Pitchfork Music Festival in Mexico. Has alternate production.,3:26,"Mar 7, 2024",Production,Full,Recording,https://pillows.su/f/73dd437b5907e3bb31e7238cf3a5cec6
VULTURES,"STARS [V18]
(prod. FNZ, Ojivolta & JPEGMAFIA)
(Up In The Stars)",Version played at the Chicago listening party.,1:53,"Feb 8, 2024",Production,Full,High Quality,https://pillows.su/f/a439996710fa5d51aecbd56d62bbbbf1
VULTURES,"STARS [V19]
(feat. The Hooligans) (prod. Kanye West, FNZ, SHDØW, Digital Nas, JPEGMAFIA, DJ Camper, The Legendary Traxster & Ojivolta)","OG Filename: Stars
Alternate mix. Leaked after a groupbuy.",1:55,"Oct 17, 2024",Production,OG File,Lossless,https://pillows.su/f/224a90907fe46ee67263b6853b658ebd
,Unreleased (VULTURES 2),"(02/10/2024) (VULTURES 1 officially releases)
(08/16/2024) (The final update for VULTURES 2 releases)",,,,,,
VULTURES,"BELIEVER [V8]
(ref. FRE$H) (prod. Adam Vadel, JPEGMAFIA & BoogzDaBeast)","According to the filename below, an earlier version with Fre$h ref vocal exists.",,,Production,Confirmed,Not Available,
VULTURES,"BELIEVER [V9]
(ref. FRE$H) (prod. Adam Vadel, BoogzDaBeast & JPEGMAFIA)","OG Filename: Believer Fre$h_02
FRE$H reference track. Shares the same instrumental as the LA listening party version.",3:09,"Oct 21, 2024",Production,OG File,CD Quality,https://pillows.su/f/1893a43ef9d9ccb2073c9b07ccb99bb5
VULTURES,"BELIEVER [V10]
(prod. Adam Vadel, BoogzDaBeast, & JPEGMAFIA)","Song played during the private LA listening party for VULTURES 2 on March 9th, 2024. Features solo Ty Dolla $ign vocals and an intro sampling a Charleston White interview. Has added JPEGMAFIA drums and Boogz chops onto Adam's loop. Very similar to what was released on the digital deluxe.",1:26,"Mar 9, 2024",Production,Full,Recording,https://pillows.su/f/468be0d6758954f8b8b66c51dd09d362
VULTURES,"BELIEVER [V13]
(ref. Quentin Miller) (prod. Adam Vadel & JPEGMAFIA)","OG Filename: believer qm v1
Reference track done by Quentin Miller. Original snippet leaked October 19th, 2024. Shares the same instrumental as the LA listening party version without the Boogz chops.",1:27,"Oct 21, 2024",Production,OG File,CD Quality,https://pillows.su/f/5ea287d2620dac2077ba9079fad1b8f8
VULTURES,"BELIEVER [V16]
(feat. Young Moose) (prod. Adam Vadel, JPEGMAFIA & BoogzDaBeast)","Version with Young Moose vocals exists, but was privately sold by Luit.",,,Production,Confirmed,Not Available,
VULTURES,"FUK SUMN (Remix) [V2]
(feat. Playboi Carti & Juicy J) (prod. AyoAA, BBYKOBE, Chrishan, Digital Nas, Hubi, JPEGMAFIA, SHDØW & Timbaland)
(FUKK SUM (Remix))","Version of ""FUK SUMN (Remix)"" with the Juicy J verse. Unknown what other features are on it besides him and Carti. Played by Ty on stream December 5th, 2025.",,"Dec 5, 2025",Production,Partial,Recording,
VULTURES,"FUKK SUM (Remix) [V3-V6]
(feat. Playboi Carti, Travis Scott, Quavo & Ant Clemons) (prod. Digital Nas, Timbaland, SHDØW, Hubi & JPEGMAFIA)
(FUK SUMN (Remix))","Earlier versions proven by a filename including ""REF 5"". Most likely that they have some small mixing changes.",,,Production,Confirmed,Not Available,
VULTURES,"✨ FUKK SUM (Remix) [V7]
(feat. Playboi Carti, Travis Scott, Quavo & Ant Clemons) (prod. Digital Nas, Timbaland, SHDØW, Hubi & JPEGMAFIA)
(FUK SUMN (Remix))","OG Filename: FUKK SUM 3.18.24 ME- F REF 5 ANT
Later version of the remix with added production and a new feature from Ant Clemons, replacing a portion of Ye's pitched-up vocals. Meant for release on VULTURES 2.",3:51,"Nov 21, 2024",Production,OG File,CD Quality,https://pillows.su/f/c5c95c268b6a75ed41e1881980b4b9e6
VULTURES,"RIVER [V51]
(feat. Young Thug) (prod. AyoAA, Chrishan, Digital Nas, Gren808 & JPEGMAFIA) ","Version with the entire first part of the song having alternate production from JPEGMAFIA. Was played at a San Francisco show on August 20th, 2024.",,,Production,Confirmed,Not Available,
VULTURES,"??? [V2]
(feat. ???) (prod. JPEGMAFIA)
(GONE, UNTIL WE'RE GONE, STARLIGHT)","Song played during the private LA listening party for VULTURES 2 on March 9th, 2024. Features Ty$ vocals and a prominent sample of ""Bonafide Love"" by Buju Banton and Wayne Wonder. Has no Ye vocals. ",,"Mar 9, 2024",Production,Partial,Recording,https://pillows.su/f/2467fe0e063264a166b9243b56a3d5ed
VULTURES,"??? [V3]
(feat. ???) (prod. JPEGMAFIA)
(GONE, UNTIL WE'RE GONE, STARLIGHT)","Version with alternate lyrics, played on Ty's stream on October 4th, 2025.",,"Oct 4, 2025",Production,Partial,Recording,https://pillows.su/f/a9917666d53018c221d0b5a41e2ac23e
VULTURES,Unknown [Kanye West Collaborations],"On January 19th, JPEGMAFIA posted a photo of him and Kanye captioned ""VULTURES"". After the release of Volume 1, JPEGMAFIA confirmed that he produced multiple tracks on the album. On 2/20/24, via his Twitter location, which had an Arabic translation of the words ""VULTURES 2"". He later confirmed via several photos that he was in Italy with Ye. He has also stated that he has made ""too much"" work on ""VULTURES 2"".",,,Production,Confirmed,Not Available,
VULTURES,Unknown [Lil Tecca Collaborations],"JPEGMAFIA and Lil Tecca have been seen in the same studio together in Twitter and Instagram posts posted on 04/05/2024. Its also possible that ¥$ were also involved due to the Twitter caption reading ""with the vultures"".",,,Unknown,Confirmed,Not Available,
I LAY DOWN MY LIFE FOR YOU,"ACT 30 (ALLAH) 2 [V1]
(ALLAH)","Likely the original version of ""ALLAH"" seen in an instagram story, 4:19 in length. Likely just the beat.",4:19,,OG,Snippet,Recording,"https://imgur.com/a/fQwlICq
https://youtu.be/qNKEVnoG35Q"
I LAY DOWN MY LIFE FOR YOU,don't rely on other men [V1],"Original version of the instrumental with a ""You Think You Know Me"" tag and a few beat differences. Played live during his Mexico performance on 2024-03-06.",,"Mar 6, 2024",OG,Snippet,Recording,https://youtu.be/HtVCr8oHhGI?t=1662
I LAY DOWN MY LIFE FOR YOU,"ill be right there f3reason [V1]
(I'll Be Right There)","Original version of ""I'll Be Right There"" that was seen in an Instagram story screenshot, differences unknown.",,,Unknown,Confirmed,Not Available,
I LAY DOWN MY LIFE FOR YOU,SCENE 1 m [V1],Track seen in an Instagram story screenshot.,,,Unknown,Confirmed,Not Available,
I LAY DOWN MY LIFE FOR YOU,TAKE AN [V1],"Instrumental previewed on Peggy's instagram story on June 29th, 2024, might be the exact same as the version that released on the Director's Cut of I LAY DOWN MY LIFE FOR YOU. Samples the ""Think"" break.",,"Jun 29, 2024",OG,Snippet,Recording,https://pillows.su/f/2b3b85ee4aa63bb3e5efedfaf44e37ff
I LAY DOWN MY LIFE FOR YOU,VOL. 23 rec 5555 [V1],Track seen in an Instagram story screenshot.,,,Unknown,Confirmed,Not Available,
I LAY DOWN MY LIFE FOR YOU,Unknown [Denzel Curry Collaborations],Both were seen in studio photos together in pictures posted on June 1st 2024.,,,Unknown,Confirmed,Not Available,
EXPERIMENTAL RAP,Unknown [Danny Brown Collaborations],"Both likely working on SCARING THE HOES Vol. 2 according to a ""cryptic"" message in an Instagram post from April 27th, 2025. On the same date Danny tweeted that they ""literally just started talking about working on it yesterday""",,,Unknown,Confirmed,Not Available,
EXPERIMENTAL RAP,"Unknown [Denzel Curry Collaborations]
(AAR)","Both JPEGMAFIA and Denzel Curry were seen together recently and both started hinting at a collab album or collabarative songs to come soon. AAR is a supposed name for this project, teased by Peggy in an in car interview with debbiesthuglife. A few weeks after this, Peggy would make a post on Instagram which had photos of him and Denzel with the caption ""the next album must sound like war over land or else”. Denzel left a comment under the post, saying “AAR”, leaving some to speculate that could an abbreviation of the title of the project (i.e. All American Rockstar or After Action Review).",,,Unknown,Confirmed,Not Available,
