Era,Video Title,Notes,Length,Date,Type,Availability,Uploaded,Quality,Link(s),Original Link(s)
Dreamcast Summer Songs,Bill (Hip Hop Instrumental rap beat),"Video for ""Bill"", unfortunately lost.",,,Unknown,Lost,YouTube,Not Available,https://www.youtube.com/watch?v=SsKBJIC47qY,https://www.youtube.com/watch?v=SsKBJIC47qY
Dreamcast Summer Songs,Joe Chill - Sex On The Beach (Instrumental),"Video for ""Sex On The Beach"", only the thumbnail has survived. According to people who viewed the video, it began with a slideshow of various pictures of Devon before cutting to a GIF of a beach view. Also the first time the name ""Joe Chill"" is ever used.",3:04,,Video,Partial,YouTube,Not Available,https://www.youtube.com/watch?v=0uT4dVt-MYQ,https://www.youtube.com/watch?v=0uT4dVt-MYQ
Generation Y,"LIGHTBULB BY DeVON HENDRYX PRODUCED BY DeVON HENDRYX GENERATION Y 2011 (WOO!) THEMACKNBIZ eLZhi""","Alternate Title: ""LIGHTBULB 電球"" (2009)
Video for ""Lightbulb"", only the thumbnail has survived. Renamed to the alternate title shown on an unknown date.",2:30,"Jan 11, 2011",Music Video,Partial,YouTube,Not Available,https://www.youtube.com/watch?v=U7ULjqBZZJE,https://www.youtube.com/watch?v=U7ULjqBZZJE
Generation Y,OPERATION: KILL HANNAH MONTANA BY DeVON HENDRYX PRODUCED BY DeVON HENDRYX THE MACK N BIZ A-1,"Alternate Title: DEVON HENDRYX - OPERATION: KILL HANNAH MONTANA (2009)
Video for ""Operation: Kill Hannah Montana"". Renamed to the alternate title shown on an unknown date.",2:47,"Jan 15, 2011",Unknown,Lost,YouTube,Not Available,https://www.youtube.com/watch?v=w4dgQcWnQzk,https://www.youtube.com/watch?v=w4dgQcWnQzk
Generation Y,OPERATION: KILL CHET HAZE BY DeVON HENDRYX PRODUCED BY DeVON HENDRYX THEMACKNBIZ ...,"Alternate Title: DEVON HENDRYX - OPERATION: KILL CHET HAZE (2009)
Video for ""Operation: Kill Chet Haze"". Renamed to the alternate title shown on an unknown date.",4:27,"Jan 15, 2011",Unknown,Lost,YouTube,Not Available,https://www.youtube.com/watch?v=h_hUrPUP8dc,https://www.youtube.com/watch?v=h_hUrPUP8dc
Generation Y,END TO THE MEANS BY DeVON HENDRYX PRODUCED BY DeVON HENDRYX GENERATION Y 2011,"Alternate Title: DEVON HENDRYX - END TO THE MEANS (2009)
Music video for ""End To The Means"", said to be from 2008, but this is likely to be false. Renamed to the alternate title shown on an unknown date.",4:43,"Jan 16, 2011",Music Video,Full,YouTube,Low Res,"https://www.youtube.com/watch?v=Cswn4eT5E3E&list=RDCswn4eT5E3E&start_radio=1
https://www.youtube.com/watch?v=MWvAwkKgGiA",https://www.youtube.com/watch?v=MWvAwkKgGiA
Generation Y,iLL BOMB FREESTYLE DIRECTED BY DeVON HENDRYX (VERY CHILLED OUT OMG!!) COD ONLINE 2011 THE MACK N BIZ,,2:50,"Jan 17, 2011",Unknown,Lost,YouTube,Not Available,https://www.youtube.com/watch?v=NLxM4UyJRLw,https://www.youtube.com/watch?v=NLxM4UyJRLw
Generation Y,nilaplliK (OPERATION: KILL PALIN) BY DeVON HENDRYX PRODUCED BY DeVON HENDRYX THE MACK N BIZ A-1,,2:40,"Jan 17, 2011",Unknown,Lost,YouTube,Not Available,https://www.youtube.com/watch?v=OjUyeu_q948,https://www.youtube.com/watch?v=OjUyeu_q948
Generation Y,GENERATION Y BY DEVON HENDRYX 2011 PRODUCED BY DeVON HENDRYX GENERATION Y THE MACK N BIZ A-1,"Alternate Title: DEVON HENDRYX - GENERATION Y (2008)
Video for ""Generation Y"". Renamed to the alternate title shown on an unknown date.",3:52,"Jan 21, 2011",Unknown,Lost,YouTube,Not Available,https://www.youtube.com/watch?v=Y9IfiKkeq7I,https://www.youtube.com/watch?v=Y9IfiKkeq7I
Generation Y,ANNE HATHAWAY BY DeVON HENDRYX 2011 DIRECTED BY DeVON HENDRYX GENERATION Y THEMACKNBIZ eLZhi,"Alternate Title: ""ANNE HATHAWAY (NONE OF DEM FREESTYLE 2010)""
Video for ""Anne Hathaway"". Renamed to the alternate title shown on an unknown date.",3:00,"Jan 27, 2011",Unknown,Lost,YouTube,Not Available,https://www.youtube.com/watch?v=8qTQQzxKSBY,https://www.youtube.com/watch?v=8qTQQzxKSBY
Dreamcast Summer Songs,SINCE I LEFT YOU PART II ALBUM SAMPLER BY DeVON HENDRYX PART 1 OF 3 THE AVALANCHES,,4:06,"Feb 10, 2011",Unknown,Lost,YouTube,Not Available,https://www.youtube.com/watch?v=c2TNkWM0YbQ,https://www.youtube.com/watch?v=c2TNkWM0YbQ
Dreamcast Summer Songs,SINCE I LEFT YOU PART II ALBUM SAMPLER BY DeVON HENDRYX PART 2 OF 3 THE AVALANCHES,,3:24,"Feb 10, 2011",Unknown,Lost,YouTube,Not Available,https://www.youtube.com/watch?v=8aBL7wkj7gI,https://www.youtube.com/watch?v=8aBL7wkj7gI
Dreamcast Summer Songs,SINCE I LEFT YOU PART II ALBUM SAMPLER BY DeVON HENDRYX PART 3 OF 3 THE AVALANCHES,,2:36,"Feb 10, 2011",Unknown,Lost,YouTube,Not Available,https://www.youtube.com/watch?v=4LkkE4l18RE,https://www.youtube.com/watch?v=4LkkE4l18RE
Generation Y,AMLA DUE BY DEVON HENDRYX PRODUCED BY DeVON HENDRYX GENERATION Y 2011 THEMACKNBIZ ...,"Alternate Title (1): ""AMLA DUE"" BY DEVON HENDRYX PRODUCED BY DeVON HENDRYX GENERATION Y 2011
Alternate Title (2): DEVON HENDRYX ""AMLA DUE""
Music video for ""Amla Due"". Renamed to the alternate titles shown on unknown dates.",5:51,"Apr 8, 2011",Music Video,Full,YouTube,Low Res,https://www.youtube.com/watch?v=obgtQ95ZoDo,https://www.youtube.com/watch?v=obgtQ95ZoDo
JOECHILLWORLD,"""GAME OF THE CENTURY"" BY DeVON HENDRYX PRODUCED BY DeVON HENDRYX JOECHILLWORLD","Alternate Title: ""Game of the Century""
Music video for ""Game of the Century"". Renamed to the alternate title shown on an alternate date. Unlisted at some point around or before 2016, later privated or deleted entirely. Footage from this version was later reused for ""Bubblegum Crisis"" from THE GHOST~POP TAPE movie.",6:15,"Jun 28, 2011",Music Video,Full,YouTube,High Res,"https://web.archive.org/web/20110713035430/http://www.youtube.com/watch?v=AJhV5eEFvHs&gl=US&hl=en&amp;has_verified=1
https://web.archive.org/web/20131208011153/http://www.youtube.com/watch?v=AJhV5eEFvHs
https://www.youtube.com/watch?v=AJhV5eEFvHs",https://www.youtube.com/watch?v=AJhV5eEFvHs
JOECHILLWORLD,"""NEON KITCHEN"" BY DeVON HENDRYX PRODUCED BY DeVON HENDRYX JOECHILLWORLD 2011","Alternate Title: DEVON HENDRYX - NEON KITCHEN
Video for ""Neon Kitchen"". Renamed to the alternate title shown on an alternate date.",5:28,"Jul 7, 2011",Unknown,Lost,YouTube,Not Available,https://www.youtube.com/watch?v=1XpUjy_f1ik,https://www.youtube.com/watch?v=1XpUjy_f1ik
JOECHILLWORLD,"""OMEGA WEAPON"" BY DeVON HENDRYX PRODUCED BY DEVON HENDRYX JOECHILLWORLD 2011",,4:14,"Jul 22, 2011",Unknown,Lost,YouTube,Not Available,https://www.youtube.com/watch?v=y7g2Zz_nrk,https://www.youtube.com/watch?v=y7g2Zz_nrk
JOECHILLWORLD,"""SABBATH SCHOOL"" BY DeVON HENDRYX PRODUCED BY DEVON HENDRYX JOECHILLWORLD 2011",,4:22,"Jul 22, 2011",Unknown,Lost,YouTube,Not Available,https://www.youtube.com/watch?v=TegkqtAXpZ8,https://www.youtube.com/watch?v=TegkqtAXpZ8
JOECHILLWORLD," ""BULLY"" BY DeVON HENDRYX PRODUCED BY DEVON HENDRYX 2011",,,"Jul 22, 2011",Unknown,Lost,YouTube,Not Available,https://www.youtube.com/watch?v=g5tj5Kxbsm8,https://www.youtube.com/watch?v=g5tj5Kxbsm8
JOECHILLWORLD,"""THE LAUGHING MAN"" BY DeVON HENDRYX PRODUCED BY DEVON HENDRYX 2011",,3:13,"Jul 22, 2011",Unknown,Lost,YouTube,Not Available,,
JOECHILLWORLD,"""MONTEBELLO HIGH SCHOOL PROM"" BY DeVON HENDRYX PRODUCED BY DEVON HENDRYX JOECHILLWORLD 2011",,3:35,"Jul 24, 2011",Unknown,Lost,YouTube,Not Available,,
JOECHILLWORLD,"""COFFEE WITH CHARLES HAMILTON"" BY DeVON HENDRYX PRODUCED BY JULESWATTS 2011",,3:00,"Jul 25, 2011",Unknown,Lost,YouTube,Not Available,,
L.I.S.A,"""WE DON'T ♥ LOVE THESE HOES"" BY DeVON HENDRYX PRODUCED BY DEVON HENDRYX 2011",,3:53,"Aug 6, 2011",Unknown,Lost,YouTube,Not Available,,
Dreamcast Summer Songs,"""R.I.P. NUJABES"" BY DeVON HENDRYX PRODUCED BY DeVON HENDRYX RIP THE LEGEND NUJABES 2011",,1:42,"Aug 7, 2011",Unknown,Lost,YouTube,Not Available,,
L.I.S.A,"""WHITE GIRLS ♥ DeVON HENDRYX"" BY DeVON HENDRYX X ENSO SINATRA PRODUCED BY DEVON HENDRYX LISA",,,"Aug 11, 2011",Unknown,Lost,YouTube,Not Available,,
JOECHILLWORLD,"""THE POWER OF MADONNA"" BY DeVON HENDRYX PRODUCED BY DEVON HENDRYX JOECHILLWORLD 2011",,2:37,"Aug 19, 2011",Unknown,Lost,YouTube,Not Available,,
L.I.S.A,"""UP & DOWN"" BY DeVON HENDRYX X ENSO SINATRA PRODUCED BY DEVON HENDRYX LISA 2011",,4:38,"Aug 20, 2011",Unknown,Lost,YouTube,Not Available,,
L.I.S.A,"""NO. 1 CAM NEWTON"" BY DeVON HENDRYX (VERSE) PRODUCED BY DEVON HENDRYX 2011","Video for ""Cam Newton"" with only Devon's verse.",2:16,"Aug 28, 2011",Unknown,Lost,YouTube,Not Available,,
L.I.S.A,Cam Newton (Official Music Video),"Alternate Title: Cam Newton
Music video for ""Cam Newton"", posted by Enso Sinatra onto his YouTube channel. Renamed to the alternate title shown on an unknown date.",4:29,"Oct 5, 2011",Music Video,Full,YouTube,Low Res,https://www.youtube.com/watch?v=uF8mDTWOq_g,https://www.youtube.com/watch?v=uF8mDTWOq_g
JOECHILLWORLD,"""BULLY"" BY DeVON HENDRYX PRODUCED BY DeVON HENDRYX JOECHILLWORLD 2011",,2:48,,Unknown,Lost,YouTube,Not Available,,
JOECHILLWORLD,"""GAME OF THE CENTURY"" BY DeVON HENDRYX PRODUCED BY DeVON HENDRYX (OFFICIAL VIDEO)","Video for ""Game Of The Century"".",4:39,"Oct 17, 2011",,Full,YouTube,Low Res,,
L.I.S.A,"""WENDY'S LUNCH BREAK"" BY DeVON HENDRYX PRODUCED BY DeVON HENDRYX GENERATION Y",,1:57,"Oct 26, 2011",Unknown,Lost,YouTube,Not Available,,
Generation Y,"""END TO THE MEANS"" BY DeVON HENDRYX PRODUCED BY DeVON HENDRYX ✗✗✗ GENERATION Y","Alternate Title: ""END TO THE MEANS"" (2009)
Video for ""End To The Means"". Upload date changed to May 5th, 2012. Renamed to the alternate title shown on an unknown date.",4:00,"Nov 4, 2011",,Full,YouTube,Low Res,https://www.youtube.com/watch?v=67AKNAjDtkE,https://www.youtube.com/watch?v=67AKNAjDtkE
JOECHILLWORLD,"""TROPHY KIDS"" BY DeVON HENDRYX PRODUCED BY DEVON HENDRYX ✗✗✗ GENERATION Y ✗✗✗",,4:10,"Nov 4, 2011",Unknown,Lost,YouTube,Not Available,,
L.I.S.A,"""WE DON'T ♥ LOVE THESE HOES"" BY DeVON HENDRYX PRODUCED BY DEVON HENDRYX","Alternate Title: ""WE DON'T ♥ LOVE THESE HOES"" (2008)
Reupload. Renamed to the alternate title shown on an unknown date.",3:53,"Nov 4, 2011",,Lost,YouTube,Not Available,,
JOECHILLWORLD,"""BULLY"" BY DeVON HENDRYX PRODUCED BY DEVON HENDRYX ✗✗✗ GENERATION Y ✗✗✗",,5:27,"Nov 4, 2011",Unknown,Lost,YouTube,Not Available,,
JOECHILLWORLD,"""OPERATION: KILL STORMFRONT"" BY DeVON HENDRYX PRODUCED BY DeVON HENDRYX JOECHILLWORLD 2011",,3:36,"Nov 4, 2011",Unknown,Lost,YouTube,Not Available,,
JOECHILLWORLD,"""THE POWER OF MADONNA"" BY DeVON HENDRYX PRODUCED BY DEVON HENDRYX ✗✗✗ GENERATION Y ✗✗✗",,6:00,"Nov 4, 2011",Unknown,Lost,YouTube,Not Available,,
The Rockwood Escape Plan,"DeVON HENDRYX ""THE ROCKWOOD ESCAPE PLAN"" - IVY LEAGUE SPINS CYPHER FREESTYLE ☁✈GENERATION Y",,2:26,"Dec 3, 2011",Unknown,Lost,YouTube,Not Available,,
The Rockwood Escape Plan,"DeVON HENDRYX - ""GOD & EARRINGS""","Video for ""God & Earrings"".",4:13,,Unknown,Lost,YouTube,Not Available,,
Hi-Fi,DEVON HENDRYX & ENSO SINATRA - QWOP,"Alternate Title: DEVON HENDRYX x ENSO SINATRA ""QWOP"" (2011)
Music video for ""QWOP"". Upload date changed to May 5th, 2012. Renamed to the alternate title shown on an unknown date.",4:37,"Dec 24, 2011",Music Video,Full,YouTube,,https://www.youtube.com/watch?v=-yvhycjF9Jo,https://www.youtube.com/watch?v=-yvhycjF9Jo
The Rockwood Escape Plan,DeVON HENDRYX - CAPCOM VS. SNK,,3:22,"Jan 2, 2012",Unknown,Lost,YouTube,Not Available,,
The Rockwood Escape Plan,DeVON HENDRYX - CAPCOM VS. SNK,"Alternate Title: ""CAPCOM VS. SNK"" (2011)
Music video for ""Capcom Vs. SNK"". Renamed to the alternate title shown on an unknown date.",5:08,"Jan 2, 2012",Unknown,Lost,YouTube,Not Available,,
Heart Emoji EP,DeVON HENDRYX - PIZZICATO FIVE,"Alternate Title: DEVON HENDRYX ""PIZZICATO FIVE 愛"" (2009)
Video for ""Pizzicato Five 愛"". Upload date changed to May 5th, 2012. Renamed to the alternate title shown on an unknown date.",5:18,"Jan 2, 2012",Video,Full,YouTube,,https://www.youtube.com/watch?v=cs-swkX840c,https://www.youtube.com/watch?v=cs-swkX840c
Hi-Fi,DEVON HENDRYX & ENSO SINATRA - PIANO BABY,,4:47,"Jan 2, 2012",Unknown,Lost,YouTube,Not Available,,
The Rockwood Escape Plan,DeVON HENDRYX - Y2K,,4:17,"Jan 2, 2012",Unknown,Lost,YouTube,Not Available,,
The Rockwood Escape Plan,DeVON HENDRX - OPERATION: KILL HIP HOP,,2:28,"Jan 2, 2012",Unknown,Lost,YouTube,Not Available,,
The Rockwood Escape Plan,DeVON HENDRYX - DOOKIE DUBSTEP,,5:20,"Jan 2, 2012",Unknown,Lost,YouTube,Not Available,,
The Rockwood Escape Plan,I WANT IT ALL,Unknown music video for an unknown song.,,"Jan 16, 2012",Video,Lost,YouTube,Not Available,,
The Rockwood Escape Plan,"DeVON HENDRYX & ATG - ""LONG BEACH GRAN PRIX""",,4:35,,Unknown,Lost,YouTube,Not Available,,
The Rockwood Escape Plan,"""MISSINGNO. (FEAT. A NIGGA NAMED STEVE)""",,5:27,,Unknown,Lost,YouTube,Not Available,,
The Rockwood Escape Plan,"DEVON HENDRYX ""ANDREJ PEJIC"" ☻","Alternate Title: ""ANDREJ PEJIC"" ☻
Music video for ""Andrej Pejić"", included in some versions of The Rockwood Escape Plan. Upload date changed to May 5th, 2012. Renamed to the alternate title shown on an unknown date & later reverted back to the original name on another date.",3:25,"Feb 15, 2012",Music Video,Full,YouTube,High Res,https://www.youtube.com/watch?v=4nIym_N81RI,https://www.youtube.com/watch?v=4nIym_N81RI
The Rockwood Escape Plan,ジェネレーションY,"Alternate Title: ""ジェネレーションY""
Video for ""ジェネレーションY"", estimated to have been uploaded on February 18th, 2012. Upload date changed to May 5th, 2012. Renamed to the alternate title shown on an unknown date & later reverted back to the original name on another date.",2:13,,Video,Full,YouTube,High Res,https://www.youtube.com/watch?v=ObfhY-LoDqQ,https://www.youtube.com/watch?v=ObfhY-LoDqQ
The Rockwood Escape Plan,"DEVON HENDRYX ""KING"" ♚","Music video for ""King"". Upload date changed to May 5th, 2012.",2:47,"Feb 19, 2012",Music Video,Full,YouTube,High Res,https://www.youtube.com/watch?v=1R4vDaCoeRs,https://www.youtube.com/watch?v=1R4vDaCoeRs
The Rockwood Escape Plan,"""THE 27 CLUB"" ♥","Music video for ""The 27 Club"".",5:28,"Feb 21, 2012",Music Video,Full,YouTube,High Res,,
The Rockwood Escape Plan,PU$$Y ☁✈,Probably a two part video for Pu$$y #1 & ☁✈,,"Feb 22, 2012",Unknown,Lost,Vimeo,Not Available,,
The Rockwood Escape Plan,"DEVON HENDRYX ""QUISHA"" ☿","Music video for ""Quisha"", has only the instrumental. Upload date changed to May 5th, 2012.",3:06,"Feb 25, 2012",Music Video,Full,YouTube,High Res,https://www.youtube.com/watch?v=jIdNyr1ogSw,https://www.youtube.com/watch?v=jIdNyr1ogSw
The Rockwood Escape Plan,"DEVON HENDRYX ""GOD"" ☀","Music video for ""God"".",2:19,"Mar 2, 2012",Music Video,Full,YouTube,High Res,https://www.youtube.com/watch?v=Esxw9nKf_Xs,https://www.youtube.com/watch?v=Esxw9nKf_Xs
The Rockwood Escape Plan,Lil B I love you Instrumental,"Video for the instrumental to ""I Love You"" by Lil B, produced by Devon Hendryx under the pseudonym ""PicheDreams"".",2:56,"Mar 10, 2012",,Full,YouTube,High Res,,
The Rockwood Escape Plan,"""PROJECT BIRDY PART II""","Alternate Title (1): Devon Hendryx ""Project Birdy Part II""
Video for ""Project Birdy Part II"", released onto YouTube & Vimeo (using the alternate title shown).",2:56,"Mar 21, 2012",Video,Lost,YouTube,Not Available,https://www.youtube.com/watch?v=4lAOnA8oMoA,https://www.youtube.com/watch?v=4lAOnA8oMoA
The Rockwood Escape Plan,"DEVON HENDRYX ""PROJECT BIRDY II"" ❣ ","Music video for ""Project Birdy Part II"".",3:50,"Mar 21, 2012",Music Video,Lost,YouTube,Not Available,https://www.youtube.com/watch?v=vTmHtmGh-Q8,https://www.youtube.com/watch?v=vTmHtmGh-Q8
Dreamcast Summer Songs,DREAMCAST SUMMER SONGS ✮ [FULL ALBUM],"Video for ""Dreamcast Summer Songs"".",43:34,"Mar 25, 2012",Film,Full,YouTube,High Res,https://www.youtube.com/watch?v=Ljq8x3pr3jU,https://www.youtube.com/watch?v=Ljq8x3pr3jU
The Rockwood Escape Plan,"DEVON HENDRYX ""INSTAGRAM"" ✉","Music video for ""Instagram"", description reads:

""Produced by Kaname Chidori Directed by Devon Hendryx""",2:26,"Mar 25, 2012",Music Video,Full,YouTube,High Res,https://www.youtube.com/watch?v=-m3gE9WL9wY,https://www.youtube.com/watch?v=-m3gE9WL9wY
The Rockwood Escape Plan,"DEVON HENDRYX ""GHOST""  (2009)","Music video for ""Ghost"".",5:57,"Mar 26, 2012",Video,Lost,YouTube,Not Available,,
Generation Y,"DEVON HENDRYX ""LIGHTBULB"" ✞ (2009)","Second music video for ""Lightbulb"", has a slowed down version of the song.",3:30,"Apr 2, 2012",Music Video,Full,YouTube,High Res,https://www.youtube.com/watch?v=sN79m5oebtQ,https://www.youtube.com/watch?v=sN79m5oebtQ
The Rockwood Escape Plan,GENERATION Y 1989  ☮ (PRESENTED IN HI-FI),,2:48,"Apr 5, 2012",,Full,Vimeo,High Res,,
The Rockwood Escape Plan,DEVON HENDRYX - ADDERALL ✪ (FREESTYLE),,2:01,"Apr 8, 2012",Unknown,Lost,YouTube,Not Available,,
The Rockwood Escape Plan,"""CALIFORNIA DREAMING"" ☼",,2:20,"Apr 8, 2012",,Full,YouTube,High Res,"https://www.youtube.com/watch?v=VErG8r2iJ3k
https://www.youtube.com/watch?v=vjpXOsCjerc",https://www.youtube.com/watch?v=vjpXOsCjerc
The Rockwood Escape Plan,DEVON HENDRYX - TOONAMI ✮ (PRESENTED IN HI-FI),"Alternate Title: ""TOONAMI"" ✮ (PRESENTED IN HI-FI)
Music video for ""Toonami"", has only the instrumental. Renamed to the alternate title shown on an unknown date.",3:00,"May 7, 2012",Music Video,Full,YouTube,,https://www.youtube.com/watch?v=uUpx3P0HnoQ,https://www.youtube.com/watch?v=uUpx3P0HnoQ
The Rockwood Escape Plan,???,Vimeo link & date found in a music video archive. Unknown what this video was or if it was a real link.,,"May 11, 2012",Unknown,Lost,Vimeo,Not Available,https://vimeo.com/42018563,https://vimeo.com/42018563
The Rockwood Escape Plan,DEVON HENDRYX - FUCK ✞H3S3 NIGGA$ 2012 (LE1F ☼‿☼ FREESTYLE),,4:49,"May 21, 2012",Unknown,Lost,YouTube,,,
Heart Emoji EP,DEVON HENDRYX - MAX PAYNE 雌犬,"Alternate Title: ""MAX PAYNE 雌犬""
Video for ""Max Payne (間奏)"". Renamed to the alternate title shown on an unknown date.",2:05,"May 25, 2012",Video,Full,YouTube,,https://www.youtube.com/watch?v=vwOf3sFtcpU,https://www.youtube.com/watch?v=vwOf3sFtcpU
JOECHILLWORLD,JOECHILLWORLD ☢ [FULL ALBUM],"Video for ""JOECHILLWORLD"", released sometime before The World Keeps Turning (Remix).",47:17,,Film,Lost,YouTube,Not Available,,
The Rockwood Escape Plan,DEVON HENDRYX - THE WORLD KEEPS TURNING (REMIX),,3:33,"Jun 3, 2012",Unknown,Lost,YouTube,Not Available,,
Hi-Fi,"""MANDY (WHITE GIRL IN A LEXUS)""",,3:42,"Jun 3, 2012",Video,Lost,YouTube,Not Available,,
The Rockwood Escape Plan,DEVON HENDRYX x CHRIS GR3EN - ROLLIN',"Alternate Title: ""ROLLIN""
Video for ""Rollin'"". Renamed to the alternate title shown on an unknown date.",4:44,"Jun 7, 2012",Video,Full,YouTube,,https://www.youtube.com/watch?v=kCj6pthWWBw,https://www.youtube.com/watch?v=kCj6pthWWBw
Heart Emoji EP,"""デルガドの家（マニー·ラヴ)"" ♬ (PRESENTED IN HI-FI)","Video for ""デルガドの家（マニー·ラヴ)"", which translates to ""Delgado's House (Manny Love)"". Released between June 7th, 2012 & June 10th, 2012, as seen in a YouTube archive. This might just be another name for ""Manny"" from the Heart Emoji EP.",2:06,,,Lost,YouTube,Not Available,,
The Rockwood Escape Plan,???,Vimeo link & date found in a music video archive. Unknown what this video was or if it was a real link.,,"Jun 9, 2012",Unknown,Lost,Vimeo,Not Available,https://vimeo.com/43729275,https://vimeo.com/43729275
JOECHILLWORLD,"""Bully"" ⌨ (2010)","Music video for ""Bully"". Renamed to the alternate title shown on an unknown date.",3:15,"Jun 10, 2012",Unknown,Lost,YouTube,,,
The Rockwood Escape Plan,DEVON HENDRYX - SHADOWS 影,"Alternate Title: ""SHADOWS"" 影
Video for ""Shadows"". Renamed to the alternate title shown on an unknown date.",4:51,"Jun 10, 2012",Video,Full,YouTube,High Res,https://www.youtube.com/watch?v=K7y5V0ZCqYM,https://www.youtube.com/watch?v=K7y5V0ZCqYM
Heart Emoji EP,"DEVON HENDRYX ""CHARLI BALTIMORE"" ♥","Alternate Title: ""CHARLI BALTIMORE"" ♥
Video for ""Charli Baltimore ✪"", might've been a music video. Renamed to the alternate title on an unknown date.",4:06,"Jun 24, 2012",Unknown,Lost,YouTube,,,
JOECHILLWORLD,DEVON HENDRYX - 1989 (MICHELLE'S SONG),"Alternate Title: ""1989 (MICHELLE'S SONG)""
Video for ""1989 (Michelle's Song)"". Renamed to the alternate title shown on an unknown date.",7:35,"Jul 4, 2012",Video,Full,YouTube,High Res,https://www.youtube.com/watch?v=2-kKCjVYABk,https://www.youtube.com/watch?v=2-kKCjVYABk
Heart Emoji EP,DEVON HENDRYX - LOVE ✖ (PRESENTED IN Hi-Fi),"Alternate Title: ""LOVE ✖ (PRESENTED IN Hi-Fi)""
Music video for ""LOVE ✖"", has an alternate intro. Renamed to the alternate title shown on an unknown date.",2:02,"Jul 10, 2012",Music Video,Full,YouTube,,https://www.youtube.com/watch?v=OwjsaicerAw,https://www.youtube.com/watch?v=OwjsaicerAw
Heart Emoji EP,???,"Vimeo link & date found in a music video archive, likely to be one of the tracks from the Heart Emoji EP. Unknown what this video was or if it was a real link.",,"Sep 21, 2012",Unknown,Lost,Vimeo,Not Available,https://vimeo.com/49893163,https://vimeo.com/49893163
THE GHOST~POP TAPE,???,Vimeo link & date found in a music video archive. Unknown what this video was or if it was a real link.,,"Oct 10, 2012",Unknown,Lost,Vimeo,Not Available,https://vimeo.com/51133810,https://vimeo.com/51133810
THE GHOST~POP TAPE,???,Vimeo link & date found in a music video archive. Unknown what this video was or if it was a real link.,,"Oct 18, 2012",Unknown,Lost,Vimeo,Not Available,https://vimeo.com/51675993,https://vimeo.com/51675993
THE GHOST~POP TAPE,???,Vimeo link & date found in a music video archive. Unknown what this video was or if it was a real link.,,"Nov 10, 2012",Unknown,Lost,Vimeo,Not Available,https://vimeo.com/53244343,https://vimeo.com/53244343
THE GHOST~POP TAPE,THE ROCKWOOD ESCAPE PLAN - BLACK MATERIA (PRESENTED IN HI-FI),"Alternate Title: 
01000111011001010110111001100101011100100110000101110100011010010110111101101110
Music video for ""Black Materia"". Renamed to the alternate title shown on an unknown date. The numbers translated from binary code reveal the real title as ""Generation"".",3:22,"Nov 15, 2012",Music Video,Full,YouTube,High Res,https://www.youtube.com/watch?v=knf7wqJtG0A,https://www.youtube.com/watch?v=knf7wqJtG0A
THE GHOST~POP TAPE,"The Rockwood Escape Plan ""Pu$$y #3"" (Presented in Hi-Fi)","Alternate Title: ""Pu$$y #3"" (Presented in Hi-Fi)
Music video for ""Pu$$y #3"", uses an extended version of the beat. Renamed to the alternate title shown on an unknown date.",2:30,"Nov 15, 2012",Music Video,Full,YouTube,High Res,https://www.youtube.com/watch?v=hh7j00vrO_c,https://www.youtube.com/watch?v=hh7j00vrO_c
THE GHOST~POP TAPE,"""Silver St. Cloud""","Music video for ""Silver St. Cloud"", uses footage of the end credits scene from Batman: The Video Game for NES. One of the first uploads on the GENERATIONY1989 account, which later became the official JPEGMAFIA YouTube channel. This was shown on HTBAR 9",2:42,"Jan 12, 2013",Music Video,Full,YouTube,High Res,,
THE GHOST~POP TAPE,"DEVON HENDRYX ""CALL ME MAYBE (多分)"" (Censored)","Music video for ""Call Me Maybe"". One of the first uploads on the GENERATIONY1989 account, which later became the official JPEGMAFIA YouTube channel. Set as unlisted. Description reads ""Dedicated to RYO"". ",4:42,"Feb 27, 2013",Music Video,Full,YouTube,High Res,https://youtu.be/RhLnWygC7qo?si=8HYyxv0Xd22dY6Ks,https://youtu.be/RhLnWygC7qo?si=8HYyxv0Xd22dY6Ks
THE GHOST~POP TAPE,"1989年10月22日 GenY⁵ (NSFW)
(THE GHOST~POP TAPE MOVIE)","The infamous GHOST~POP TAPE movie, originally released on Vimeo and was later available on ghostpop.jp. The movie itself features lots of old pornography and obscure footage that was used as interludes and videos for songs. Has a tracklist unique to this movie with a completely different order when compared to released. Vimeo description reads:

""Starring: Shawn Michaels, Yumi Lye, Priss Asagri & The Knight Sabers, lipstick411, ThE MiddLe siStr's, Devon Hendryx, Manny, shewhowedonotspeakof, Skin Diamond, NuNu & The Euthanasia Coaster, Coach KAY, Lexi Belle, Hikaru Kennedy, The Fun Lovin' Criminals, Niko Bellic, Lickety Splits, Kasumi, Momiji Fujimiya, Kyo Kusanagi, Iori Yagami, Geese Howard, Ryu Hoshi, Denzel Washington, Lynn Whitfield, Minister Louis Farrakhan, Terry Bogard, Andy Bogard, Mai Shiranui, Joe Higashi & Sakura Kasugano.""",1:05:25,"Aug 12, 2013",Film,Full,Vimeo,High Res,https://archive.org/details/devon-hendryx-the-ghost-pop-tape-the-ghost-pop-tape-movie,
THE GHOST~POP TAPE,"trailer-aug-13-2013_1280x720 (NSFW)
(THE GHOST~POP TAPE MOVIE TRAILER)",Trailer from August 13th that was used to either promote the album or the movie or maybe both. Uses one of the porn interludes from the movie for 90% of the trailer's length.,2:13,"Aug 13, 2013",Promotional Video,Full,Vimeo,High Res,,
JOECHILLWORLD,"""NEON KITCHEN II""  ネオンキッチン (2010)",,2:29,,,,YouTube,,,
The Rockwood Escape Plan,"""I ♥ YOU HIP HOP BUT I CAN'T BE YOUR GIRLFRIEND BECAUSE THAT'S GAY""",,5:12,,,,YouTube,,,
The Rockwood Escape Plan,"""QUISHA""",,6:21,,,Lost,YouTube,Not Available,,
The Rockwood Escape Plan,"""CAPCOM VS. SNK""","Video for ""Capcom Vs. SNK"", likely one for the remaster of the song or an instrumental upload similar to Quisha.",4:41,,,Lost,YouTube,Not Available,,
Hi-Fi,"""#FUCKCHEESE""",,2:57,,,,YouTube,,,
Heart Emoji EP,"""EDIE"" (2009)",,6:49,,,,YouTube,,,
Heart Emoji EP,"""FUCKING YOUR GIRL"" 天 (UNMASTERED RAW)",,4:16,,,,YouTube,,,
The Rockwood Escape Plan,"""THE 27 CLUB""",,6:57,,,Lost,YouTube,Not Available,,
The Rockwood Escape Plan,"""GENERATION Y 1989""","Video for ""Generation Y 1989"", uploaded on an unknown date. Upload date changed to May 5th, 2012.",5:16,,Video,Full,YouTube,,https://www.youtube.com/watch?v=oPEW15gVS8w,https://www.youtube.com/watch?v=oPEW15gVS8w
The Rockwood Escape Plan,"""ANDREJ PEJIC"" (NEON RUNWAY)","Video for ""Andrej Pejić"", uploaded on an unknown date. Upload date changed to May 5th, 2012.",3:18,,Video,Full,YouTube,,https://www.youtube.com/watch?v=j2W6TBRAfZM,https://www.youtube.com/watch?v=j2W6TBRAfZM
The Rockwood Escape Plan,"""GOD & EARRINGS""","Video for ""God & Earrings"", uploaded on an unknown date. Upload date changed to May 5th, 2012.",4:03,,Video,Full,YouTube,,https://www.youtube.com/watch?v=x5JEBpqpQdw,https://www.youtube.com/watch?v=x5JEBpqpQdw
The Rockwood Escape Plan,"""A SONG ABOUT NOTHING (FEAT. ENSO SINATRA)""","Video for ""A Song About Nothing"", uploaded on an unknown date. Upload date changed to May 5th, 2012.",3:47,,Video,Full,YouTube,,https://www.youtube.com/watch?v=CdXdGPxzDUo,https://www.youtube.com/watch?v=CdXdGPxzDUo
The Rockwood Escape Plan,"""I ♥ THE ILLUMINATI""","Video for ""I ♥ The Illuminati"", uploaded on an unknown date. Upload date changed to May 5th, 2012.",2:13,,Video,Full,YouTube,,https://www.youtube.com/watch?v=YEg5HKR0ZAg,https://www.youtube.com/watch?v=YEg5HKR0ZAg
The Rockwood Escape Plan,"""KING""","Video for ""KING"", uploaded on an unknown date. Upload date changed to May 5th, 2012.",2:38,,Video,Full,YouTube,,https://www.youtube.com/watch?v=QuWVboERK6k,https://www.youtube.com/watch?v=QuWVboERK6k
The Rockwood Escape Plan,"""PROJECT BIRDY""",,,,,,YouTube,,,
The Rockwood Escape Plan,"""DEUCE KOMRADZ""",,3:24,,,,YouTube,,,
The Rockwood Escape Plan,"""OPERATION: KILL RAP""","Either another music video or a video for ""Operation: Kill Rap"".",2:43,,Unknown,Lost,YouTube,Not Available,https://www.youtube.com/watch?v=8EnVW-OHftw,https://www.youtube.com/watch?v=8EnVW-OHftw
Hi-Fi,"""QWOP""","Either another music video or a video for ""QWOP"", possibly from May or June 2012.",,,Unknown,Lost,YouTube,Not Available,,
THE GHOST~POP TAPE,🏆 Baths from Devon Hendryx,"On killwhitey.net there is a video thats unplayable that has a thumbnail of Devon in the shower, it's unknown what this could've been for, likely not from THE GHOST~POP TAPE Movie.",,,Video,Lost,Vimeo,Not Available,"https://web.archive.org/web/20140328184229/http://killwhitey.net/
https://web.archive.org/web/20140521190939if_/http://player.vimeo.com/video/87321371?title=0&byline=0&portrait=0&color=ffffff&autoplay=1",
Communist Slow Jams,Stoop,"""First"" video on the JPEGMAFIA Channel",,,Music Video,Full,YouTube,High Res,https://youtu.be/PtXKyiDpKBg?si=RvnCgNk-1m_xQnfy,https://youtu.be/PtXKyiDpKBg?si=RvnCgNk-1m_xQnfy
Communist Slow Jams,Polly,,,,Music Video,Full,Elsewhere,High Res,,
Communist Slow Jams,Mother's Milk,,,,Music Video,Full,Elsewhere,High Res,,
Darkskin Manson,Darkskin Manson (NSFW),"A more obscure ""sequel"" to the THE GHOST~POP TAPE MOVIE. Just like its predecesor, features a lot of porn, disturbing footage and obscure media. And like THE GHOST~POP TAPE MOVIE was avaible on jpegmafia.net, but got removed most likely by the same reasons. Uses a slightly different tracklist and also used the solo version of ""Robitussin"" and the Communist Slow Jams song ""The Last of Us"" for some reason. Also had short ""The 27 Club"" and ""Zoe Salanda"" interludes which both lasted about for about 20 seconds. Was also released on DVD which are really rare.",36:25,"May 14, 2015",Film,Full,Elsewhere,High Res,,
Darkskin Manson,Ham Sammich Freestyle 2k15,,,,Music Video,Full,YouTube,High Res,,
Black Ben Carson,JPEGMAFIA - You Think You Know [Music Video],,,,Music Video,Full,YouTube,High Res,https://youtu.be/MrJhGGmyOuc?si=AjMw3T34-ihSgeWS,https://youtu.be/MrJhGGmyOuc?si=AjMw3T34-ihSgeWS
Black Ben Carson,JPEGMAFIA - I Smell Crack [Music Video],,,,Music Video,Full,YouTube,High Res,https://youtu.be/ldf78YD10RE?si=ueSoiiGQcCNHk_Hn,https://youtu.be/ldf78YD10RE?si=ueSoiiGQcCNHk_Hn
Black Ben Carson,JPEGMAFIA - Digital Blackface,Some reason it's unlisted,,,Music Video,Privated,YouTube,High Res,https://www.youtube.com/watch?v=Rj-h7ktkteY,
Black Ben Carson,JPEGMAFIA - Kid Rock Freestyle 2014,Unlisted,,,Music Video,Privated,YouTube,High Res,https://youtu.be/j-O5GtdKJR0?si=NWchmnXxl5UtUY3K,https://youtu.be/j-O5GtdKJR0?si=NWchmnXxl5UtUY3K
The 2nd Amendment,JPEGMAFIA x Freaky - I Might Vote 4 Donald Trump,,,,Music Video,Full,YouTube,High Res,https://youtu.be/7htstbQR868?si=HwTCH8wjtBeopWwc,https://youtu.be/7htstbQR868?si=HwTCH8wjtBeopWwc
The 2nd Amendment,JPEGMAFIA - BUMBOPUSSYRASCLAT,,,,Music Video,Full,YouTube,High Res,https://youtu.be/fuKUfKDoAzA?si=EsYGHHW6TgztvzkP,https://youtu.be/fuKUfKDoAzA?si=EsYGHHW6TgztvzkP
The 2nd Amendment,"The Southern Strategy
(The 2nd Amendment Movie)",,,,Film,Full,Elsewhere,High Res,https://cdn.discordapp.com/attachments/1249671783200591924/1538595269845717042/1483376770069318293.mp4?ex=6a834002&is=6a81ee82&hm=d90dd59f105006425cd9165a116944f7012f89c385fb538aa34a52c49b0b02d3&,
Veteran,JPEGMAFIA - Man Purse,,,,Music Video,Full,YouTube,High Res,https://youtu.be/UtgMwD8HNuo?si=BCCmlu_sZjZntuUg,https://youtu.be/UtgMwD8HNuo?si=BCCmlu_sZjZntuUg
Veteran,JPEGMAFIA - Baby I'm Bleeding,,,,Music Video,Full,YouTube,High Res,https://youtu.be/974TXFKtyls?si=-nmMSGsxR_NERe_E,https://youtu.be/974TXFKtyls?si=-nmMSGsxR_NERe_E
Veteran,JPEGMAFIA - Real N*ga,,,,Music Video,Full,YouTube,High Res,https://youtu.be/xIW-L39oqpQ?si=_JViCIKCyVpPwHDD,https://youtu.be/xIW-L39oqpQ?si=_JViCIKCyVpPwHDD
Veteran,JPEGMAFIA - 1539 N. Calvert,,,,Music Video,Full,YouTube,High Res,https://youtu.be/PO3mri47s7M?si=JWBoTinTaG4y-3tZ,https://youtu.be/PO3mri47s7M?si=JWBoTinTaG4y-3tZ
Veteran,JPEGMAFIA - PUFF DADDY (OFFICIAL AUDIO FROM ME N*GGA),,,,Video,Full,YouTube,High Res,https://youtu.be/mN8W9lp5Dhk?si=9_3m96F4vCBHVLGN,https://youtu.be/mN8W9lp5Dhk?si=9_3m96F4vCBHVLGN
Veteran,JPEGMAFIA x Kenny Beats - Puff Daddy,,,,Music Video,Full,YouTube,High Res,https://youtu.be/7i-B9rH2k4k?si=4_iWpsWr9bvwsB19,https://youtu.be/7i-B9rH2k4k?si=4_iWpsWr9bvwsB19
All My Heroes Are Cornballs,"JPEGMAFIA - Jesus Forgive Me, I Am A Thot",,,,Music Video,Full,YouTube,High Res,https://youtu.be/mjd5fSPjZLQ?si=itVcd0-dmSZzSEYD,https://youtu.be/mjd5fSPjZLQ?si=itVcd0-dmSZzSEYD
All My Heroes Are Cornballs,KENNY BEATS IS DISAPPOINTED,,,,Video,Full,YouTube,High Res,https://youtu.be/_uYYSwzJAV8?si=gd-UyfzQAeiyQTZC,https://youtu.be/_uYYSwzJAV8?si=gd-UyfzQAeiyQTZC
All My Heroes Are Cornballs,DJ DAHI IS DISAPPOINTED,,,,Video,Full,YouTube,High Res,https://youtu.be/IMAx1r8XaYo?si=6j7ROnS8SlFHEj2v,https://youtu.be/IMAx1r8XaYo?si=6j7ROnS8SlFHEj2v
All My Heroes Are Cornballs,ALL MY HEROES ARE CORNBALLS 9/13/19,,,,Promotional Video,Full,YouTube,High Res,https://youtu.be/ZzHmD86YxRc?si=pJEECE7A35Ufna8E,https://youtu.be/ZzHmD86YxRc?si=pJEECE7A35Ufna8E
All My Heroes Are Cornballs,JEFF TWEEDY & HANNIBAL BURESS ARE DISAPPOINTED,,,,Video,Full,YouTube,High Res,https://youtu.be/1tXGjq_xmOg?si=qOrp5YBk-Rpwk3-j,https://youtu.be/1tXGjq_xmOg?si=qOrp5YBk-Rpwk3-j
All My Heroes Are Cornballs,JAMES BLAKE IS DISAPPOINTED,,,,Video,Full,YouTube,High Res,https://youtu.be/k7VKJ0gth30?si=FbIGGyd3_nQ39KVR,https://youtu.be/k7VKJ0gth30?si=FbIGGyd3_nQ39KVR
All My Heroes Are Cornballs,JPEGMAFIA - Beta Male Strategies (Audio),,,,Video,Full,YouTube,High Res,https://youtu.be/dxNqGFO0ppc?si=4yTHiO8uEEkE0-lz,https://youtu.be/dxNqGFO0ppc?si=4yTHiO8uEEkE0-lz
All My Heroes Are Cornballs,JPEGMAFIA - Kenan Vs. Kel (Audio),,,,Video,Full,YouTube,High Res,https://youtu.be/P0vJl2sYTBg?si=99jyqqx8Xd19Kegj,https://youtu.be/P0vJl2sYTBg?si=99jyqqx8Xd19Kegj
All My Heroes Are Cornballs,JPEGMAFIA - JPEGMAFIA TYPE BEAT (Audio),,,,Video,Full,YouTube,High Res,https://youtu.be/Rhr8xYRi0UI?si=4sn8kpw2H1H8qRQd,https://youtu.be/Rhr8xYRi0UI?si=4sn8kpw2H1H8qRQd
All My Heroes Are Cornballs,JPEGMAFIA - Grimy Waifu (Audio),,,,Video,Full,YouTube,High Res,https://youtu.be/7Hs-PcBiRhA?si=iC_4fMmltC2nch_h,https://youtu.be/7Hs-PcBiRhA?si=iC_4fMmltC2nch_h
All My Heroes Are Cornballs,JPEGMAFIA - PTSD (Audio),,,,Video,Full,YouTube,High Res,https://youtu.be/3IbYFvj73BM?si=3viWeVsIYMAc0dw1,https://youtu.be/3IbYFvj73BM?si=3viWeVsIYMAc0dw1
All My Heroes Are Cornballs,JPEGMAFIA - Rap Grow Old & Die x No Child Left Behind (Audio),,,,Video,Full,YouTube,High Res,https://youtu.be/hfLLth5p_No?si=0zZM__Tmb3-kpLwb,https://youtu.be/hfLLth5p_No?si=0zZM__Tmb3-kpLwb
All My Heroes Are Cornballs,JPEGMAFIA - All My Heroes Are Cornballs (Audio),,,,Video,Full,YouTube,High Res,https://youtu.be/d6U8waR9smg?si=N7crRbfGoxctWoN2,https://youtu.be/d6U8waR9smg?si=N7crRbfGoxctWoN2
All My Heroes Are Cornballs,JPEGMAFIA - BBW (Audio),,,,Video,Full,YouTube,High Res,https://youtu.be/bOvYr1WAl8c?si=uQPfibNy50Ie3DUO,https://youtu.be/bOvYr1WAl8c?si=uQPfibNy50Ie3DUO
All My Heroes Are Cornballs,JPEGMAFIA - PRONE! (Audio),,,,Video,Full,YouTube,High Res,https://youtu.be/S79WKB-hiB4?si=ygBzBd-HQotIWhGy,https://youtu.be/S79WKB-hiB4?si=ygBzBd-HQotIWhGy
All My Heroes Are Cornballs,"JPEGMAFIA - Life's Hard, Here's A Song About Sorrel (Audio)",,,,Video,Full,YouTube,High Res,https://youtu.be/l28vEkPuSTE?si=s-Mx7B8d3eoDwz4u,https://youtu.be/l28vEkPuSTE?si=s-Mx7B8d3eoDwz4u
All My Heroes Are Cornballs,JPEGMAFIA - Thot Tactics (Audio),,,,Video,Full,YouTube,High Res,https://youtu.be/VKwJftcvDu8?si=SAxQX0zPErvrM_5T,https://youtu.be/VKwJftcvDu8?si=SAxQX0zPErvrM_5T
All My Heroes Are Cornballs,JPEGMAFIA - Free The Frail (feat. Helena Deland) (Audio),,,,Video,Full,YouTube,High Res,https://youtu.be/o0MIj_EcQiM?si=bIt951pIiHMVUZvD,https://youtu.be/o0MIj_EcQiM?si=bIt951pIiHMVUZvD
All My Heroes Are Cornballs,JPEGMAFIA - Post Verified Lifestyle (Audio),,,,Video,Full,YouTube,High Res,https://youtu.be/SuKlt9vpr3E?si=LXLXTylKvmdnDM9H,https://youtu.be/SuKlt9vpr3E?si=LXLXTylKvmdnDM9H
All My Heroes Are Cornballs,JPEGMAFIA - BasicBitchTearGas (Audio),,,,Video,Full,YouTube,High Res,https://youtu.be/2EMkGVd6qSM?si=WAv-4ICndh8QwvAh,https://youtu.be/2EMkGVd6qSM?si=WAv-4ICndh8QwvAh
All My Heroes Are Cornballs,JPEGMAFIA - DOTS FREESTYLE REMIX (feat. Buzzy Lee & Abdu Ali) (Audio),,,,Video,Full,YouTube,High Res,https://youtu.be/o1vE7g1Jn38?si=TdzwbJ1q024WAvRA,https://youtu.be/o1vE7g1Jn38?si=TdzwbJ1q024WAvRA
All My Heroes Are Cornballs,JPEGMAFIA - BUTTERMILK JESUS TYPE BEAT (Audio),,,,Video,Full,YouTube,High Res,https://youtu.be/0TFEAJs01AU?si=7aRbcOTVmvKU_EVO,https://youtu.be/0TFEAJs01AU?si=7aRbcOTVmvKU_EVO
All My Heroes Are Cornballs,JPEGMAFIA - Papi I Missed U (Audio),,,,Video,Full,YouTube,High Res,https://youtu.be/ZEr-7k_QpU0?si=DqnAIycnZ4E_lQDj,https://youtu.be/ZEr-7k_QpU0?si=DqnAIycnZ4E_lQDj
All My Heroes Are Cornballs,DENZEL CURRY IS SATISFIED,,,,Video,Full,YouTube,High Res,https://youtu.be/W3B-wTgsGYs?si=hPy9NFqX_JCwdgot,https://youtu.be/W3B-wTgsGYs?si=hPy9NFqX_JCwdgot
All My Heroes Are Cornballs,SLOWTHAI & KWES DARKO ARE DISAPPOINTED,,,,Video,Full,YouTube,High Res,https://youtu.be/78tEvw1UdAg?si=WPqXlV2HiKsrll26,https://youtu.be/78tEvw1UdAg?si=WPqXlV2HiKsrll26
All My Heroes Are Cornballs,"JPEGMAFIA - THOT TACTICS LIVE (SEATTLE, WA)",,,,Music Video,Full,YouTube,High Res,https://youtu.be/U7Fl-58ssvY?si=G2gcEKFW7nM_cnDf,https://youtu.be/U7Fl-58ssvY?si=G2gcEKFW7nM_cnDf
All My Heroes Are Cornballs,JPEGMAFIA - Free The Frail (feat. Helena Deland) (Audio),,,,Video,Full,YouTube,High Res,https://youtu.be/p1VaSEeD-Vk?si=N7FQcV4Hi9ynox_D,https://youtu.be/p1VaSEeD-Vk?si=N7FQcV4Hi9ynox_D
All My Heroes Are Cornballs,JPEGMAFIA TYPE TOUR LIVE IN BROOKLYN,,,,Promotional Video,Full,YouTube,High Res,https://youtu.be/6lyyEWKBTRE?si=ijZF8aEw0XgVfjev,https://youtu.be/6lyyEWKBTRE?si=ijZF8aEw0XgVfjev
All My Heroes Are Cornballs,JPEGMAFIA TYPE TOUR LIVE FROM NEW YORK CITY,,,,Promotional Video,Full,YouTube,High Res,https://youtu.be/UKDiMPq4hk0?si=IiNF1uf0ZIgLkxFm,https://youtu.be/UKDiMPq4hk0?si=IiNF1uf0ZIgLkxFm
All My Heroes Are Cornballs,jpegmafia - mariah test rehearsal 1,,,,Video,Full,YouTube,High Res,https://youtu.be/NFI4FuBsAo8?si=sTF7U5vZI9Iyod6o,https://youtu.be/NFI4FuBsAo8?si=sTF7U5vZI9Iyod6o
HOW TO BUILD A RELATIONSHIP,JPEGMAFIA - BALD!,,,,Music Video,Full,YouTube,High Res,https://youtu.be/RBlRmwRVBpM?si=1zGIMkPIz0iH099w,https://youtu.be/RBlRmwRVBpM?si=1zGIMkPIz0iH099w
HOW TO BUILD A RELATIONSHIP,JPEGMAFIA | HTBAR 1 (ft. Danny Brown),,,,Video,Full,YouTube,High Res,https://youtu.be/sUy9mmSF46E?si=a7e5a0R_e5VkXxHk,https://youtu.be/sUy9mmSF46E?si=a7e5a0R_e5VkXxHk
HOW TO BUILD A RELATIONSHIP,JPEGMAFIA | HTBAR 2 (ft. Lykki Li),,,,Film,Full,YouTube,High Res,https://youtu.be/yke92kPoy48?si=Kp_rMO54Ggus1yf-,https://youtu.be/yke92kPoy48?si=Kp_rMO54Ggus1yf-
HOW TO BUILD A RELATIONSHIP,JPEGMAFIA | HTBAR 3 (ft. Orville Peck),,,,Video,Full,YouTube,High Res,https://youtu.be/eHp_Gu4dLow?si=fMyf1OZjhRVVya8M,https://youtu.be/eHp_Gu4dLow?si=fMyf1OZjhRVVya8M
HOW TO BUILD A RELATIONSHIP,JPEGMAFIA - COVERED IN MONEY!,,,,Music Video,Full,YouTube,High Res,https://youtu.be/beXeYGXqJRQ?si=gHRbTnMyTPDbKMjO,https://youtu.be/beXeYGXqJRQ?si=gHRbTnMyTPDbKMjO
HOW TO BUILD A RELATIONSHIP,JPEGMAFIA | HTBAR 4 (ft. Maxo Kream),,,,Video,Full,YouTube,High Res,https://youtu.be/A7gCFjzkFOA?si=KeoftVYYfRe41Y6j,https://youtu.be/A7gCFjzkFOA?si=KeoftVYYfRe41Y6j
HOW TO BUILD A RELATIONSHIP,JPEGMAFIA | HTBAR 5 (ft. Tommy Genesis),,,,Video,Full,YouTube,High Res,,
HOW TO BUILD A RELATIONSHIP,JPEGMAFIA | HTBAR 6 (ft. Kenny Beats),,,,Video,Full,YouTube,High Res,https://youtu.be/r_zIfpPjw9U?si=c03s899egrV3bBL-,https://youtu.be/r_zIfpPjw9U?si=c03s899egrV3bBL-
HOW TO BUILD A RELATIONSHIP,JPEGMAFIA | HTBAR 7 (ft. Omar Apollo),,,,Video,Full,YouTube,High Res,https://youtu.be/pug-rOj2LZU?si=gDCTHZ8J6O5Ssbh6,https://youtu.be/pug-rOj2LZU?si=gDCTHZ8J6O5Ssbh6
HOW TO BUILD A RELATIONSHIP,JPEGMAFIA - BODYGUARD!,,,,Music Video,Full,YouTube,High Res,https://youtu.be/zjglQrx3Ex4?si=_0KWoCaDCXqe9XHh,https://youtu.be/zjglQrx3Ex4?si=_0KWoCaDCXqe9XHh
HOW TO BUILD A RELATIONSHIP,JPEGMAFIA | HTBAR 8 (ft. Saba),,,,Video,Full,YouTube,High Res,https://youtu.be/wlrvjW6zzzY?si=9d6heJDqsZUfXCZy,https://youtu.be/wlrvjW6zzzY?si=9d6heJDqsZUfXCZy
HOW TO BUILD A RELATIONSHIP,JPEGMAFIA | HTBAR 9 (ft. Chanel Tres),,,,Video,Full,YouTube,High Res,https://youtu.be/4f77X4csU98?si=7hUib6Mk_eoTZn7o,https://youtu.be/4f77X4csU98?si=7hUib6Mk_eoTZn7o
HOW TO BUILD A RELATIONSHIP,JPEGMAFIA x DENZEL CURRY - BALD! REMIX,,,,Music Video,Full,YouTube,High Res,https://youtu.be/t0yye8ThC1A?si=q7NyLgtm-RQc8qcS,https://youtu.be/t0yye8ThC1A?si=q7NyLgtm-RQc8qcS
HOW TO BUILD A RELATIONSHIP,JPEGMAFIA | HTBAR 10 (ft. Ariel Pink),,,,Video,Full,YouTube,High Res,https://youtu.be/jmWwAkne4ys?si=T5-I23T1d7tVbldG,https://youtu.be/jmWwAkne4ys?si=T5-I23T1d7tVbldG
HOW TO BUILD A RELATIONSHIP,JPEGMAFIA - CUTIE PIE!,,,,Music Video,Full,YouTube,High Res,https://youtu.be/_6Doo17lb60?si=RZcPHAHnL81MDeal,https://youtu.be/_6Doo17lb60?si=RZcPHAHnL81MDeal
HOW TO BUILD A RELATIONSHIP,JPEGMAFIA - THE BENDS!,,,,Music Video,Full,YouTube,High Res,https://youtu.be/UFm5x-gT36E?si=l0sYTalr1-mtLgF3,https://youtu.be/UFm5x-gT36E?si=l0sYTalr1-mtLgF3
HOW TO BUILD A RELATIONSHIP,JPEGMAFIA x TOMMY GENESIS - ROUGH 7,,,,Music Video,Full,YouTube,High Res,https://youtu.be/jOyXgvofs1Q?si=OISLj0GKfVLY0WdA,https://youtu.be/jOyXgvofs1Q?si=OISLj0GKfVLY0WdA
HOW TO BUILD A RELATIONSHIP,JPEGMAFIA - living single,,,,Music Video,Full,YouTube,High Res,https://youtu.be/VRAp5fvcbJU?si=pJ6fYNQQPwI_c67T,https://youtu.be/VRAp5fvcbJU?si=pJ6fYNQQPwI_c67T
HOW TO BUILD A RELATIONSHIP,JPEGMAFIA - LAST DANCE!,,,,Music Video,Full,YouTube,High Res,https://youtu.be/-9GNzhSgEa0?si=WpKuOMJgqTFRh_5-,https://youtu.be/-9GNzhSgEa0?si=WpKuOMJgqTFRh_5-
HOW TO BUILD A RELATIONSHIP,JPEGMAFIA | HTBAR 11 (ft. Dom McLennon),,,,Video,Full,YouTube,High Res,https://youtu.be/7cRK0ZaA9sU?si=DvXE2kwU3_ezH22F,https://youtu.be/7cRK0ZaA9sU?si=DvXE2kwU3_ezH22F
HOW TO BUILD A RELATIONSHIP,JPEGMAFIA | HTBAR 12 (ft. La Goony Chonga),,,,Video,Full,YouTube,High Res,https://youtu.be/Y4jP4lLtJI4?si=-G2ctebnmNMefKgO,https://youtu.be/Y4jP4lLtJI4?si=-G2ctebnmNMefKgO
HOW TO BUILD A RELATIONSHIP,JPEGMAFIA - EP2! LIVE,,,,Video,Full,YouTube,High Res,https://youtu.be/yMSuj2Y6B9o?si=q7tHQaWLm1mDjtal,https://youtu.be/yMSuj2Y6B9o?si=q7tHQaWLm1mDjtal
HOW TO BUILD A RELATIONSHIP,JPEGMAFIA | HTBAR 13 (ft. Darby Allin),"The last HTBAR episode released, JPEGMAFIA did say in the Naurwaur interview that he was going to make more but he had to prioritise OFFLINE / LP being released, and by the time it was done he was on tour and then SCARING THE HOES sessions began, so the time had passed at that point.",,,Film,Full,YouTube,High Res,https://youtu.be/AWVPVW8Mfl0?si=iztPvyRqeaONt2KX,https://youtu.be/AWVPVW8Mfl0?si=iztPvyRqeaONt2KX
HOW TO BUILD A RELATIONSHIP,PANIC ROOM! (NSFW),"JPEGMAFIA made a music video for PANIC ROOM! with him with an AK-47 in some house, near the end you can see the girl filming him naked, and then it cuts to JPEGMAFIA naked swinging his dick around. Unknown if got uploaded or takendown.",,,Music Video,Full,YouTube,High Res,,
LP!,JPEGMAFIA - TRUST!,,,,Music Video,Full,YouTube,High Res,https://youtu.be/bq0gn0uh5P8?si=ZV6wkvaiCtW2QX2G,https://youtu.be/bq0gn0uh5P8?si=ZV6wkvaiCtW2QX2G
LP!,JPEGMAFIA - HAZARD DUTY PAY!,,,,Music Video,Full,YouTube,High Res,https://youtu.be/2CGFU1lBdCI?si=pIye9uNl6-9KJY2H,https://youtu.be/2CGFU1lBdCI?si=pIye9uNl6-9KJY2H
LP!,WHAT KINDA RAPPIN IS THIS?,Apparently a music video exists according to the director,,,,Rumored,Not Available,Not Available,https://www.reddit.com/r/jpegmafia/comments/173xudk/lp_was_going_to_be_called_i_have_fulfilled_my/?share_id=UWJU8fQot0mOlJNYYv4m9&utm_content=1&utm_medium=android_app&utm_name=androidcss&utm_source=share&utm_term=1,
LP!,JPEGMAFIA - DIRTY! (OFFICIAL VIDEO),,,,Music Video,Full,YouTube,High Res,https://youtu.be/MR61TduJCHQ?si=PZ6SKvot2PlQO0Ve,https://youtu.be/MR61TduJCHQ?si=PZ6SKvot2PlQO0Ve
LP!,JPEGMAFIA - DAM! DAM! DAM! (AUDIO),,,,Video,Full,YouTube,High Res,https://youtu.be/4LFfwBcQjOQ?si=Y1ibzUNYSR235N3i,https://youtu.be/4LFfwBcQjOQ?si=Y1ibzUNYSR235N3i
LP!,JPEGMAFIA - DIKEMBE! (AUDIO),,,,Video,Full,YouTube,High Res,https://youtu.be/8ujVWY1yDWE?si=mZH9Utiua_xT4gjA,https://youtu.be/8ujVWY1yDWE?si=mZH9Utiua_xT4gjA
LP!,"JPEGMAFIA - TIRED, NERVOUS & BROKE (AUDIO)",,,,Video,Full,YouTube,High Res,https://youtu.be/I1Rr49gbZws?si=gUDgYEasByrBwQ1g,https://youtu.be/I1Rr49gbZws?si=gUDgYEasByrBwQ1g
LP!,JPEGMAFIA - UNTITLED (AUDIO),,,,Video,Full,YouTube,High Res,https://youtu.be/Lf-uOmOVLfE?si=tJR1_8hp5MxvqEgJ,https://youtu.be/Lf-uOmOVLfE?si=tJR1_8hp5MxvqEgJ
LP!,JPEGMAFIA - NEMO! (AUDIO),,,,Video,Full,YouTube,High Res,https://youtu.be/QFTUtmcW3e4?si=EU_Myb3q8i73eOlM,https://youtu.be/QFTUtmcW3e4?si=EU_Myb3q8i73eOlM
LP!,JPEGMAFIA - ARE U HAPPY? (AUDIO),,,,Video,Full,YouTube,High Res,https://youtu.be/SW7TdP1HzDU?si=4BF_noTRNdHXdHNx,https://youtu.be/SW7TdP1HzDU?si=4BF_noTRNdHXdHNx
LP!,"JPEGMAFIA - THOTS PRAYER! (AUDIO)
",,,,Video,Full,YouTube,High Res,https://youtu.be/UdUbkCDvCQ0?si=xoRtqdVLwZl_t_Oi,https://youtu.be/UdUbkCDvCQ0?si=xoRtqdVLwZl_t_Oi
LP!,JPEGMAFIA - 🔥 (AUDIO),,,,Video,Full,YouTube,High Res,https://youtu.be/_eejOcpMNsE?si=-dXv-U_4I94eIF6v,https://youtu.be/_eejOcpMNsE?si=-dXv-U_4I94eIF6v
LP!,JPEGMAFIA - WHAT KIND OF RAPPIN' IS THIS? (AUDIO),,,,Video,Full,YouTube,High Res,https://youtu.be/hA_-ZohTJGo?si=B6obxqYHykFbiQjz,https://youtu.be/hA_-ZohTJGo?si=B6obxqYHykFbiQjz
LP!,JPEGMAFIA - THE GHOST RANKING DREAD! (ft. Tkay Maidza) [AUDIO],,,,Video,Full,YouTube,High Res,https://youtu.be/mbk4AgmM-To?si=WbEJ5359rOmxyTVK,https://youtu.be/mbk4AgmM-To?si=WbEJ5359rOmxyTVK
LP!,JPEGMAFIA - END CREDITS! (AUDIO),,,,Video,Full,YouTube,High Res,https://youtu.be/nLLv5-MtcoA?si=218qlRv1rrhNMlbG,https://youtu.be/nLLv5-MtcoA?si=218qlRv1rrhNMlbG
LP!,JPEGMAFIA - OG! (AUDIO),,,,Video,Full,YouTube,High Res,https://youtu.be/pDvtfJMPSr8?si=bjJFkIXoRKNSCAPv,https://youtu.be/pDvtfJMPSr8?si=bjJFkIXoRKNSCAPv
LP!,JPEGMAFIA - GOD DONT LIKE UGLY! (AUDIO),,,,Video,Full,YouTube,High Res,https://youtu.be/qy5zPJ_LRJM?si=ZquzOMAMgvGfbnnq,https://youtu.be/qy5zPJ_LRJM?si=ZquzOMAMgvGfbnnq
LP!,JPEGMAFIA - 💯 (AUDIO),,,,Video,Full,YouTube,High Res,https://youtu.be/sUzIeTCBtjg?si=Ua5dT0Hj1BxPTevp,https://youtu.be/sUzIeTCBtjg?si=Ua5dT0Hj1BxPTevp
LP!,JPEGMAFIA - NICE! (AUDIO),,,,Video,Full,YouTube,High Res,https://youtu.be/wapslcizI8U?si=lZmTDEZ0HwtK1aVz,https://youtu.be/wapslcizI8U?si=lZmTDEZ0HwtK1aVz
LP!,JPEGMAFIA - BMT! (AUDIO),,,,Video,Full,YouTube,High Res,https://youtu.be/wyGBnXYEj8I?si=dh5dMWwWmT26wxcb,https://youtu.be/wyGBnXYEj8I?si=dh5dMWwWmT26wxcb
LP!,JPEGMAFIA - LP! (OFFLINE),,,,Video,Full,YouTube,High Res,https://youtu.be/EXRLoV1I_UE?si=cyLkfNdVc5xxCiIA,https://youtu.be/EXRLoV1I_UE?si=cyLkfNdVc5xxCiIA
LP!,JPEGMAFIA - REBOUND! (ft. DATPIFFMAFIA) [AUDIO],,,,Video,Full,YouTube,High Res,https://youtu.be/oDRnSGgkoUc?si=OH6jrAFYV6bOqKMC,https://youtu.be/oDRnSGgkoUc?si=OH6jrAFYV6bOqKMC
SCARING THE HOES,JPEGMAFIA x Danny Brown - LEAN BEEF PATTY,,,,Music Video,Full,YouTube,High Res,https://youtu.be/8YgxQlS2054?si=osCaxXcXUpfDMljx,https://youtu.be/8YgxQlS2054?si=osCaxXcXUpfDMljx
SCARING THE HOES,JPEGMAFIA x Danny Brown - SCARING THE HOES,,,,Music Video,Full,YouTube,High Res,https://youtu.be/87xS4cgTf68?si=PXTzrDIQuRCgsVqU,https://youtu.be/87xS4cgTf68?si=PXTzrDIQuRCgsVqU
SCARING THE HOES,JPEGMAFIA x Danny Brown - Jack Harlow Combo Meal,,,,Video,Full,YouTube,High Res,https://youtu.be/1DrI206oTE4?si=-JsRMeNB82O7nxou,https://youtu.be/1DrI206oTE4?si=-JsRMeNB82O7nxou
SCARING THE HOES,JPEGMAFIA x Danny Brown - Kingdom Hearts Key (feat. Redveil),,,,Video,Full,YouTube,High Res,https://youtu.be/75SP4CKdEEg?si=cMCC07vFy4jC4_rM,https://youtu.be/75SP4CKdEEg?si=cMCC07vFy4jC4_rM
SCARING THE HOES,JPEGMAFIA x Danny Brown - SCARING THE HOES VOL. 1 (FULL ALBUM),,,,Video,Full,YouTube,High Res,https://youtu.be/F2UY_y6IKQE?si=ucvB9jqQp9jkkhIc,https://youtu.be/F2UY_y6IKQE?si=ucvB9jqQp9jkkhIc
SCARING THE HOES,JPEGMAFIA x Danny Brown - Run The Jewels,,,,Video,Full,YouTube,High Res,https://youtu.be/HM7jR8TTQzw?si=mEOTQUllCehGJJTL,https://youtu.be/HM7jR8TTQzw?si=mEOTQUllCehGJJTL
SCARING THE HOES,JPEGMAFIA x Danny Brown - Orange Juice Jones,,,,Video,Full,YouTube,High Res,https://youtu.be/KSjurLQ9iHg?si=_yJQSBuPBPo5SbD9,https://youtu.be/KSjurLQ9iHg?si=_yJQSBuPBPo5SbD9
SCARING THE HOES,JPEGMAFIA x Danny Brown - Burfict!,,,,Video,Full,YouTube,High Res,https://youtu.be/NxbEShI-tNY?si=36YE8eIiRotV87TR,https://youtu.be/NxbEShI-tNY?si=36YE8eIiRotV87TR
SCARING THE HOES,JPEGMAFIA x Danny Brown - Where Ya Get ya Coke From?,,,,Video,Full,YouTube,High Res,https://youtu.be/f94NDFAHvgs?si=mfXEg43PNtsbknoi,https://youtu.be/f94NDFAHvgs?si=mfXEg43PNtsbknoi
SCARING THE HOES,JPEGMAFIA x Danny Brown - Garbage Pale Kids,,,,Video,Full,YouTube,High Res,https://youtu.be/fnHA9LyF6IA?si=m9OfcfunKTlMIAze,https://youtu.be/fnHA9LyF6IA?si=m9OfcfunKTlMIAze
SCARING THE HOES,JPEGMAFIA x Danny Brown - Fentanyl Tester,,,,Video,Full,YouTube,High Res,https://youtu.be/h9eqGcij9W0?si=1Y6emNUPHtZji_We,https://youtu.be/h9eqGcij9W0?si=1Y6emNUPHtZji_We
SCARING THE HOES,JPEGMAFIA x Danny Brown - Steppa Pig,,,,Video,Full,YouTube,High Res,https://youtu.be/mbquzLiC5sc?si=QZPgR97yUf2MAPkv,https://youtu.be/mbquzLiC5sc?si=QZPgR97yUf2MAPkv
SCARING THE HOES,JPEGMAFIA x Danny Brown - God Loves You,,,,Video,Full,YouTube,High Res,https://youtu.be/nZwTBSrnkGQ?si=hUhK74135zUFgdPn,https://youtu.be/nZwTBSrnkGQ?si=hUhK74135zUFgdPn
SCARING THE HOES,JPEGMAFIA x Danny Brown - HOE (Heaven on Earth),,,,Video,Full,YouTube,High Res,https://youtu.be/qr9ljcQgajE?si=gLVvlEKeIMHZZ5_W,https://youtu.be/qr9ljcQgajE?si=gLVvlEKeIMHZZ5_W
SCARING THE HOES,JPEGMAFIA x Danny Brown - Shut Yo Bitch Ass Up / Muddy Waters,,,,Video,Full,YouTube,High Res,https://youtu.be/uLm9lOZIlxU?si=IKYMeipjOG2rl2op,https://youtu.be/uLm9lOZIlxU?si=IKYMeipjOG2rl2op
SCARING THE HOES,JPEGMAFIA x Danny Brown - SCARING THE HOES DOCUMENTARY,,,,Video,Full,YouTube,High Res,https://youtu.be/pve7JVtlGNM?si=9jpfX6mmdO1KVJxe,https://youtu.be/pve7JVtlGNM?si=9jpfX6mmdO1KVJxe
SCARING THE HOES,JPEGMAFIA x Danny Brown - SCARING THE HOES: DLC PACK,,,,Video,Full,YouTube,High Res,https://youtu.be/8BKX5O-k5Fw?si=r7dc9xcaC3Q4CuZ_,https://youtu.be/8BKX5O-k5Fw?si=r7dc9xcaC3Q4CuZ_
I LAY DOWN MY LIFE FOR YOU,JPEGMAFIA - don't rely on other men,,,,Music Video,Full,YouTube,High Res,https://youtu.be/iStiV1eBiV8?si=vVbCFA4sHfPj8rOD,https://youtu.be/iStiV1eBiV8?si=vVbCFA4sHfPj8rOD
I LAY DOWN MY LIFE FOR YOU,JPEGMAFIA - SIN MIEDO,,,,Music Video,Full,YouTube,High Res,https://youtu.be/SpH83KzVKDc?si=LCJbVCwz2avsMYm-,https://youtu.be/SpH83KzVKDc?si=LCJbVCwz2avsMYm-
I LAY DOWN MY LIFE FOR YOU,JPEGMAFIA - I LAY DOWN MY LIFE FOR YOU (ALBUM TRAILER),,,,Promotional Video,Full,YouTube,High Res,https://youtu.be/6yj_zUxhGqA?si=3uL0-AF-VgkLEaGs,https://youtu.be/6yj_zUxhGqA?si=3uL0-AF-VgkLEaGs
I LAY DOWN MY LIFE FOR YOU,JPEGMAFIA - New Black History (feat. Vince Staples),,,,Video,Full,YouTube,High Res,https://youtu.be/EiJ_T3oX_6k?si=xkBBJOBpZSEOtOVj,https://youtu.be/EiJ_T3oX_6k?si=xkBBJOBpZSEOtOVj
I LAY DOWN MY LIFE FOR YOU,JPEGMAFIA - don't rely on other men (album),,,,Video,Full,YouTube,High Res,https://youtu.be/1F9l5Seq4Xs?si=EtJ9YMoJmC6dVL-A,https://youtu.be/1F9l5Seq4Xs?si=EtJ9YMoJmC6dVL-A
I LAY DOWN MY LIFE FOR YOU,JPEGMAFIA - vulgar display of power,,,,Video,Full,YouTube,High Res,https://youtu.be/2detgdt6OP4?si=vMMPBe6eeO8U5g1T,https://youtu.be/2detgdt6OP4?si=vMMPBe6eeO8U5g1T
I LAY DOWN MY LIFE FOR YOU,JPEGMAFIA - loop it and leave it,,,,Video,Full,YouTube,High Res,https://youtu.be/GtVhMoZDIy8?si=CRtTTzPTpohnrJNp,https://youtu.be/GtVhMoZDIy8?si=CRtTTzPTpohnrJNp
I LAY DOWN MY LIFE FOR YOU,JPEGMAFIA - JPEGULTRA! (feat. Denzel Curry),,,,Video,Full,YouTube,High Res,https://youtu.be/M47A0vJLpLE?si=RyCmuGqDphRad5lQ,https://youtu.be/M47A0vJLpLE?si=RyCmuGqDphRad5lQ
I LAY DOWN MY LIFE FOR YOU,JPEGMAFIA - I'll Be Right There,,,,Video,Full,YouTube,High Res,https://youtu.be/PgVRX6UEA2U?si=ex8_bYnkyNVvk7HH,https://youtu.be/PgVRX6UEA2U?si=ex8_bYnkyNVvk7HH
I LAY DOWN MY LIFE FOR YOU,JPEGMAFIA - Exmilitary,,,,Video,Full,YouTube,High Res,https://youtu.be/Pxvsgu5SAZY?si=8xpRlK9FOY8Eu8s1,https://youtu.be/Pxvsgu5SAZY?si=8xpRlK9FOY8Eu8s1
I LAY DOWN MY LIFE FOR YOU,JPEGMAFIA - Don't Put Anything On the Bible (feat. Buzzy Lee),,,,Video,Full,YouTube,High Res,https://youtu.be/RBy1DkjVHqs?si=qpsr2goD9CJBYBBa,https://youtu.be/RBy1DkjVHqs?si=qpsr2goD9CJBYBBa
I LAY DOWN MY LIFE FOR YOU,JPEGMAFIA - i recovered from this,,,,Video,Full,YouTube,High Res,https://youtu.be/SoDHT31wAVk?si=PIXs7WPbkTcmE2_r,https://youtu.be/SoDHT31wAVk?si=PIXs7WPbkTcmE2_r
I LAY DOWN MY LIFE FOR YOU,JPEGMAFIA - either on or off the drugs,,,,Video,Full,YouTube,High Res,https://youtu.be/cP7_ZDpcBsQ?si=jXC4pOX7BxZq_xZP,https://youtu.be/cP7_ZDpcBsQ?si=jXC4pOX7BxZq_xZP
I LAY DOWN MY LIFE FOR YOU,JPEGMAFIA - it's dark and hell is hot,,,,Video,Full,YouTube,High Res,https://youtu.be/lve59C5LMLc?si=hMp4k4ftrYPMGkSH,https://youtu.be/lve59C5LMLc?si=hMp4k4ftrYPMGkSH
I LAY DOWN MY LIFE FOR YOU,JPEGMAFIA - JIHAD JOE,,,,Video,Full,YouTube,High Res,https://youtu.be/qw2dExj4DzE?si=fF178rgnk2C7YXRW,https://youtu.be/qw2dExj4DzE?si=fF178rgnk2C7YXRW
I LAY DOWN MY LIFE FOR YOU,JPEGMAFIA - i scream this in the mirror before i interact with anyone,,,,Video,Full,YouTube,High Res,https://youtu.be/xKNZfiG3I6k?si=BeEzYtflUWbHkSW_,https://youtu.be/xKNZfiG3I6k?si=BeEzYtflUWbHkSW_
I LAY DOWN MY LIFE FOR YOU,JPEGMAFIA - I LAY DOWN MY LIFE FOR YOU (FULL ALBUM),,,,Video,Full,YouTube,High Res,https://youtu.be/zA2v9AtvUHI?si=zH8MpZrNhJGlxRx4,https://youtu.be/zA2v9AtvUHI?si=zH8MpZrNhJGlxRx4
I LAY DOWN MY LIFE FOR YOU,JPEGMAFIA x Denzel Curry - JPEGULTRA! (Official Video),,,,Music Video,Full,YouTube,High Res,https://youtu.be/zRnnuImT930?si=7GuepYhIoH3UvkWF,https://youtu.be/zRnnuImT930?si=7GuepYhIoH3UvkWF
I LAY DOWN MY LIFE FOR YOU,JPEGMAFIA  - PROTECT THE CROSS,,,,Music Video,Full,YouTube,High Res,https://youtu.be/eHyqvxxBzLQ?si=ES1o_yfIxu1jWq3-,https://youtu.be/eHyqvxxBzLQ?si=ES1o_yfIxu1jWq3-
I LAY DOWN MY LIFE FOR YOU,JPEGMAFIA - CULT STATUS,,,,Music Video,Full,YouTube,High Res,https://youtu.be/pfvFjjK8JXs?si=jyQbQMw4hfAGjIYs,https://youtu.be/pfvFjjK8JXs?si=jyQbQMw4hfAGjIYs
I LAY DOWN MY LIFE FOR YOU,JPEGMAFIA - I.S. 231,,,,Video,Full,YouTube,High Res,https://youtu.be/c-Y_ZoXQ26U?si=t55qA8EptP4ZLv5z,https://youtu.be/c-Y_ZoXQ26U?si=t55qA8EptP4ZLv5z
I LAY DOWN MY LIFE FOR YOU,JPEGMAFIA - Jordan Rules,,,,Video,Full,YouTube,High Res,https://youtu.be/Qi6JerhrnuA?si=1h06paqWyGZcdaB8,https://youtu.be/Qi6JerhrnuA?si=1h06paqWyGZcdaB8
I LAY DOWN MY LIFE FOR YOU,JPEGMAFIA - COKE OR DOPE?,,,,Video,Full,YouTube,High Res,https://youtu.be/U7RVhi3TTTo?si=_O-2K8iatPNbfrTV,https://youtu.be/U7RVhi3TTTo?si=_O-2K8iatPNbfrTV
I LAY DOWN MY LIFE FOR YOU,JPEGMAFIA - I lay down my life for you (feat. Buzzy Lee),,,,Video,Full,YouTube,High Res,https://youtu.be/Y8owzoKqP5w?si=XYHdMhtaVLh6S28I,https://youtu.be/Y8owzoKqP5w?si=XYHdMhtaVLh6S28I
I LAY DOWN MY LIFE FOR YOU,JPEGMAFIA - Boy You Should Know!,,,,Video,Full,YouTube,High Res,https://youtu.be/jd4dvhQeej4?si=kju10CkAAKr82avY,https://youtu.be/jd4dvhQeej4?si=kju10CkAAKr82avY
I LAY DOWN MY LIFE FOR YOU,JPEGMAFIA - what the hip hop hell is this?,,,,Video,Full,YouTube,High Res,https://youtu.be/qf7eHQU3kOc?si=OtsZSApXF1e52I_Z,https://youtu.be/qf7eHQU3kOc?si=OtsZSApXF1e52I_Z
I LAY DOWN MY LIFE FOR YOU,JPEGMAFIA - Come & Get Me,,,,Video,Full,YouTube,High Res,https://youtu.be/StGk2bcbSg0?si=1YGThoHy-KL3UgD0,https://youtu.be/StGk2bcbSg0?si=1YGThoHy-KL3UgD0
I LAY DOWN MY LIFE FOR YOU,JPEGMAFIA - Bloodline Freestyle (2022 Demo),,,,Video,Full,YouTube,High Res,https://youtu.be/61YkyG6tJcc?si=V0Xs65XyAgwhS8Eo,https://youtu.be/61YkyG6tJcc?si=V0Xs65XyAgwhS8Eo
I LAY DOWN MY LIFE FOR YOU,JPEGMAFIA - TAKE AN (INSTRUMENTAL),,,,Video,Full,YouTube,High Res,https://youtu.be/aFJ6z1ZQ384?si=Mm6HHMZLYE84BCts,https://youtu.be/aFJ6z1ZQ384?si=Mm6HHMZLYE84BCts
I LAY DOWN MY LIFE FOR YOU,FREAKYMAFIACULT - HATE,,,,Video,Full,YouTube,High Res,https://youtu.be/Bde96_BvCbU?si=iRu5IVn2pkUuoZu5,https://youtu.be/Bde96_BvCbU?si=iRu5IVn2pkUuoZu5
I LAY DOWN MY LIFE FOR YOU,JPEGMAFIA - ALLAH,,,,Video,Full,YouTube,High Res,https://youtu.be/8rq2ycyqGb0?si=FwlDOvRHr9aiLdSy,https://youtu.be/8rq2ycyqGb0?si=FwlDOvRHr9aiLdSy
I LAY DOWN MY LIFE FOR YOU,JPEGMAFIA - I LAY DOWN MY LIFE FOR YOU (DIRECTORS CUT) [FULL ALBUM],,,,Video,Full,YouTube,High Res,https://youtu.be/1v3wRsU49G8?si=hbMSKDKIQTaSHqqc,https://youtu.be/1v3wRsU49G8?si=hbMSKDKIQTaSHqqc
We Live In A Society,Valentines Day Freestyle '25 💕 (unmastered),,,,Video,Full,YouTube,High Res,https://youtu.be/Sm0LH0WunzQ?si=4nhz2Ldbjm4A6kHI,https://youtu.be/Sm0LH0WunzQ?si=4nhz2Ldbjm4A6kHI
We Live In A Society,Flume & JPEGMAFIA - AI Girlfriend,,,,Music Video,Full,YouTube,High Res,https://youtu.be/qWSdZA9bLqs?si=4Jj-UcQt4n3cAujw,https://youtu.be/qWSdZA9bLqs?si=4Jj-UcQt4n3cAujw
We Live In A Society,JPEGMAFIA | Live @Lollapalooza  Chicago 2025 | Full Set,,,,Video,Full,YouTube,High Res,https://youtu.be/0az1ksmEx7U?si=TDfw08wgdiMtV-ja,https://youtu.be/0az1ksmEx7U?si=TDfw08wgdiMtV-ja
EXPERIMENTAL RAP,JPEGMAFIA - babygirl,what you gonna do what you gonna do,,,Music Video,Full,YouTube,High Res,https://youtu.be/gIn4ZoMgwp8?si=t_ucOXoBzMxGbKQj,https://youtu.be/gIn4ZoMgwp8?si=t_ucOXoBzMxGbKQj
EXPERIMENTAL RAP,JPEGMAFIA - War Over Land,,,,Music Video,Full,YouTube,High Res,https://youtu.be/D32u6bRL4wg?si=o2c67xg3AWzH3T5s,https://youtu.be/D32u6bRL4wg?si=o2c67xg3AWzH3T5s
EXPERIMENTAL RAP,EXPERIMENTAL RAP ALBUM TRAILER,,,,Promotional Video,Full,YouTube,High Res,https://youtu.be/XuC5KarCg5A?si=RyIDFWfDtyRc4Z0r,https://youtu.be/XuC5KarCg5A?si=RyIDFWfDtyRc4Z0r
EXPERIMENTAL RAP,JPEGMAFIA - ¥ (Yen),,,,Music Video,Full,YouTube,High Res,https://youtu.be/dosF5efl6bg?si=WBVEsWLFG9VKL50u,https://youtu.be/dosF5efl6bg?si=WBVEsWLFG9VKL50u
EXPERIMENTAL RAP,JPEGMAFIA - $ (Money),,,,Music Video,Full,YouTube,High Res,https://youtu.be/UGIXOtkHtQ8?si=Y6-zS7gIcXClXwyh,https://youtu.be/UGIXOtkHtQ8?si=Y6-zS7gIcXClXwyh
EXPERIMENTAL RAP,JPEGMAFIA - EXPERIMENTAL RAP [FULL ALBUM],,,,Video,Full,YouTube,High Res,https://youtu.be/OWit5_Fj9T4?si=bne0BvOOWdngUtQc,https://youtu.be/OWit5_Fj9T4?si=bne0BvOOWdngUtQc
