Era,Name,Tracklist,Image,Date Made,Quality,Source,Link(s)
Dreamcast Summer Songs,Devon's Tape,"Original tracklist for Devon's Tape, may have been the first five sets (split into 15 tracks).

1. #whatshappening (#WhatsHappening)
2. Your the 1 (LP, LP, Forward, LK, FP)
3. Ctrl-Alt-Delete (Gameshark)
4. Jets...Fool.... (Jet Grind Radio)
5. All Aboard (Crazy Taxi)
6. Egypt (Full Metal Panic)
7. $tack Bundle$ (Stack Bundles)
8. Martin Luther King Day (That-Man (Ridedou da Lightunignnnnn))
9. Symone
10. Not Worth It (Haruhi Hates Thunder)
11. We ♥ Nuja
12. The Sugar Shack (Space Channel 5)
13. Olivia Winters (Cannon Spike)
14. How I Met Nola Darling (How I Met Nola Darling...)
15. Ms. Robinson",,,Clear,Peggy,
Dreamcast Summer Songs,Since I Left You II,"Tracklist for Since I Left You II, has two more tracks.

1. #whatshappening (#WhatsHappening)
2. Your the 1 (LP, LP, Forward, LK, FP)
3. Ctrl-Alt-Delete (Gameshark)
4. Jets...Fool.... (Jet Grind Radio)
5. All Aboard (Crazy Taxi)
6. Egypt (Full Metal Panic)
7. $tack Bundle$ (Stack Bundles)
8. Martin Luther King Day (That-Man (Ridedou da Lightunignnnnn))
9. Symone
10. Not Worth It (Haruhi Hates Thunder)
11. We ♥ Nuja
12. The Sugar Shack (Space Channel 5)
13. Olivia Winters (Cannon Spike)
14. How I Met Nola Darling (How I Met Nola Darling...)
15. Ms. Robinson
16. Return to the Sugar Shack (Buster Wolf (Are You Ok?))
17. Congratulations ☺ (Shenmue)",,"Feb 10, 2011",Clear,Peggy,
Dreamcast Summer Songs,Dreamcast Summer Songs [V1],"Split tracklist for Dreamcast Summer Songs, has one more track in between Buster Wolf & Shenmue.

1. #WhatsHappening
2. LP, LP, Forward, LK, FP
3. Gameshark
4. Jet Grind Radio
5. Crazy Taxi
6. Full Metal Panic
7. Stack Bundles
8. That-Man (Ridedou da Lightunignnnnn)
9. Symone
10. Haruhi Hates Thunder
11. We ❤ Nuja
12. Space Channel 5
13. Cannon Spike
14. How I Met Nola Darling...
15. Ms. Robinson
16. Buster Wolf (Are You Ok?)
17. LOL: Lack of Love
18. Shenmue",,,Clear,Peggy,
Dreamcast Summer Songs,Dreamcast Summer Songs [V2],"Tracklist for the current version of Dreamcast Summer Songs

1. Power Stone ☀ (#WhatsHappening, LP, LP, Forward, LK, FP, Gameshark, Jet Grind Radio, Crazy Taxi)
2. Bloody Roar ☢ (Full Metal Panic, Stack Bundles)
3. Guilty Gear ☪ (That-Man (Ridedou da Lightunignnnnn), Symone)
4. Phantasy Star ☫ (Haruhi Hates Thunder, We ❤ Nuja)
5. Chuchu Rocket ☃ (Space Channel 5, Cannon Spike, How I Met Nola Darling..., Ms. Robinson)
6. Code: Veronica ✖ (Buster Wolf (Are You Ok?), LOL: Lack of Love, Shenmue)",,,Clear,Peggy,
Generation Y,Generation Y,"Tracklist for Generation Y.

1. Lightbulbs
2. Operation: Kill Hannah Monata
3. Generation Y/nilaplliK
4. Amla Due
5. Monáde
6. Operation: Kill Luke Scott
7. Operation: Kill Chet Haze
8. End to the Means [V1]",,"Jan 16, 2011",Clear,Peggy,
Generation Y,Generation Y [Remaster],"Devon announced he would make a remaster of Generation Y, and provided a remade Ends To The Means, it's unknown what the other tracks were and if they were made

1. Lightbulbs
2. Operation: Kill Hannah Monata
3. Generation Y / nilaplliK
4. Amla Due
5. Monáde
6. Operation: Kill Luke Scott
7. Operation: Kill Chet Haze
8. End to the Means",,,N/A,Secondary,
JOECHILLWORLD,JOECHILLWORLD [V1],"Tracklist for JOECHILLWORLD, dated July 7th, 2011.

1. The Laughing Man
2. Sabbath School
3. Bully
4. Neon Kitchen
5. Re: Neon Kitchen (Neon Kitchen 2)
6. Operation: Kill Stormfront
7. Trophy Kids
8. Omega Weapon
9. Montebello High School Prom
10. The Power of Madonna
11. Game of the Century",,"Jul 7, 2011",Clear,Peggy,
JOECHILLWORLD,JOECHILLWORLD [V2],"Tracklist for JOECHILLWORLD, dated August 18th, 2012. Same as the original release, but without The Laughing Man. This version of the project was also uploaded to DatPiff, although that version has audio errors.

1. Sabbath School
2. Bully
3. Neon Kitchen
4. Re: Neon Kitchen (Neon Kitchen II)
5. Operation: Kill Stormfront
6. Trophy Kids
7. Omega Weapon
8. Montebello High School Prom
9. The Power of Madonna
10. Game of the Century",,"Aug 18, 2011",Clear,Peggy,
JOECHILLWORLD,JOECHILLWORLD [V3],"Tracklist for JOECHILLWORLD, dated July 12th, 2012. Includes 1989 as a bonus track.

1. Sabbath School
2. Bully
3. Neon Kitchen
4. Re: Neon Kitchen (Neon Kitchen 2)
5. Operation: Kill Stormfront
6. Trophy Kids
7. Omega Weapon
8. Montebello High School Prom
9. The Power of Madonna
10. Game of the Century
11. 1989 (Michelle's Song) (1989 (I Used To Know Her))",,"Jul 12, 2012",Clear,Peggy,
JOECHILLWORLD,JOECHILLWORLD [V4],"Tracklist for JOECHILLWORLD, dated November 13th, 2013, updated as part of the mass-update of his discography. Excludes 1989 & replaces Game of the Century with Blue Seed.

1. Sabbath School
2. Bully
3. Neon Kitchen
4. Neon Kitchen II
5. Operation: Kill Stormfront
6. Trophy Kids
7. Omega Weapon
8. Montebello High School Prom
9. The Power of Madonna
10. Blue Seed",,"Nov 13, 2013",Clear,Peggy,
JOECHILLWORLD,JOECHILLWORLD [TRASHFUCK Rerelease],"Tracklist for the Trashfuck Records version of JOECHILLWORLD, brings the entire album back to the first release but adds 1989.

1. The Laughing Man
2. Sabbath School
3. Bully
4. Neon Kitchen
5. Re: Neon Kitchen (Neon Kitchen II)
6. Operation: Stormfront (Operation: Kill Stormfront)
7. Trophy Kids
8. Omega Weapon
9. Montebello High School Prom
10. The Power of Madonna
11. Game of the Century
12. 1989 (Michelle's Song) (1989 (I Used To Know Her))",,"Jan 13, 2023",Clear,Peggy,
JOECHILLWORLD,JOECHILLWORLD [CD Pressing],"Tracklist for the CD pressing of JOECHILLWORLD, basically the November 2013 mix of the project with 1989 & The Laughing Man added.

1. Sabbath School
2. Bully
3. Neon Kitchen
4. Neon Kitchen II
5. Operation: Kill Stormfront
6. Trophy Kids
7. Omega Weapon
8. Montebello High School Prom
9. The Power of Madonna
10. Blue Seed
11. 1989 (I Used To Know Her)
12. The Laughing Man",,2024,Clear,Peggy,
L.I.S.A,L.I.S.A. ♥,"Tracklist for L.I.S.A., dated October 

1. L.I.S.A.
2. White Girls ♥ DeVon Hendryx.
3. Cam Newton
4. Hotpockets
5. Wendy's Lunch Break (Interlude)
6. Up & Down
7. The Suburbs
8. We Don't ♥ Love These Hoes",,,Clear,Peggy,
The Rockwood Escape Plan,The Rockwood Escape Plan [V1],"The original release of the album, released on Valentine's Day 2012.  Features 24 tracks and is the first longest official release of the album.

1. ジェネレーションY
2. KING
3. I ♥ You Hip Hop But I Can't Be Your Girlfriend Because That's Gay
4. Capcom Vs. SNK
5. Quisha
6. A Song About Nothing
7. I ♥ The Illuminati
8. Project Birdy
9. Project Birdy Part II
10. Operation: Kill Rap
11. God & Earrings
12. Hoe$ (隙)
13. MissingNo.
14. Blue China
15. Pu$$y
16. Sunday School
17. Y2K
18. Neon Runway
19. Neon Kitchen III
20. The 27 Club
21. Deuce Komradz
22. Generation Y 1989
23. Toonami
24. ☁✈",,2012,Clear,Peggy,
The Rockwood Escape Plan,The Rockwood Escape Plan [V2],"1. ジェネレーションY
2. KING
3. I ♥ You Hip Hop But I Can't Be Your Girlfriend Because That's Gay
4. Capcom Vs. Snk
5. Quisha
6. A Song About Nothing (feat. Enso Sinatra)
7. I ♥ The Illuminati
8. Project Birdy
9. Project Birdy Part II
10. Operation: Kill Rap
11. God & Earrings
12. Hoe$（陳）
13. MissingNo. (feat. A Nigga Named Steve)
14. Blue China
15. Pu$Sy
16. Y2K (feat. Manny)
17. Sunday School (Church of Granas)
18. Andrej Pejic (Neon Runway) 03:14
19. Neon Kitchen III
20. The 27 Club (feat. JOE Chill & Lipstick 411)
21. 2004年9月9日
22. Deuce Komradz
23. Generation Y 1989 (feat. Rebecca)
24. Toonami⋆",,2012,Clear,Peggy,
The Rockwood Escape Plan,The Rockwood Escape Plan [Phsyical],"An official Vinyl release that features the same tracks of the current tracklist, but with an extra track that collaborates with Enso Sinatra, “Shadows”

1. ジェネレーションY
2. KING
3. I ♥ You Hip Hop But I Can't Be Your Girlfriend
4. Capcom Vs. SNK
5. Quisha
6. A Song About Nothing
7. I ♥ The Illuminati
8. Project Bird
9. Project Birdy Part II
10. Operation: Kill Rap
11. God & Earrings
12. (隙)
13. MissingNo.
14. Blue China
15. Pu$$y #1
16. Y2K
17. Sunday School
18. Andrej Pejić
19. The 27 Club
20. DIP
21. Deuce Komradz
22. Generation Y 1989
23. Toonami
24. Shadows",,2024,Clear,Peggy,
Heart Emoji EP,"♥
(Heart Emoji EP)","Tracklist for the Heart Emoji EP (♥)

1. Shamoo
2. Charli Baltimore ✪
3. Manny 嫌い
4. Pizzicato Five 愛
5. Max Payne (間奏)
6. Fucking Your Girl
7. Satan ✞",,"Sep 21, 2012",Clear,Peggy,
Heart Emoji EP,THE ROCKWOOD EP,"Tracklist for The Rockwood EP, has absolutely no differences other than Manny being called Netflix here.

1. Shamoo
2. Charli Baltimore ✪
3. Netflix (Manny 嫌い)
4. Pizzicato Five 愛
5. Max Payne (間奏)
6. Fucking Your Girl
7. Satan ✞",,,Clear,Peggy,
THE GHOST~POP TAPE,Generation Y,"Tracklist from either an early unused back cover for THE GHOST~POP TAPE or a teaser for the project, supposedly found on his Tumblr by Aviant & dated April - August 2013. Has two unheard tracks, 1999 and Neon Kitchen V. Confirmed real by Zen Dash.

1. 私ミシェルはご容赦 (Pardon Me Michelle, Pardon Me Michael (Demo))
2. エアギター (Air Guitar, ♥)
3. HBK
4. 見よ!蒼ざめた (Behold! A Pale Horse)
5. 1999
6. 見知らぬ¹ (Untitled¹)
7. 神祝福する私の家庭女の子 (God Bless My Homegirls)
8. 何が欲しいですか (What Do You Want) ([Missing image file_ maladaptivedaydreaming.gif])
9. 見知らぬ² (Untitled²)
10. ネオンキッチンIV (Neon Kitchen IV)
11. ネオンキッチンV (Neon Kitchen V)
12. 私は多分呼び出す (Call Me Maybe)
13. バブルガムクライシズ (Bubblegum Crisis)
14. 見知らぬ³ (Untitled³)
15. ODB
16. ピアノ・ベイビー (Piano Baby)
17. M.U.G.E.N.
18. サークル (Circles) (Ballad of A Poor Man)
19. ✿ (Sakura)",,2013,Clear,Peggy,
THE GHOST~POP TAPE,GenY⁵ Movie,"Tracklist for the GenY⁵ Movie. Very first project release pertaining to GHOST~POP.

1. HBK
2. God Bless My Homegirls
3. Bubblegum Crisis
4. Neon Kitchen⁴
5. Call Me Maybe
6. Black Materia
7. Ballad of a Poor Man
8. ODB
9. Untitled²
10. O Superman
11. Pu$$y #3
12. Untitled³
13. Porn for Percussion
14. Behold! A Pale Horse
15. Sakura",,"Aug 12, 2013",Clear,Peggy,
THE GHOST~POP TAPE,GenY⁵,"Tracklist for GenY⁵.

1. Ballad of a Poor Man [V1]
2. ♥ [V2]
3. HBK [V2]
4. ""Violent fighting to come again!"" [V1]
5. Behold! A Pale Horse [V1]
6. M.U.G.E.N. [V1]
7. [Missingimagefile_ maladaptivedaydreaming.gif] [V1] (Porn for Percussion, Porn for Percussion (Betamax Version))
8. Untitled¹ [V1]
9. God Bless My Homegirls [V1]
10. Porn for Percussion [V1] ([Missingimagefile_ maladaptivedaydreaming.gif])
11. Untitled² [V1]
12. Neon Kitchen⁴ [V1]
13. Call Me Maybe [V2]
14. Pu$$y #3 [V1]
15. Bubblegum Crisis [V1]
16. O Superman [V1]
17. Untitled³ [V1]
18. ODB (Recorded Live @ Central Station) [V1]
19. Sakura [V1]
20. Black Materia [V2]",,"Sep 3, 2013",Clear,Peggy,
THE GHOST~POP TAPE,GHOST~POP OST,"Tracklist for GHOST~POP OST.

1. Ballad of a Poor Man [V1]
2. ♥ [V2]
3. HBK [V2]
4. ""Violent fighting to come again!"" [V1]
5. Behold! A Pale Horse [V1]
6. M.U.G.E.N. [V1]
7. [Missingimagefile_ maladaptivedaydreaming.gif] [V1] (Porn for Percussion, Porn for Percussion (Betamax Version))
8. Untitled¹ [V1]
9. God Bless My Homegirls [V1]
10. Porn for Percussion [V1] ([Missingimagefile_ maladaptivedaydreaming.gif])
11. Untitled² [V1]
12. Neon Kitchen⁴ [V1]
13. Call Me Maybe [V2]
14. Pu$$y #3 [V1]
15. Bubblegum Crisis [V1]
16. O Superman [V1]
17. Untitled³ [V1]
18. ODB (Recorded Live @ Central Station) [V1]
19. Sakura [V1]",,"Oct 22, 2013",Clear,Peggy,
THE GHOST~POP TAPE,THE GHOST~POP TAPE [V1],"Tracklist for the December 2013 copy of THE GHOST~POP TAPE, differences unknown apart from the addition LIARA.

1. Ballad of a Poor Man
2. ♥
3. HBK
4. ""Violent fighting to come again!""
5. Behold! A Pale Horse
6. M.U.G.E.N.
7. [Missingimagefile_ maladaptivedaydreaming.gif]
8. Untitled¹
9. God Bless My Homegirls
10. Porn for Percussion
11. Untitled²
12. Neon Kitchen⁴
13. Call Me Maybe
14. Pu$$y #3
15. Bubblegum Crisis
16. LIARA
17. O Superman
18. Untitled³
19. ODB (Recorded Live @ Central Station)
20. Sakura",,,Clear,Peggy,
THE GHOST~POP TAPE,THE GHOST~POP TAPE [V2],"Tracklist for the January 2014 copy of THE GHOST~POP TAPE.

1. Ballad of a Poor Man [V1]
2. ♥ [V2]
3. HBK [V3]
4. ""Violent fighting to come again!"" [V1]
5. Behold! A Pale Horse [V1]
6. M.U.G.E.N. [V1]
7. Porn for Percussion [V2] (Porn for Percussion (VCR Version))
8. Untitled¹ [V1]
9. God Bless My Homegirls [V1]
10. [Missingimagefile_ maladaptivedaydreaming.gif] [V1]
11. Untitled² [V2]
12. Neon Kitchen [V1]
13. Call Me Maybe [V2]
14. Pu$$y #3 [V1]
15. Bubblegum Crisis [V2]
16. LIARA [V1]
17. O Superman [V1]
18. Untitled³ [V1]
19. ODB (Recorded Live @ Central Station) [V2]
20. Sakura [V1]",,,Clear,Peggy,
THE GHOST~POP TAPE,THE GHOST~POP TAPE [V3],"Tracklist for the first March 21st, 2014 copy of THE GHOST~POP TAPE.

Disc One
1. Ballad of a Poor Man [V1]
2. ♥ [V2]
3. HBK [V3]
4. ""Violent fighting to come again!"" [V1]
5. Behold! A Pale Horse [V1]
6. M.U.G.E.N. [V1]
7. Porn for Percussion [V2] (Porn for Percussion (VCR Version))
8. Untitled¹ [V1]
9. God Bless My Homegirls [V1]
10. [Missingimagefile_ maladaptivedaydreaming.gif] [V2]
11. Untitled² [V3]
12. Neon Kitchen⁴ [V1]
13. Call Me Maybe [V2]
14. Pu$$y #3 [V1]
15. Bubblegum Crisis [V2]
16. LIARA [V1]
17. O Superman [V1]
18. Untitled³ [V2]

Disc Two
1. ODB (Recorded Live @ Central Station) [V3]
2. Sakura [V1]",,"Mar 21, 2014",Clear,Peggy,
THE GHOST~POP TAPE,THE GHOST~POP TAPE [V4],"Tracklist for the second March 21st, 2014 copy of THE GHOST~POP TAPE.

1. Ballad of a Poor Man [V1]
2. ♥ [V2]
3. HBK [V3]
4. ""Violent fighting to come again!"" [V1]
5. Behold! A Pale Horse [V1]
6. M.U.G.E.N. [V1]
7. Porn for Percussion [V2] (Porn for Percussion (VCR Version))
8. Untitled¹ [V1]
9. God Bless My Homegirls [V1]
10. [Missingimagefile_ maladaptivedaydreaming.gif] [V2]
11. Untitled² [V3]
12. Neon Kitchen⁴ [V1]
13. Call Me Maybe [V2]
14. Pu$$y #3 [V1]
15. Bubblegum Crisis [V2]
16. LIARA [V1]
17. O Superman [V1]
18. Untitled³ [V2]",,"Mar 21, 2014",Clear,Peggy,
THE GHOST~POP TAPE,THE GHOST~POP TAPE (Ben Yuddha Version),"Tracklist for the Ben Yuddha version of THE GHOST~POP TAPE, dated March 22nd, 2014 to March 23rd. This tracklist was found archived through a Bandcamp page named ""Ben Yuddha"" and some numbers here are seen to be skipped & some are even doubled

 1. ♥
1. GOD
2. HBK
4. Behold! A Pale Horse
5. M.U.G.E.N.
6. Porn For Percussion [VCR Version] (Porn For Percussion)
7. Untitled¹
8. God Bless My Homegirls
9. Porn for Percussion [Betamax Version] ([Missingimagefile_ maladaptivedaydreaming.gif])
10. Unititled²
11. Neon Kitchen
12. Call Me Maybe
13. Pu$$y #3
14. Bubblegum Crisis
15. LIARA
16. O Superman
17. Untitled³
18. Sakura
19. ODB (Live @ Central Station)
21. Pizzicato Five",,"Mar 23, 2014",Clear,Peggy,
THE GHOST~POP TAPE,THE GHOST~POP TAPE (Expanded Edition),"Tracklist for the expanded edition of THE GHOST~POP TAPE.

1. Ballad of a Poor Man [V1]
2. ♥ [V2]
3. HBK [V3]
4. ""Violent fighting to come again!"" [V1]
5. Behold! A Pale Horse [V1]
6. M.U.G.E.N. [V1]
7. Porn for Percussion [V2] (Porn for Percussion (VCR Version))
8. Untitled¹ [V1]
9. God Bless My Homegirls [V1]
10. [Missingimagefile_ maladaptivedaydreaming.gif] [V2]
11. Untitled² [V3]
12. Neon Kitchen⁴ [V1]
13. Call Me Maybe [V2]
14. Pu$$y #3 [V1]
15. Bubblegum Crisis [V2]
16. LIARA [V1]
17. O Superman [V1]
18. Untitled³ [V3]
19. ODB (Live @ Central Station) [V4]
20. Piano Baby (Live @ Central Station)
21. Sakura [V1]
22. Pardon Me Michael (Demo)
23. Pizzicato Five
24. BBTG (2011 Demo)
25. Porn for Percussion (Betamax Version)",,"Dec 31, 2019",Clear,Peggy,
THE GHOST~POP TAPE,"THE GHOST~POP TAPE (オリジナル)
(THE GHOST~POP TAPE (Remastered + Original))","Tracklist for the remastered edition of THE GHOST~POP TAPE.

1. Ballad of a Poor Man [V2]
2. ♥ [V3]
3. HBK [V4]
4. ""Violent fighting to come again!"" [V2]
5. Behold! A Pale Horse [V2]
6. M.U.G.E.N. [V2]
7. Porn for Percussion [V3] (Porn for Percussion (VCR Version))
8. Untitled¹ [V2]
9. God Bless My Homegirls [V2] ([Missingimagefile_ maladaptivedaydreaming.gif] [V3])
10. Untitled² [V4]
11. Call Me Maybe [V3]
12. Pu$$y #3 [V2]
13. Bubblgum Crisis [V3]
14. LIARA [V2]
15. O Superman [V2]
16. Untitled³ [V4]
17. Sakura [V2]",,"Oct 23, 2023",Clear,Peggy,
Communist Slow Jams,Communist Slow Jams,"The official tracklist for the release of Communist Slow Jams

1. Stoop 
2. I Used To Be Into Dope
3. Polly
4. Wavves 
5. Sweet Dreams Fuccboi
6. Reaper
7. #Newblack PSA
8. Pimps
9. Once They Build A Starbucks It’s Ova
10. I’ll Never Forgive Hipsters For What They Did To Brooklyn
11. Swirl
12. Rape Culture
13. Japan
14. Bitcoin Assassin
15. R.I.P. Isamaaiyl Brinsley
16. Mothers Milk
17. Lemmy
18. @darkskinmanson
19. Police & Niggaz Interlude
20. Police. & Niggaz
21. Lee Daniels Freestyle 
22. The Last Of Us",,~September 2015,Clear,Peggy,
Communist Slow Jams,Communist Slow Jams [Director's Cut],,,,,,
Darkskin Manson,Darkskin Manson [V1],"1. Mask on the Masters
2. Beautiful Pussy
3. Cops are the target (Interlude)
4. Cops are the Target
5. Ham Sammich
6. Flexxx
7. Who Shot Me?
8. Get Off My Dick & Tell Yo Bitch To Come Here
9. MC Ride Just Got His Reparations
10. I Wipe My Ass With Confederate Flags
11. Robitussin (feat. 3ION) 
12. Tori Amos
13 .I Get So Lonely Without My Gat / A Different World / Space To Destroy
14. Stephanie Rawlings-Blake
15. BANG (Ode to Chief Keef)",,,Clear,Peggy,
Darkskin Manson,Darkskin Manson [V2],"Tracklist for a later Bandcamp version of Darkskin Manson.

1. Mask on the Masters
2. Beautiful Pussy
3. Cops Are the Target Interlude
4. Cops Are the Target
5. Ham Sammich
6. Flexxx
7. Kid Rock Freestyle 2k14
8. Get Off My Dick & Tell Yo Bitch to Come Here
9. MC Ride Just Got His Reparations
10. I Wipe My Ass with Confederate Flags
11. Robitussin (feat. 3ION)
12. VHS
13. I Get So Lonely Without My Gat / A Different World / Space to Destroy
14. BANG (Ode to Chief Keef)",,,Clear,Peggy,
Darkskin Manson,Darkskin Manson EP,"Official tracklist for the Darkskin Manson EP.

1. Mask On The Masters
2. Beautiful Pussy
3. Cops are the target Interlude
4. Cops Are The Target
5. Flexxx
6. I Wipe My Ass With Confederate Flags
7. [hidden]",,,Clear,Peggy,
The Wolf Returns,The Wolf Returns (2015),"Tracklist from the 2015 upload on Bounge's Soundcloud
1. OR7 Clip
2. Dark Wolf Prelude
3. He's Back
4. Once Pon A Time
5. Aware I'm A Wolf

#? Wants And Needs
?# Back From The Grave
?# Tough Decisions",,"""Summer"" 2015",Clear,Secondary,
The Wolf Returns,The Wolf Returns,"2017 Rerelease
1. OR7 Clip
2. Aware I'm A Wolf
3. Dark Wolf Prelude
4. Wants And Needs
5. He's Back
6. Once Pon A Time
7. Back From The Grave
8. Tough Decisions",,"Feb 13, 2017",Clear,Peggy,
Black Ben Carson,Unnamed :3LON EP,"While there isn't a tracklist that hasn't been leaked or revealed, these songs were part of the EP

?# 0 Missed Calls
?# Wi-fi
?# doppe",,,N/A,N/A,
Black Ben Carson,Black Ben Carson,"Leaked tracklist for Black Ben Crason, dated January 26, 2016.

1. DRAKE ERA
2. JPEGMAFIA VSA THE WORLD (ALL CAPS NO SPACES)
3. YOU THINK YOU KNOW
4. BLACK BEN CARSON
5. FACE DOWN ASS UP 
6. FLEX THE CONNECT
7. JERRYS
8. LL COOL J
9. I HOPE YOU DIE IN LA
10. BOI
11. MOTOR MOUTH / SLOW DIVE
12. OMG
13. SELFY
14. STEVE AUSTIN FREESTYLE (Black Steve Austin)
15. THAT SHIT KID CUDI COULDA BEEN
16. 2015 WAS A GREAT YEAR
17. WHATS CRACKIN'
18. TRY ME
19. I JUST KILLED A COP NOW IM HORNY
20. I SMELL CRACK
21. HEY
22. SIDECHICK (Black Stacey Dash)
23. DIRTY BLACK NIGGER (1488)
24. WOO (Digital Blackface)",,"Jan 26, 2016",Clear,Leaked,
Black Ben Carson,Black Ben Carson,"Tracklist for Black Ben Crason, dated January 26, 2016, posted to instagram by JPEGMAFIA.

#?. BLACK BEN CARSON ROUGH (Black Ben Carson)
#?. BOI FEAT. BUTCH DAWSON
#?. DRAKE ERA ROUGH (Drake Era)
#?. FACE DOWN ASS UP FEAT. BINTO & KENTE...
#?. FLEX THE CONNECT 
#?. I HOPE YOU DIE IN LA ROUGH (I Hope You Die in LA)
#?. JERRYS
#?. JPEGMAFIA VS THE (WORLD)",,"Jan 26, 2016",Clear,Peggy,
Black Ben Carson,Black Ben Carson,"Tracklist for the original version of Black Ben Carson before it got remastered in 2017.

1. Drake Era
2. JPEGMAFIA ALL CAPS NO SPACES
3. Digital Blackface
4. Cuckold
5. I Smell Crack
6. You Think You Know
7. Motor Mouth
8. Black Ben Carson
9. Black Steve Austin
10. Black Stacey Dash
11. What's Crackin' Pt. 1 & 2
12. I Just Killed A Cop Now I'm Horny
13. Plastic
14. Boi
15. Flex The Connect
16. The 27 Club
17. LL Cool J
18. Face Down Ass Up
19. This That Shit Kid Cudi Coulda Been
20. Jerrys
21. 2015 Was A Great Year
22. Try Me",,"Feb 14, 2016",Clear,Peggy,
Black Ben Carson,Black Ben Carson,"Tracklist for the remastered version of Black Ben Carson released sometime in November 2017. Tracks Flex the Connect, LL Cool J and Jerrys got removed.

1. Drake Era
2. ALL CAPS NO SPACES
3. Digital Blackface
4. CUCK
5. I Smell Crack
6. You Think You Know
7. Motor Mouth
8. Black Ben Carson
9. Black Steve Austin
10. Black Stacey Dash
11. What's Crackin'
12. I Just Killed A Cop Now I'm Horny
13. Plastic
14. Boi
15. The 27 Club
16. Face Down Ass Up
17. This That Shit Kid Cudi Coulda Been
18. 2015 Was A Great Year
19. Try Me",,"Nov 1, 2017",Clear,Peggy,
The 2nd Amendment,The 2nd Amendment [V1],"Early The 2nd Adendment tracklist posted to JPEGMAFIA's instagram on July 5th, 2016.

1. Hop Out the Pussy I'm 21
2. GYRO (Remix)
3. I Might Vote 4 Donald Trump
4. Truss Mi Daddy (Trussmidaddi)
5. Big Data 
6. The Internet Ain't Safe Interlude
7. URB
8. Boyz 2 Men
9. Fuego (Let's Hit A Lick On The White House!)
10. Llama Wit Da Dick
11. Llama Mind",,"Jul 5, 2016",Clear,Peggy,
The 2nd Amendment,The 2nd Amendment [V2],"Early The 2nd Adendment tracklist posted to JPEGMAFIA's instagram on July 12th, 2016.

1. Hop Out the Pussy I'm 21
2. Lets Hit A Lick on the White House
3. BOMBOPUSSYRASCLAT
4. I Might Vote 4 Donald Trump
5. Truss Mi Daddi (Trussmidaddi)
6. Big Data / The Internet Ain't Safe Interlude
7. Urb
8. Boyz 2 Men
9. Llama Wit Da Dick *
10. Llama Mind",,"Jul 12, 2016",Clear,Peggy,
The 2nd Amendment,The 2nd Amendment [V3],"Tracklist to the first version of The 2nd Amendment, which released on July 18, 2016.

1. Hop Out The Pussy I'm 21
2. Lets Hit A Lick on the White House
3. BUMBOPUSSYRASCLAT
4. I Might Vote 4 Donald Trump
5. #Trussmidaddi
6. Big Data / The Internet Ain't Safe
7. Xanny Darvis Jr.
8. roB bankS
9. Urb
10. Boyz 2 Men
11. Llama Mind",,"Jul 18, 2016",Clear,Peggy,
The 2nd Amendment,The 2nd Amendment [V4],"Tracklist to the second version of The 2nd Amendment, which was updated on July 23rd, 2016. Adds the track Rinky 2K / Fatal Fury and changes the order slightly.

1. Hop Out The Pussy I'm 21
2. Lets Hit A Lick on the White House!
3. BUMBOPUSSYRASCLAT
4. I Might Vote 4 Donald Trump
5. #Trussmidaddi
6. Big Data / The Internet Ain't Safe
7. Xanny Darvis Jr.
8. RInky 2K / Fatal Fury
9. URB
10. Boyz 2 Men
11. Llama Mind
12. roB bankS",,"Jul 23, 2016",Clear,Peggy,
The 2nd Amendment,The 2nd Amendment [V5],"Tracklist to the third version of The 2nd Amendment, which was updated around January 2018. Removed roB bankS and Boyz 2 Men from the tracklist entirely and splits Rinky 2K and FATAL FURY into two separate tracks. The most well known version of the album.

1. Hop Out The Pussy I'm 21
2. Lets Hit A Lick on the White House!
3. BUMBOPUSSYRASCLAT
4. I Might Vote 4 Donald Trump
5. Trussmidaddi
6. Big Data / The Internet Ain't Safe
7. Xanny Darvis Jr.
8. RInky 2K
9. FATAL FURY
10. URB
11. Llama Mind",,"Jan, 2018",Clear,Peggy,
The 2nd Amendment,The 2nd Amendment [2025 Remaster],"Tracklist to the remastered version of The 2nd Amendment, which was updated around July 2025. Brings back Boyz 2 Men and Rob Banks back into the tracklist and adds Llama WIt Da Dick and Wifi. Also separates Big Data and The Internet Aint Safe. Songs after Llama Mind are bonus tracks.

1. Hop Out The Pussy I'm 21
2. Lets Hit A Lick on the White House!
3. BUMBOPUSSYRASCLAT
4. I Might Vote 4 Donald Trump
5. Trussmidaddi
6. Big Data
7. The Internet Ain't Safe.
8. Xanny Darvis Jr.
9. Rinky 2K
10. Wifi
11. URB
12. Llama Mind
13. FATAL FURY
14. Llama Wit Da Dick
15. Boyz 2 Men
16. Rob Banks",,"Jul, 2025",Clear,Peggy,
VETERAN,NOT ON VETERAN!,"This project consists of tracks that didn’t make it to the Final Cut of veteran

1. Puff Daddy
2. Does This Ski Mask Make Me Look Fat?
3. Millennium Freestyle
4. STARRCADE 97
5. Man Purse
6. Free Teanna
7. THIS SONG IS A SAFE SPACE
8. Ash My Blunt On A Suspended License / Don’t Ruin That Boy
9. The Who [Bonus]",,,Clear,Peggy,
VETERAN,Veteran,"1. 1539 N. Calvert 
2. Real Nega
3. Thug Tears
4. Dayum
5. Baby I’m Bleeding
6. My Thoughts on Neogaf Dying
7. Rock N Roll Is Dead
8. DD Form
9. Germs
10. Libtard Anthem
11. Panic Emoji
12. DJ Snitch Bitch
13. Whole Foods
14. Macaulay Culkin
15. Williamsburg
16. I Cannot Fucking Wait Until Morrissey Dies
17. Rainbow Six
18. 1488
19. Curb Stomp",,Clear,Clear,Peggy,
VETERAN,Beware Of Veteran,"1. 1539 N. Calvert 
2. Real Nega
3. Thug Tears
4. Dayum
5. Baby I’m Bleeding (Alt Mix)
6. My Thoughts on Neogaf Dying (Radio Edit)
7. Rock N Roll Is Dead
8. DD Form 214
9. Germs
10. Libtard Anthem
11. Panic Emoji
12. DJ Snitch Bitch
13. Whole Foods
14. Macaulay Culkin (Alt Mix)
15. Williamsburg (Alt Mix)
16. I Cannot Fucking Wait Until Morrissey Dies
17. Rainbow Six
18. 1488 (Album Version)
19. Curb Stomp (Alt Mix)",,,Clear,Peggy,
All My Heroes Are Cornballs,All My Heroes Are Cornballs,"1. Jesus Forgive Me, I Am A Thot
2. Kenan Vs. Kel
3. Beta Male Strategies
4. JPEGMAFIA TYPE BEAT
5. Grimy Waifu
6. PTSD
7. Rap Grow Old & Die x No Child Left Behind
8. All My Heroes Are Cornballs
9. BBW
10. PRONE!
11. Lifes Hard, Here's a Song About Sorrel
12. Thot Tactics
13. Free The Frail
14.Post Verified Lifestyle
15. BasicBitchTearGas
16. Dots Freestyle Remix
17. Buttermilk Jesus Type Beat
18. Papi I Missed U",,,Clear,Peggy,
All My Heroes Are Cornballs,All My Heroes Are Cornballs (Deluxe/USB),"1. Jesus Forgive Me, I Am A Thot (USB MIX)
2. Kenan Vs. Kel
3. Beta Male Strategies
4. Grimy Waifu (JPEGMAFIA TYPE BEAT)
5. PTSD
6. Rap Grow Old & Die x No Child Left Behind
7. All My Heroes Are Cornballs
8. BBW x The Lord Pt. 3
9. PRONE
10. A Beauty
11. Lifes Hard, Here's a Song About Sorrel
12. Thot Tactics
13. Free The Frail
14. Quicksand
15. Pre Verified Lifestyle
16. Post Verified Lifestyle
17. **** in the Pit
18. BASICBITCHTEARGAS (USB MIX)
19. DOTS FREESTYLE
20. Buttermilk Jesus Type Beat
21. Papi I Missed U
22. SUB / UNTITLED (COUNTRY SONG)",,,Clear,Peggy,
HOW TO BUILD A RELATIONSHIP,EP!,"1. BALD!
2. COVERED IN MONEY!
3. BODYGUARD!
4. BALD REMIX
5. CUTIE PIE!
6. THE BENDS! (OG MIX)
7. ROUGH 7
8. living single
9. SUPER TUESDAY!",,,Clear,Peggy,
HOW TO BUILD A RELATIONSHIP,EP! (Bandcamp),"The tracklisting for EP! on bandcamp had updated prior to the release of ""EXPERIMENTAL RAP"". Only by an additional track.

1. BALD!
2. COVERED IN MONEY!
3. BODYGUARD!
4. BALD REMIX
5. CUTIE PIE!
6. THE BENDS! (OG MIX)
7. ROUGH 7
8. living single
9. LAST DANCE!
10. SUPER TUESDAY!",,,Clear,Peggy,
HOW TO BUILD A RELATIONSHIP,EP2!,"1. LAST DANCE!
2. INTRO!
3. FIX URSELF!
4. KELTEC!
5. THIS ONES FOR US!
6. PANIC ROOM!
7. FEED HER!",,,Clear,Peggy,
HOW TO BUILD A RELATIONSHIP,EP2!,"The tracklisting for EP2! on bandcamp had updated prior to the release of ""EXPERIMENTAL RAP"". Only by the removal of track. (INTRO!)

1. LAST DANCE!
2. FIX URSELF!
3. KELTEC!
4. THIS ONES FOR US!
5. PANIC ROOM!
6. FEED HER!",,,Clear,Peggy,
LP!,LP!,,,,Clear,Peggy,
LP!,LP! (OFFLINE!) [EP],,,,Clear,Peggy,
LP!,LP! (OFFLINE) [v1],,,,Clear,Peggy,
LP!,LP! (OFFLINE) [v2],,,,Clear,Peggy,
LP!,LP! (OFFLINE) [v3],,,,Clear,Peggy,
LP!,LP! (OFFLINE) [v4],,,,Clear,Peggy,
LP!,LP! (OFFLINE) [v5],,,,Clear,Peggy,
LP!,LP! (OFFLINE) [v6],,,,Clear,Peggy,
SCARING THE HOES,SCARING THE HOES [V1],"Shown at the start of the LEAN BEEF PATTY Music video, all songs are marke as demos. Its the same as release with the only differences being some alternate track titles.

1. Lean Beef Patty
2. Steppa Pig
3. Scaring The Hoes
4. Garbage Pale Kids
5. Fentanyl Tester
6. Burfict!
7. Shut Yo Bitch Ass Up / Muddy Waters
8. Orange Juice Jones
9. Kingdom Hearts Key
10. God Loves You
11. DJ ASSAULT (Run The Jewels)
12. Jack Harlow Combo (Jack Harlow Combo Meal)
13. HOE (Heaven & Earth) (HOE (Heaven on Earth))
14. Where Ya Get ya Coke From?",,,Blurry,Peggy,
SCARING THE HOES,SCARING THE HOES,,,,Clear,Peggy,
SCARING THE HOES,SCARING THE HOES (DLC PACK),"Deluxe for SCARING THE HOES. 

1. Guess What Bitch, We Back Hoe!
2. HERMANOS
3. Tell Me Where To Go
4. NO! NO! NO! NO! NO! NO! NO! NO! NO! NO! NO! NO! NO! NO! NO! NO! NO! NO! NO! NO! NO! NO! NO! NO! NO! NO! NO! NO! NO! NO! NO! NO!",,,Clear,Peggy,
SCARING THE HOES,SCARING THE HOES (USB!),,,,Clear,Peggy,
SCARING THE HOES,OFFLINE (CHOPPED & SCREWED),"Version of OFFLINE you could play on the STH Era Peggy website, also jpegmafia.app",,,,,
SCARING THE HOES,ruinmylife,"Songs on the JPEGMAFIA Mobile Website, all tagged under ""ruinmylife""

#? Dec 4th 2023
#? JPEGMAFIA Voicemail
#? BOMB FREESTYLE",,,,,
SCARING THE HOES,I HAVE FULFILLED MY CONTRACT!,"1. WHAT THE HIP HOP HELL IS THIS?
2. BALD!
3. CUTIE PIE!
4. DIRTY!
5. NEMO!
6. COVERED IN MONEY!
7. HAZARD DUTY PAY!
8. SO SWEET!
9. WHAT KINDA RAPPIN’ IS THIS?
10. SUPER TUESDAY!
11. END CREDITS!
12. ARE U HAPPY?
13. REBOUND!
14. MANIC! (TOXIC, FUCK PEGGY!, Manic!)
15. BODYGUARD!
16. LAST DANCE!
17. OG!
18. DIKEMBE!
19. TIRED, NERVOUS & BROKE!
20. BMT! (NICE!)
21. MASTER BLASTER!
22. FOR U I WILL! (DEMO)",,,,,
I LAY DOWN MY LIFE FOR YOU,I LAY DOWN MY LIFE FOR YOU,"Tracklist for I LAY DOWN MY LIFE FOR YOU.

1. i scream this in the mirror before i interact with anyone
2. SIN MIEDO
3. I’ll Be Right There
4. it’s dark and hell is hot
5. New Black History
6. don’t rely on other men [V2]
7. vulgar display of power
8. Exmilitary
9. JIHAD JOE
10. JPEGULTRA! 
11.either on or off the drugs
12. loop it and leave it
13. Don’t Put Anything On the Bible
14. i recovered from this",,,Clear,Peggy,
I LAY DOWN MY LIFE FOR YOU,"I LAY DOWN MY LIFE FOR YOU 
(DIRECTORS CUT)","1. I.S. 231 (Intro)
2. i scream this in the mirror before i interact with anyone
3. PROTECT THE CROSS
4. SIN MIEDO
5. I'll Be Right There
6. Jordan Rules
7. its dark and hell is hot
8. New Black History
9. CULT STATUS
10. don't rely on other men [V2]
11. COKE OR DOPE?
12. vulgar display of power
13. Exmilitary
14. JPEGULTRA!
15. i lay down my life for you
16. Boy You Should Know!
17. either on or off the drugs
18. loop it or leave it
19. Don't Put Anything On The Bible
20. i recovered from this
21. ALLAH
22. What The hip hop hell is this?
23. Come & Get Me
24. Bloodline Freestyle (2022 Demo)
25. HATE
26. TAKE AN (Instrumental)
27. don't rely on other men [V1]
28. JIHAD JOE",,,Clear,Peggy,
I LAY DOWN MY LIFE FOR YOU,"I LAY DOWN MY LIFE FOR YOU 
(DIRECTOR’S CUT) [Bandcamp Version]","1. I.S. 231 (Intro)
2. i scream this in the mirror before i interact with anyone
3. PROTECT THE CROSS
4. SIN MIEDO
5. I'll Be Right There
6. Jordan Rules
7. its dark and hell is hot
8. New Black History
9. CULT STATUS
10. don't rely on other men [V2]
11. COKE OR DOPE?
12. vulgar display of power
13. Exmilitary
14. JPEGULTRA!
15. i lay down my life for you
16. Boy You Should Know!
17. either on or off the drugs
18. loop it or leave it
19. Don't Put Anything On The Bible
20. i recovered from this
21. ALLAH
22. What The hip hop hell is this?
23. Come & Get Me
24. Bloodline Freestyle (2022 Demo)
25. HATE
26. TAKE AN (Instrumental)
27. feb 1 tour idea beat
28. don't rely on other men [V1]
29. JIHAD JOE",,,Clear,Peggy,
EXPERIMENTAL RAP,EXPERIMENTAL RAP,"Standard release for ER

1. 投影の芸術
2. babygirl
3. Burning Hammer
4. $ (Money)
5. Pop this Heat
6. Meet The Dealers
7. head
8. Degenerates Prayer
9. The Ghost Of Emmett Till
10. Since I Met Ye
11. ¥ (Yen)
12. GYBB
13. TSAR BOMBA
14. Mask On
15. His Will
16. Lights
17. New Era
18. One Day It Will Be Over
19. War Over Land
20. Bridges on Fire (ft. Buzzy Lee)
21. No Strippers In Heaven
22. 內戰
23. Chat
24. The 1st Amendment
25. You will always lose money chasing women, but you will never lose women chasing money",,,Clear,Peggy,
EXPERIMENTAL RAP,EXPERIMENTAL RAP [Reissue],"Reissue when TSAR BOMBA couldn't get sample clearance.

1. 投影の芸術
2. babygirl
3. Burning Hammer
4. $ (Money)
5. Pop this Heat
6. Meet The Dealers
7. head
8. Degenerates Prayer
9. The Ghost Of Emmett Till
10. Since I Met Ye
11. ¥ (Yen)
12. GYBB
13. Valetines Day Freestyle 26
14. Mask On
15. His Will
16. Lights
17. New Era
18. One Day It Will Be Over
19. War Over Land
20. Bridges on Fire (ft. Buzzy Lee)
21. No Strippers In Heaven
22. 內戰
23. Chat
24. The 1st Amendment
25. You will always lose money chasing women, but you will never lose women chasing money",,,Clear,Peggy,
EXPERIMENTAL RAP,EXPERIMENTAL RAP [Bandcamp],"Bandcamp Version
1. 投影の芸術
2. babygirl
3. Burning Hammer
4. $ (Money)
5. Pop this Heat
6. Meet The Dealers
7. head
8. Degenerates Prayer
9. The Ghost Of Emmett Till
10. Since I Met Ye
11. ¥ (Yen)
12. GYBB
13. Valetines Day Freestyle 26
14. Mask On
15. His Will
16. Lights
17. New Era
18. One Day It Will Be Over
19. War Over Land
20. Bridges on Fire (ft. Buzzy Lee)
21. No Strippers In Heaven
22. 內戰
23. Chat
24. The 1st Amendment
25. You will always lose money chasing women, but you will never lose women chasing money
26. u are not alone",,,Clear,Peggy,
Ongoing,JP7*,1. NDA,,,Clear,Peggy,
