Era,"Name 
(Check Out The Website Tracker!)",Notes,"Copy
Length",Date,Available Length,Quality,Link(s)
,"Death Grips
(Death Grips EP)","(December 21th, 2010) (Band is Formed in Sacramento, California)
(March 8th, 2011) (Death Grips Is Released)",,,"Death Grips is the debut self-titled EP from Death Grips. The EP consists of six tracks the later three of which were later renamed and re-released the following month on Exmilitary, on April 25, 2011, the EP was removed from thirdworlds.net, however, Full Moon and Face Melter remained available for a short time on thirdworlds.net. ""Full Moon (Death Classic)"" was released as the band's debut single on April 27, 2011, and is the only song from the EP still available on streaming.",,
Death Grips,Death Grips,"Death Grips Debut EP Released on March 2th, 2011. 6 Track in total",25:01,"Mar 8, 2011",Full,CD Quality,https://imgur.gg/f/ODjMDhm
,"Exmilitary
(Ex-Military, Ex Military)","(March 8th, 2011) (Death Grips Is Released)
(April 25th, 2011) (Exmilitary Is Released)",,,"Exmilitary is the first mixtape from Death Grips. released on April 25th, 2011, it features 13 songs, 3 of which were on their debut EP, which was released on March 8th, 2011. The second song on the album, “Guillotine”, became the one of most popular song for the band in its early years. The mixtape was released on streaming but was removed due to samples that were not cleared, but Guillotine was released as a single on streaming.",,
Exmilitary,Exmilitary,"Exmilitary is the debut full length mixtape from Death Grips. Released on April 25th, 2011. 13 Track in total.",49:14,"Apr 25, 2011",Full,Lossless,https://imgur.gg/f/Pg66glO
Exmilitary,Exmilitary [Black Google Version],"Version that is given if you bounce every song from the, Black Google Stems, you alternative version of Beware, Guillotine, Spread Eagle Cross the Block, Lord of the Game, Takyon (Death Yon), Klink, Culture Shock, Thru The Walls, Blood Creepin.",34:03,"Sep, 2011",Full,High Quality,https://imgur.gg/f/SH3iLIc
Exmilitary,Exmilitary [2011 Release Vinyl Copy],"Full FLAC 44.1 kHz/16Bit Rip of the first vinyl press of ""Exmilitary"" that has been officially released. On December, 2011. Certain tracks have been edited due to time constraints of an LP. There is a lot of noise, but it's probably due to the poor ripping of the vinyl.",47:26,"Dec, 2011",Full,Lossless,https://imgur.gg/f/F7EVOwU
,Live from Death Valley,"(April 25th, 2011) (Exmilitary Is Released)
(June 28th, 2011) (Live from death Valley is released)",,,"A two track single that was released as part of Deathbomb’s digital single program. In July of 2022, the EP was given a wider release on streaming services",,
Live from Death Valley,Live from Death Valley,"EP Released on June 28, 2011. 2 Track in total",2:53,"Jun 28, 2011",Full,Lossless,https://imgur.gg/f/Gb1cuP7
,The Money Store,"(April 25th, 2011) (Exmilitary Is Released)
(April 14th, 2012) (The Money Store is leaked to YouTube)
(April 24th, 2012) (The Money Store Is Released)",,,"The Money Store is the debut studio album from Death Grips. It is the follow-up to mixtape Exmilitary. The album was officially released on April 24, 2012, but had been leaked to YouTube on April 14, sold by the band at Coachella on cassette on April 20, and made available on vinyl on April 21 to celebrate Record Store Day. The Money Store was announced alongside the group's second album, No Love, which was later renamed to No Love Deep Web and released on October 1th, 2012.",,
The Money Store,The Money Store [Unmastered Copy],"The unmastered copy of The Money Store was released on August 12, 2012 as part of No Love Deep Web ARG. It was released as a free, FLAC download to participants who completed the first stage of the ARG, accompanied by the message ""stay noided.""",41:22,"Aug 12, 2012",Full,Lossless,https://imgur.gg/f/lYqAxDp
The Money Store,The Money Store,"Death Grips major label debut and first studio album. It was released on April 24, 2012. 13 Track in total.",41:22,"Apr 24, 2012",Full,Lossless,https://imgur.gg/f/XeZ5x7f
The Money Store,The Money Store [Vinyl Rip],"Full FLAC 96.0 kHz/24Bit Rip vinyl of ""The Money Store"". Contains a different master, more polished.",41:22,"Apr 21, 2012",Full,Lossless,https://imgur.gg/f/LV1P2fQ
,"No Love Deep Web
(No Love)","(April 24th, 2012) (The Money Store Is Released)
(August 12th to August 16th, 2012) (The No Love Deep Web ARG Happen)
(October 1th, 2012) (No Love Deep Web Is Released)",,,"No Love Deep Web, is the second studio album from Death Grips, it was recorded from May–August 2012 and released October 1, 2012, leaked by the band themselves after a dispute with their label over the release date label dropped them that November. It was promoted via an Alternate Reality Game from Aug 12–16, built around encrypted files hosted on Tor. Day 1 revealed the original planned release date (Oct 23) and an unmastered copy of The Money Store; Day 5 revealed an instrumental version of the same album.",,
No Love Deep Web,No Love,"No Love Deep Web, was originally titled No Love and seven tracks were cut from the album, The group originally recorded 20 tracks in 2012 but narrowed down to 13 tracks for the album.",?:??,2012,Confirmed,Not Available,N/A
No Love Deep Web,No Love Deep Web,"No Love Deep Web is the second studio album from Death Grips. It was released on October 1th, 2012. 13 Track in total.",45:48,"Oct 1, 2012",Full,Lossless,https://imgur.gg/f/1YZTDQc
No Love Deep Web,No Love Deep Web (Vinyl Rip),"Full FLAC 192.0 kHz/24Bit Rip vinyl of ""No Love Deep Web"".",,,Full,Lossless,https://imgur.gg/f/qbkWQ1E
,Government Plates,"(October 1th, 2012) (No Love Deep Web Is Released)
(November 13th, 2013) (Goverment Plates Is Released)",,,"Government Plates is the third studio album by Death Grips. It was released on November 13, 2013, And every track had a music video. On May 10, 2013, it was announced that Zach Hill was working Goverment Plates while writing, directing, and scoring a film. On July 8, it was announced that Death Grips had launched their own record label, Third Worlds. It was also revealed that the album would be released the following year. On August 21, the album's only single ""Birds"" was made available. The song has a notably a guitar riff played by actor Robert Pattinson, who used Zach Hill's iPhone to record it.",,
Government Plates,Government Plates,"Goverment Plates is the third studio album from Death Grips. It was released on November 13th, 2013. 11 Track in total.",,"Nov 13, 2013",Full,Lossless,https://imgur.gg/f/JarKXax
Government Plates,Government Plates (Record Store Day Vinyl Rip),"Full FLAC 96.0 kHz/24Bit Rip vinyl of ""Goverment Plates"" that has been officially pressed. On Nov 28, 2014.",,"Nov 28, 2014",Full,Lossless,https://imgur.gg/f/nsH0gCf
,Fashion Week,"(June 8th, 2014) (Niggas On The Moon Is Released)
(January 4th, 2015) (Fashion Week Is Released)",,,"Fashion Week is an instrumental album from Death Grips. It was released, on January 4, 2015, without any prior announcement. It was the band's first release after their supposed disbandment in 2014, and also the first release to not feature vocals from Ride. Fashion Week was described by the group as a ""soundtrack."" The song titles, spell out the phrase ""JENNY DEATH WHEN"".",,
Fashion Week,dgjd-8songs,"OG Filename: dgjd-8song.zip
dgjd-8songs is a leaked zip containing eight instrumental tracks. The leak occurred in September of 2014. 8 Tracks in total.",,"Sep 2, 2014",Full,CD Quality,https://imgur.gg/f/ygICfIp
Fashion Week,Fashion Week,"Fashion Week is a surprise instrumental album, self-released for free on January 4, 2015. 14 Tracks in total.",,"Jan 4, 2015",Full,Lossless,https://imgur.gg/f/cDX93Tt
,"The Powers That B
(Niggas On The Moon, Jenny Death)","(June 8th, 2014) (Niggas On The Moon Is Released)
(January 4th, 2015) (Fashion Week Is Released)
(March 19th, 2015 (Jenny Death is leaked) 
(March 30th, 2015) (That Powers That B is Released)",,,"The Powers That B is the fourth studio album, and first double album, from Death Grips. The album's first disc, Niggas on the Moon, was released on June 8, 2014. The first disc's instrumentation was performed on a Roland V-Drum kit by Zach Hill and features chopped vocal samples of Björk on every track. The second disc, Jenny Death, leaked online on March 19, 2015. It features Nick Reinhart of Tera Melos, and Hill's former bandmate, Julian Imsdahl, on guitar and organ respectively. The album as a whole was officially released on March 31, 2015.",,
,Niggas On The Moon,,,,,,
The Powers That B,Niggas On The Moon,"Niggas On The Moon is the four studio album from Death Grips. It was released on June 8th, 2014. 8 Track in total.",31:28,"June 8, 2014",Full,Lossless,https://imgur.gg/f/44Y3Bsp
,Jenny Death,,,,,,
The Powers That B,Jenny Death,"Jenny Death is the fifth studio album from Death Grips. It was released on March 31th, 2015. 10 Track in total.",49:16,"Mar 30, 2015",Full,Lossless,https://imgur.gg/f/oVD81Wd
,The Powers That B,,,,,,
The Powers That B,The Powers That B,"The Powers That B is the Six and the first double disc studio album from Death Grips. It was released on March 31th, 2015. 18 Track in total.",1:20:45,"Mar 30, 2015",Full,Lossless,https://imgur.gg/f/WIPW4zh
The Powers That B,The Powers That B [ALAC Rip],Apple Digital Master copy.,1:20:45,"Mar 30, 2015",Full,Lossless,https://imgur.gg/f/xQofIj2
,"Interview 2016
(Interview)","(March 31th, 2015) (Jenny Death is Released)
(March 22th, 2016) (Interview 2016 is Released)",,,"Interview 2016 is the second EP from Death Grips, released on March 22, 2016. Consisting of six instrumental tracks, the EP acts as a soundtrack album to a previously released interview video with host Matthew Hoffman, which featured the tracks instead of the interview audio",,
Interview 2016,Interview 2016,"Interview 2016 is the second EP from Death Grips, released on March 22, 2016. Six tracks in total.",22:23,"Mar 22, 2016",Full,Lossless,https://imgur.gg/f/rdiFJoc
,Bottomless Pit,"(March 22th, 2016) (Interview 2016 is Released)
(April 29th, 2016) (Bottomless Pit Is Leaked on Soundcloud)
(May 6th, 2016) (Bottomless Pit Is Released)",,,"Bottomless Pit is the fifth studio album from Death Grips it was released on May 6, 2016, On October 21, 2015, Death Grips uploaded a video titled Bottomless Pit. It features footage from 2013 of the late actress Karen Black reciting lines from a script that Zach Hill wrote. They also said that this would be the title for their upcoming album. Later, on December 16, the group posted a tweet ""it won't lit"", revealed to be a lyric from ""BB Poison"", The cover art, tracklist were revealed on March 18, followed on April 19 by the announcement of a May 6 release date and a link for a document containing lyrics for each track on the album. On April 29, 2016, the album was leaked on SoundCloud.",,
Bottomless Pit,Bottomless Pit,"Bottomless Pit is the Six studio album from Death Grips. It was released on April 29th, 2016. 13 Track in total.",39:21,"Apr 29, 2016",Full,Lossless,https://imgur.gg/f/1LjGhbu
Bottomless Pit,Bottomless Pit [ALAC Rip],Apple Digital Master copy.,39:21,"Apr 29, 2016",Full,Lossless,https://imgur.gg/f/NEeiPzC
,Year of The Snitch,"(May 22th, 2017) (Steroids Crouching Tiger Hidden Gabber) is Released)
(June 22th, 2018) (Year Of The Snitch Is Released)",,,"Year of the Snitch is the sixth studio album by Death Grips, released on June 22, 2018, With the release of Steroids, Death Grips announced they were ""working on the new Death Grips album"". The band shared that they had been working on the album with new collaborators, including Lucas Abela, film director Andrew Adamson, and Justin Chancellor. The band posted a black and white image of text reading ""Year of the Snitch - new album coming soon..."" on their webpage on March 22, 2018. Death Grips shared the album artwork on April 6, 2018. The tracklist for was released on April 11, through a video, the video consisted of the track names being sent via SMS through a screen recorder.",,
Year Of The Snitch,Year Of The Snitch,"Year Of The Snitch is the seven studio album from Death Grips. It was released on June 22th, 2018. 13 Track in total.",37:14,"Jun 22, 2018",Full,Lossless,https://imgur.gg/f/62gdaPJ
Update Notes,,Current Tracker Editors,,,Other,,
Started The live tab,,UnLuckyJanek,,"Tracker Website
(Stream or Download Entire Tracker)",,,
Started Samples Tab,,,,Original template provided by the Ye Tracker,,,
,,,,"Other Trackers
(There are over 574+ artists with Trackers just like this!)",,,
