Era,Name,Notes,Format,Image,Type,Use,Link(s)
Death Grips,Death Grips,"OG Filename: deathgrips-ep
Front cover of ""Death Grips"".",Digital,,Front Cover,Used,https://a1.mzstatic.com/r40/Music/d5/2f/9a/mzi.xmqjvgby.jpg
Death Grips,Death Grips [Alt.],An inverted version of the cover above.,Digital,,Front Cover,Alternate,https://i.ibb.co/tT20Qg7C/Death-Grips-2.jpg
Death Grips,Death Grips [Original Image],"The original image of the crow that was used on the Death Grips EP cover, without the edits, taken from the Full Moon music video.",Photo,,Orignal Image,Other,https://i.ibb.co/0RFPVnD1/1456988630038.jpg
Exmilitary,Exmilitary,"OG Filename: Death-Grips-Exmilitary
Front cover of ""Exmilitary""
The font's used on this cover are, Arial & Old English Five.",Digital,,Front Cover,Used,https://i.ibb.co/7t2X5hcx/Death-Grips-Exmilitary.jpg
Exmilitary,Exmilitary [Back Cover],"Back cover of ""Exmilitary"".",Scan,,Back Cover,Used,https://i.ibb.co/5Wqqq4W8/Exmilitary-Back-Cover.jpg
Exmilitary,Exmilitary [Alt.],A side angle of a bearded man With the same styled font & paper folds,Digital,,Front Cover,Alternate,https://i.ibb.co/357T48wY/Exmilitary-2.png
Exmilitary,Guillotine (It Goes Yah),"Single cover of ""Guillotine"".",Digital,,Front Cover,Used,https://a1.mzstatic.com/r40/Music/f9/f7/f3/mzi.utdswkdx.jpg
Exmilitary,Takyon (Death Yon),"Single cover of ""Takyon (Death Yon)"".",Digital,,Front Cover,Used,https://i.ibb.co/nTQQdzq/5-Takyon-Death-Yon.jpg
Exmilitary,Death Grips (Death Davis) [Thumbnail],The thumbnail of Death Grips (Death Davis).,Photo,,Front Cover,Used,https://i.ibb.co/7tDg8pSv/Death-Grips-Death-Davis.jpg
Exmilitary,Black Google Stems,"OG Filename: black-google-cover-01
Front cover of ""Black Google Stems"".",Digital,,Front Cover,Used,https://i.ibb.co/hJGkxsWg/black-google-cover-01.jpg
Exmilitary,Exmilitary [Original Image],"The orignal photo that was used on the exmilitary cover, the person eventually was identified as ""Bearded Man at Oenpelli"", taken by Douglass Baglin in 1968 for his book ""The Dark Australians"" by him and David R. Moore.",Photo,,Orignal Image,Unused,https://i.ibb.co/V0P0DJ31/Bearded-Man-at-Oenpelli-900x1300.png
Exmilitary,Exmilitary [Original Image],"A side angle of ""Bearded Man at Oenpelli"", that was used on the alternative cover for the album.",Photo,,Orignal Image,Unused,https://i.ibb.co/Zzf6sYnp/Bearded-Man-at-Oenpelli-side-profile-1000.png
Live from Death Valley,Live from Death Valley,"Front cover of ""Live from Death Valley"".",Digital,,Front Cover,Used,https://a1.mzstatic.com/r40/Music122/v4/e8/95/07/e89507a0-dbac-6b03-b0bc-0961fbd89a34/859763141129_cover.jpg
Live from Death Valley,Live from Death Valley [Alt.],"OG Filename: livefromdeathvalley
Alternative cover of ""Live from Death Valley"".",Digital,,Front Cover,Alternate,https://i.ibb.co/xt0k6Kjv/livefromdeath-valley.jpg
The Money Store,The Money Store,"OG Filename: money-store-cover-jpg-1200
Front cover of ""The Money Store"".",Digital,,Front Cover,Alternate,https://i.ibb.co/MDsmKkSd/The-Money-Storemoney-store-cover-jpg-1200-jpg.jpg
The Money Store,The Money Store [Censored],"Cencored front cover of ""The Money Store"".
Also single cover for ""Fever (aye aye)"".
The font used on this cover is ""Happy Time Two""",Digital,,Front Cover,Used,https://i.ibb.co/vCC0Qmrv/The-Money-Storemoney-store-cover-jpg-1500.jpg
The Money Store,The Money Store [Back Cover],"Back cover of ""The Money Store"".",Scan,,Back Cover,Used,https://i.ibb.co/zTxHBRY9/The-Money-Store-Back-Cover.jpg
The Money Store,The Money Store [Rough Draft Back Cover 1],"OG Filename: money-store-back-jpg-1200
Posted by Death Grips on their website. Noticeably features an early tracklist for The Money Store.",Digital,,Back Cover,Unused,https://i.ibb.co/LXRwKnVS/money-store-back-jpg-1200.jpg
The Money Store,The Money Store [Full Drawing],"OG Filename: money store whole drawing 02 strip
Full drawing of ""The Money Store"" cover.",Digital,,Other,Other,https://i.ibb.co/6Rm77P7f/money-store-whole-drawing-02-strip.jpg
The Money Store,The Money Store [Full Drawing #2],"OG Filename: money store whole drawing 02
Full drawing of the money store cover, but with a white background.",Digital,,Other,Other,https://i.ibb.co/27p8drpG/money-store-whole-drawing-02.jpg
The Money Store,Get Got,"Front cover of ""Get Got"".",Digital,,Front Cover,Used,https://i.ibb.co/Rpb5dJbQ/1-Get-Got.png
The Money Store,Blackjack,"Cover Art for the single,""blackjack"". Depicts a .5 mg klonopin (generic) grey pill, with numbers 1 & 2 labeled on top and bottom",Digital,,Front Cover,Used,https://i.ibb.co/6cxSx2nx/4-Blackjack-2.jpg
The Money Store,Blackjack [Alt.],"Cover Art for the single,""blackjack"". Depicts a .5 mg klonopin (generic) grey pill, with numbers 1 & 2 labeled on top and bottom",Digital,,Front Cover,Alternate,https://i.ibb.co/ns1DvkMg/4-Black-Jack.png
The Money Store,Lost Boys,"Front cover of ""Lost Boys"".",Digital,,Front Cover,Used,https://i.ibb.co/4ZC1tXC4/3-Lostboys.png
The Money Store,I've Seen Footage,"Front cover of ""I've Seen Footage"".",Scan,,Front Cover,Used,https://i.ibb.co/7N4xH3Vw/R-7081386-1656113313-3369.png
The Money Store,I've Seen Footage [Original Image],"Death Grips white jacket photo that was used on the I've Seen Footage Radio Edit, & CD Release, and as a profile picture on many their socials.",Photo,,Orignal Image,Used,https://i.ibb.co/yFxDWtW0/isf-1800.jpg
The Money Store,True Vulture,"Front cover of ""True Vulture"".",Digital,,Front Cover,Used,https://i.ibb.co/DDsjf0jc/True-Vulture.jpg
The Money Store,True Vulture [Alt.],"Cover for the Song, ""True Vulture"" sometimes goes by ""True Vulture Bare"". Depicts an Inverted photo of a full white work setup. This photo may also be seen on The Money Store Vinyl",Digital,,Front Cover,Alternate,https://i.ibb.co/dsCpP9Tp/True-Vulture-Bare.jpg
The Money Store,@deathgripz,"Front cover of ""@deathgripz""",Digital,,Front Cover,Used,https://i.ibb.co/wZ33YTC1/deathgripz.jpg
The Money Store,Death Grips Old Vimeo Profile Picture,"Death Grips old vimeo profile picture from 2012, it also made an appearance in the I've Seen Footage video.",Digital,,Profie Picture,Other,https://i.ibb.co/cXMB4J87/r0tcvwrxcko91.jpg
The Money Store,Title Death Grips Dark [Asset #1],"OG Filename: title death grips DARK
Death Grips text that was used on the back cover of ""The Money Store"".",Digital,,Other,Other,https://i.ibb.co/tT6MNF9N/title-death-grips-DARK.jpg
The Money Store,Text Death Grips [Asset #2],"OG Filename: title death grips
Death Grips text that was used on the back cover of ""The Money Store"".",Digital,,Other,Other,https://i.ibb.co/DfcfkJFQ/title-death-grips.jpg
The Money Store,The Money store Text Dark [Asset #3],"OG Filename: title the money store DARK
The dark title logo from ""The Money Store"" back cover.",Digital,,Other,Other,https://i.ibb.co/8nz2vPxm/title-the-money-store-DARK.jpg
The Money Store,The Money store Text [Asset #4],"OG Filename: title the money store
The title logo from ""The Money Store"" front and back cover.",Digital,,Other,Other,https://i.ibb.co/gLF34tXq/title-the-money-store.jpg
The Money Store,Death Grips Logo [Asset #5],"OG Filename: death grips font logo
Back & White Death Grips logo, that was used on the ""Lost Boys"" cover.",Digital,,Other,Other,https://i.ibb.co/GfsgCR31/death-grips-font-logo.jpg
No Love Deep Web,No Love Deep Web,"OG Filename: nldw-cover-1024
Front cover of ""No Love Deep Web"".",Photo,,Front Cover,Used,https://i.ibb.co/WN4gGXk9/nldw-cover-1800.jpg
No Love Deep Web,No Love Deep Web [Censored],"Due to the explicit album artwork, Death Grips used a censored version, blurring the penis with a mosaic blur, this cover is the well known cover used for Apple Music, & etc.",Digital,,Front Cover,Used,https://a1.mzstatic.com/r40/Music118/v4/d5/a0/7e/d5a07e73-cc45-6b50-7826-797344228683/00602537531790.rgb.jpg
No Love Deep Web,No Love Deep Web [Censored],"Due to the explicit album artwork, Death Grips used another censored version, replacing the penis with a black bar, was released through their YouTube and SoundCloud channels.",Digital,,Front Cover,Used,https://i.ibb.co/tPMc0QqX/No-Love-Deep-3.png
No Love Deep Web,No Love Deep Web [Alt.],"Several days after the album's initial release, the group released alternate artwork containing an image of Ride wearing tube socks with the words ""SUCK MY DICK"" printed across the ankle of them",Photo,,Front Cover,Alternate,https://i.ibb.co/nqPRF4Rt/No-Love-Deep-5.jpg
No Love Deep Web,No Love Deep Web [Alt.],"10 years later after the initial release of ""No Love Deep Web"" A vinyl was put out but it had alternate artwork, depicts Ride standing on a high ledge holding middle-fingers up as he looks down at the forest & floor below him.",Photo,,Front Cover,Used,https://i.ibb.co/ccz6LNSt/No-Love-Deep-4.jpg
No Love Deep Web,No Love Deep Web [Back Cover],"Back cover of ""No Love Deep Web"".",Scan,,"Back 
Cover",Used,https://i.ibb.co/SwjGb6yV/Nolovedeepwebbackcover.jpg
No Love Deep Web,No Hands [Thumbnail],The thumbnail for the No Hands series.,Digital,,Front Cover,Used,https://i.ibb.co/tPxYY7z8/No-Hands-1.jpg
No Love Deep Web,Prodigy - Firestarter (Death Grips Remix),"Front cover of ""Prodigy - Firestarter (Death Grips Remix)""",Digital,,Front Cover,Used,https://i.ibb.co/TMxkLGBF/Prodigy-Firestarter-Death-Grips-Remix.png
No Love Deep Web,Andy Morin - Codenamed Dancer,"Front cover of ""Codenamed Dancer""",Digital,,Front Cover,Used,https://i.ibb.co/9HQPBPG5/folder-octet-stream.jpg
No Love Deep Web,Björk – Biophilia Remixes | Part Two [Vinyl Cover],"Front cover of ""Björk – Biophilia Remixes II""",Scan,,Front Cover,Used,https://i.ibb.co/35gPCHT2/R-3565886-1438524957-6852.jpg
No Love Deep Web,Björk – Biophilia Remixes | Part Two [Vinyl Cover],"Back cover of ""Björk – Biophilia Remixes II""",Scan,,Back Cover,Used,https://i.ibb.co/SXZvMwgx/R-3565886-1438524961-3127.jpg
No Love Deep Web,Björk – Biophilia Remixes | Part Two [CD Cover],"Front cover of ""Björk – Biophilia Remixes II""",Scan,,Front Cover,Used,https://i.ibb.co/KpFbgXzR/R-3570356-1439829349-8305.jpg
No Love Deep Web,Björk – Biophilia Remixes | Part Two [CD Cover],"Back cover of ""Björk – Biophilia Remixes II""",Scan,,Back Cover,Used,https://i.ibb.co/d4Nby2CK/R-3570356-1439829297-5336.jpg
No Love Deep Web,Björk – Biophilia Remixes | Part Two [Vinyl Cover],"Front cover of ""Björk – Biophilia Remixes II""",Scan,,Front Cover,Used,https://i.ibb.co/hxVfqynp/e-AXMPs-V.jpg
No Love Deep Web,Björk – Biophilia Remixes | Part Two [CD Cover],"Front cover of ""Björk – Biophilia Remixes II""",Scan,,Front Cover,Used,https://i.ibb.co/d49SfdST/q-BX2dr-P.jpg
No Love Deep Web,Björk – Biophilia Remixes | Part Two [Streaming Cover],"Front cover of ""Björk – Biophilia Remixes II"".",Digital,,Front Cover,Used,https://a1.mzstatic.com/r40/Music126/v4/75/b6/be/75b6be07-d577-955f-655a-5f96e64850fb/5016958146535.png
Government Plates,Government Plates,"OG Filename: government-plates-cover
Front cover of ""Government Plates"".",Digital,,Front Cover,Used,https://a1.mzstatic.com/r40/Music124/v4/bf/11/15/bf111508-592d-feda-eb1c-b7d348973127/602537705689_cover.jpg
Government Plates,Government Plates [Alt.],"The Same Cover art as the original, but it is crushed and flipped to the side of the cover",Photo,,Front Cover,Alternate,https://i.ibb.co/Ps9CJjcD/Government-Plates-4.jpg
Government Plates,Government Plates [Vinyl Cover],Cover used for the vinyl.,Digital,,Front Cover,Used,https://i.ibb.co/1Y2YQSLb/Government-Plates-2.png
Government Plates,Government Plates [Vinyl Cover],Cover used for the vinyl.,Digital,,Back Cover,Used,https://i.ibb.co/ynV6dc1T/Government-Plates-Back-Cover.png
Government Plates,Government Plates [Vinyl Cover],Cover used for the vinyl.,Digital,,Front Cover,Used,https://i.ibb.co/hF9yRRZ0/Government-Plates-3.png
Government Plates,Birds,The cover art for Birds. It depicts a picture of Ride walking on a road.,Digital,,Front Cover,Used,https://i.ibb.co/b5Vxx1C0/4-Birds.jpg
Government Plates,"The Bug - Fuck A Bitch 
(feat. Death Grips)","Front cover of ""Fuck A Bitch"".",Digital,,Front Cover,Used,https://static.qobuz.com/images/covers/91/41/5021392904191_org.jpg
Niggas On The Moon,Niggas On The Moon,"OG Filename: niggas-on-the-moon-1800px
Front cover of ""Niggas On The Moon"".",Digital,,Front Cover,Used,https://i.ibb.co/hF2w4Psn/niggas-on-the-moon-1800px.jpg
Niggas On The Moon,Niggas On The Moon,Same as the cover above except with the styling of the Jenny Death cover.,Digital,,Front Cover,Alternate,https://i.ibb.co/MkC6ZYJn/Niggas-On-The-Moon-2.png
Niggas On The Moon,Niggas On The Moon [Tracklist],"CD Tracklist of ""Niggas On The Moon"".",Scan,,Tracklist,Used,https://i.ibb.co/TMqbFmMW/10Panel2.png
Niggas On The Moon,Death Grips Old Facebook Profile Picture,Death Grips old facebook profile picture from 2014.,Digital,,Profie Picture,Other,https://i.ibb.co/5x8PvfTX/1654157-707124242666091-249971649-n.jpg
Niggas On The Moon,Death Grips Old Facebook Profile Picture,Death Grips old facebook profile picture from 2014.,Photo,,Profie Picture,Other,https://i.ibb.co/hJDbYxfR/1898043-700912826620566-820844839-n.jpg
Niggas On The Moon,Death Grips Old Facebook Profile Picture,Death Grips old facebook profile picture from 2014.,Photo,,Profie Picture,Other,https://i.ibb.co/zHh9Jdzf/464205818-9104029139642184-3469952160167404812-n.jpg
Niggas On The Moon,Death Grips Old Facebook Profile Picture,"Death Grips old facebook profile picture from 2014, that just a still frame from No Love music video.",Digital,,Profie Picture,Other,https://i.ibb.co/3yw96Vjs/464015699-9093013787410386-2200171548755191455-n.jpg
Jenny Death,Jenny Death,"Front cover of ""Jenny Death"".",Digital,,Front Cover,Used,https://i.ibb.co/C3vy3BGK/Jenny-Death-1.png
Jenny Death,Jenny Death,Same as the cover above except with the styling of the NOTM cover,Digital,,Front Cover,Alternate,https://i.ibb.co/SWLphrf/Jenny-Death-2.png
Jenny Death,Jenny Death [Tracklist],"CD Tracklist of ""Jenny Death"".",Scan,,Tracklist,Used,https://i.ibb.co/tTpsf8sF/15Panel7.png
Jenny Death,On GP,"Front cover of ""ON GP"".",Photo,,Front Cover,Used,https://i.ibb.co/yFtCVh4k/Death-Grips-On-GP.jpg
Jenny Death,ON GP [Alt.],"Alternate cover for ""ON GP!"" found on a Youtube.",Digital,,Front Cover,Alternate,https://i.ibb.co/8LsfY2xy/9-ON-GP.png
Jenny Death,Inanimate Sensation,"Front cover of ""Inanimate Sensation"".",Digital,,Front Cover,Used,https://i.ibb.co/N6FZhwGk/Death-Grips-Inanimate-Sensation.jpg
The Powers That B,The Powers That B,"Front cover of ""The Power That B"".",Digital,,Front Cover,Used,https://a1.mzstatic.com/r40/Music114/v4/fe/fc/c2/fefcc2ef-2b9d-a550-34d4-f2386c588bd3/00602547120045.rgb.jpg
The Powers That B,The Powers That B [Clean],"OG Filename: death bubble cover
Front cover of ""The Powers That B"".",Digital,,Front Cover,Used,https://i.ibb.co/dsNcJLJ3/death-bubble-cover.jpg
The Powers That B,The Powers That B [Back Cover],"Back cover of ""The Power That B"".",Digital,,Back Cover,Used,https://i.ibb.co/6chJnG0D/The-Power-That-B-Back-Cover.png
The Powers That B,The Powers That B [Asset #1],"An edited version of the pool light, looks like the png for the metal rim, this version is found in the I've Seen Footage Music Video",Digital,,Other,Other,https://i.ibb.co/VW2gVnVx/The-Power-That-B-Asset-2.jpg
The Powers That B,The Powers That B [Asset #2],"The Final Cover Unedited For ""The Powers That B"", Depicts A Pool Light that Zach Hill was laying down on in the ""Inanimate Sensation"" Music Video",Photo,,Other,Other,https://i.ibb.co/V0jVZJbN/The-Power-That-B-Asset-1.png
The Powers That B,The Powers That B [Asset #3],"A small edited version of the pool light, this version is found in the I've Seen Footage Music Video.",Digital,,Other,Other,https://i.ibb.co/RG0RDkjq/The-Power-That-B-Asset-3.jpg
The Powers That B,The Powers That B [Tour Poster],"OG Filename: dg-natour-lg
Poster for the Death Grips 2015 North American Tour.",Digital,,Promo,Used,https://i.ibb.co/1Yypb3Qk/dg-natour-lg.jpg
Fashion Week,Fashion Week,"Front cover of ""Fashion Week"".",Photo,,Front Cover,Used,https://a1.mzstatic.com/r40/Music124/v4/24/f9/32/24f93232-f7b1-d19b-1a84-93a5742f6988/859717285169_cover.jpg
Fashion Week,Fashion Week,"OG Filename: fashion-week-cover
The Cover Art For their Soundtrack Album, ""Fashion Week"". Depicts Artist from The Money Store (Sua Yoo) sitting down on the Silver Lagacy Casino Chair.",Photo,,Front Cover,Used,https://i.ibb.co/bjwVqgFt/fashion-week-cover.jpg
Interview 2016,Interview 2016,"OG Filename: interview
Front cover of ""Interview 2016"".",Photo,,Front Cover,Used,https://a1.mzstatic.com/r40/Music49/v4/88/86/a5/8886a586-faa4-439b-a763-f8183ffaba30/859716937861_cover.jpg
Interview 2016,Interview 2016 [Back Cover],"A photo taken of Matthew Hoffman AFTER the Interview 2016 Video. 
Also been used for the Fashion Week / Interview 2016 Vinyl",Scan,,Back Cover,Used,https://i.ibb.co/whLbPG6d/Interview2016-Back-Cover.png
Interview 2016,Interview 2016 [Inside Packaging],Fashion Week / Interview 2016 vinyl inner sleeve.,Scan,,Other,Used,https://imgur.gg/f/FWTYZXs
Bottomless Pit,Bottomless Pit,"Front cover of ""Bottomless Pit"".",Photo,,Front Cover,Used,https://a1.mzstatic.com/r40/Music114/v4/20/12/dd/2012ddca-86dd-713a-f87e-23bdd65aef35/00602547914545.rgb.jpg
Bottomless Pit,Bottomless Pit [Clean],"OG Filename: bottomless pit cover 01
Front cover of ""Bottomless Pit"".
Taken with an iPhone S4",Photo,,Front Cover,Used,https://i.ibb.co/35qLRQjC/bottomless-pit-cover-01.jpg
Bottomless Pit,Bottomless Pit,"Back cover of ""Bottomless Pit"".",Scan,,Back Cover,Used,https://i.ibb.co/YBNnyd4m/cd26b9477664208ca86e61da6a3e516e-864x864x1.png
Bottomless Pit,Hot Head,Just a black screen,Digital,,Front Cover,Used,https://i.ibb.co/YBNnyd4m/cd26b9477664208ca86e61da6a3e516e-864x864x1.png
Bottomless Pit,Bottomless Pit [Alt],Alternative cover for Bottomless Pit that was posted on instagram by Death Grips,Digital,,Front Cover,Alternate,https://i.ibb.co/YFrc5PX7/232086107775664508-13616876551000.jpg
Bottomless Pit,Bottomless Pit [Animated Cover],Moving Album cover made for the Youtube of Bottomless Pit.,Digital,,Other,Other,https://imgur.gg/f/5YCqkhZ
Steroids,Steroids (Crouching Tiger Hidden Gabber),"OG Filename: crouching-art-square-2048
Front cover of ""Steroids (Crouching Tiger Hidden Gabber)"".",Photo,,Front Cover,Used,https://a1.mzstatic.com/r40/Music117/v4/b6/66/fa/b666fa56-c175-7bc4-9f55-79a6ec624c15/859721186018_cover.jpg
Steroids,Steroids (Crouching Tiger Hidden Gabber) [Vinyl Cover],"The Vinyl Cover of the single, ""Steroids"" with Additional things such as a white outline, parental Advisory, and the word death grips displayed in big letters of font.",Scan,,Front Cover,Used,https://i.ibb.co/k7Jwg79/Steroids-Crouching-Tiger-Hidden-Gabber-2.png
Steroids,Steroids (Crouching Tiger Hidden Gabber) [Back Cover],"Back cover of ""Steroids (Crouching Tiger Hidden Gabber)"".",Scan,,Back Cover,Used,https://i.ibb.co/WvdR98xf/RSDback.png
Year Of The Snitch,Year Of The Snitch,"OG Filename: yots-1024
Front cover of ""Year Of The Snitch"".
Also the single cover for Streaky, Flies, Hahaha.",Digital,,Front Cover,Used,https://a1.mzstatic.com/r40/Music115/v4/28/4d/9c/284d9ca0-2726-3536-5179-beaf16f1f8bb/00602567764069.rgb.jpg
Year Of The Snitch,Year Of The Snitch,"Back cover of ""Year Of The Snitch"".",Scan,,Back Cover,Used,https://i.ibb.co/rR77DJ5K/yots-back.jpg
Year Of The Snitch,Year Of The Snitch [Vinyl Cover],Cover used for the vinyl.,Digital,,Front Cover,Used,https://i.ibb.co/gZytswFP/Year-Of-The-Snitch-2.png
Year Of The Snitch,Year Of The Snitch [Promo Art],Promotional artwork used for Year Of The Snitch.,Digital,,Promo,Other,https://i.ibb.co/prbBcYCS/29498082-1900192136692623-253997874964344098-n.jpg
Year Of The Snitch,More Than The Fairy,"Front cover of ""More Than The Fairy"".",Photo,,Back Cover,Used,https://a1.mzstatic.com/r40/Music124/v4/ce/a6/08/cea6088e-e259-2833-b7e1-bad73e37b78f/859745439459_cover.jpg
Year Of The Snitch,More Than The Fairy [Orginal Image],"Depicts A banana Sitting on a cord unpeeled, with grills on it.",Photo,,Front Cover,Unused,https://i.ibb.co/93wQv5P8/More-Than-The-Fairy-2.png
Year Of The Snitch,Black Paint,"Front cover of ""Black Paint"".",Photo,,Front Cover,Used,https://i.ibb.co/W4pwRwrg/3-Black-Paint.png
Year Of The Snitch,Shitshow,"Edited Back cover of ""Year Of The Snitch"".",Digital,,Front Cover,Used,https://i.ibb.co/RTpVk8VY/Shitshow.png
Year Of The Snitch,Streaky,"Front cover of ""Streaky"".",Photo,,Front Cover,Used,https://i.ibb.co/bj5JQDBk/8-Streaky.jpg
Year Of The Snitch,"Nervous Cop
(feat. Death Grips)","Front cover of ""Nervous Cop"".",Painting,,Front Cover,Used,https://a1.mzstatic.com/r40/Music124/v4/d7/48/66/d7486609-44d9-8da5-7355-e63d6eb7d50b/cover.jpg
Year Of The Snitch,Year Of The Snitch,"OG Filename: yots1
Image that features year of the snitch text.",Digital,,Other,Other,https://i.ibb.co/rGmLsGPj/yots1.png
Gmail & The Restraining Orders,Gmail and the Restraining Orders,A very intriguing cover art that is hard to tell what it decipts. Is the official cover art for their 2019 release of their 28 minute song with spamming drums and chopped Ride vocals.,Digital,,Front Cover,Used,https://a1.mzstatic.com/r40/Music114/v4/ee/1a/18/ee1a1800-f0f5-e3da-f30e-ffba9cdcb1d9/859745438766_cover.jpg
Electronic Drum Solo Dub Mix (Single Take),Electronic Drum Solo Dub Mix (Single Take),Depicts a woman standing behind a field of flowers and trees,Photo,,Front Cover,Used,https://a1.mzstatic.com/r40/Music126/v4/10/10/c1/1010c143-ceae-a00b-3125-2e83f6206434/859776052269_cover.jpg
