Era,Name,Notes,Date,Type,Link(s)
,"Death Grips
(Death Grips EP)","(December 21th, 2010) (Band is Formed in Sacramento, California)
(March 8th, 2011) (Death Grips is Released)",,"Death Grips is the debut self-titled EP from Death Grips. The EP consists of six tracks the later three of which were later renamed and re-released the following month on Exmilitary, on April 25, 2011, the EP was removed from thirdworlds.net, however, Full Moon and Face Melter remained available for a short time on thirdworlds.net. ""Full Moon (Death Classic)"" was released as the band's debut single on April 27, 2011, and is the only song from the EP still available on streaming.",
Death Grips,⭐️Full Moon (Death Classic),"""Official music Video for ""Full Moon (Death Classic)"".
Directed by: Death Grips","Mar 9, 2011",Released,https://www.youtube.com/watch?v=sFmZ6WDkuj0
Death Grips,Death Grips (Death Door),"A video of a doors with ""Blood Creepin"" playing in the background.
Directed by: Death Grips","Mar 22, 2011",Other,https://www.youtube.com/watch?v=A6ZP3gJSoXY
,"Exmilitary
(Ex-Military, Ex Military)","(March 8th, 2011) (Death Grips is Released)
(April 25th, 2011) (Exmilitary is Released)",,"Exmilitary is the first mixtape from Death Grips. released on April 25th, 2011, it features 13 songs, 3 of which were on their debut EP, which was released on March 8th, 2011. The second song on the album, “Guillotine”, became the one of most popular song for the band in its early years. The mixtape was released on streaming but was removed due to samples that were not cleared, but Guillotine was released as a single on streaming.",
Exmilitary,⭐️Beware,"Official music Video for ""Beware"".
Directed by: FLATLANDER.","Jul 12, 2011",Released,"https://www.youtube.com/watch?v=uqcTVVUFnKQ
https://imgur.gg/f/sXtibTo"
Exmilitary,⭐️ Guillotine (it Goes Yah),"Official music Video for ""Guillotine (it Goes Yah)"".
Directed by: Death Grips","Apr 26, 2011",Released,https://www.youtube.com/watch?v=Orlbo9WkZ2E
Exmilitary,"Lord Of The Game
(feat. Liz Liles)","Official music Video for ""Lord Of The Game"".
Directed by: Death Grips","Apr 18, 2011",Released,https://www.youtube.com/watch?v=Bmoo3CHzjyY
Exmilitary,"Spread Eagle Cross The Block
(feat. Tristen Moss, Vincent Thor Kenney, Shane Headlock, Kyle Duval, Rob Mason, Taylor Bingaman, Brent Wilson, Apollo Cuts, Cody McEntire)","Official music Video for ""Spread Eagle Cross The Block"".
Directed by: Terroreyes
Contributers: Danny Seo, Abner Requanna","May 9, 2011",Released,https://imgur.gg/f/H2MWhVU
Exmilitary,⭐️Takyon (Death Yon),"Official music Video for ""Takyon (Death Yon)"".
Directed by: Flatlander 
Guest appearance: MOM","May 18, 2011",Released,https://youtu.be/Htl3XWUhUOM?si=VY5FumYsoNJ1u7FX
Exmilitary,Culture Shock,"Official music Video for ""Culture Shock"".
Directed by: Death Grips","Apr 27, 2011",Released,https://imgur.gg/f/b6h0J97
Exmilitary,Known For It,"Official music Video for ""Known For It"".
Directed by: Death Grips","Aug 17, 2011",Removed,https://www.youtube.com/watch?v=tC0swW-ahkM
Exmilitary,Death Grips (Death Davis),"Death Grips (Death Davis) is a promotional music video released on March 23, 2011 on their Youtube.","Mar 23, 2011",Other,https://imgur.gg/f/ocY3Z57
,The Money Store,"(April 25th, 2011) (Exmilitary is Released)
(April 14th, 2012) (The Money Store is leaked to YouTube)
(April 24th, 2012) (The Money Store is Released)",,"The Money Store is the debut studio album from Death Grips. It is the follow-up to mixtape Exmilitary. The album was officially released on April 24, 2012, but had been leaked to YouTube on April 14. The Money Store was announced alongside the group's second album, No Love, which was later renamed to No Love Deep Web and released on October 1th, 2012.",
The Money Store,⭐️Get Got,"Music video for ""Get Got"".
Directed by: Death Grips","Feb 27, 2012",Released,https://imgur.gg/f/MlWJ9vP
The Money Store,Blackjack,"Music video for ""Blackjack"".
Directed by: Death Grips","Feb 7, 2012",Released,https://imgur.gg/f/Nmtu2z8
The Money Store,The Fever,"Music video for ""The Fever"".
Directed by: Death Grips","Mar 27, 2012",Released,https://imgur.gg/f/0yPrtDg
The Money Store,⭐️ I've Seen Footage,"Music video for ""I've Seen Footage"".
Directed by: Death Grips","Apr 18, 2012",Released,https://imgur.gg/f/CwKNFIk
The Money Store,Hustle Bones,"Music video for ""Hustle Bones"".
Directed by: Death Grips","May 15, 2012",Released,https://imgur.gg/f/kAkSyxB
The Money Store,Double Helix,"Music video for ""Double Helix"".
Directed by: Death Grips","Jun 26, 2012",Released,https://youtu.be/tWzJhkrZm5Y?si=cNDe1rXPT1uWsNDU
,"No Love Deep Web
(No Love)","(April 24th, 2012) (The Money Store Is Released)
(August 12th to August 16th, 2012) (The No Love Deep Web ARG Happen)
(October 1th, 2012) (No Love Deep Web Is Released)",,"No Love Deep Web, is the second studio album from Death Grips, it was recorded from May–August 2012 and released October 1, 2012, leaked by the band themselves after a dispute with their label over the release date label dropped them that November. It was promoted via an Alternate Reality Game from Aug 12–16, built around encrypted files hosted on Tor. Day 1 revealed the original planned release date (Oct 23) and an unmastered copy of The Money Store; Day 5 revealed an instrumental version of the same album.",
No Love Deep Web,Come Up And Get Me [Music Video],"Music video for ""Come Up And Get Me"".
Directed by: Death Grips","Jan 4, 2013",Released,https://imgur.gg/f/r6mqlyF
No Love Deep Web,⭐️No Love [Music Video],"Music video for ""No Love"".
Directed by: Death Grips","Feb 13, 2014",Released,https://youtu.be/2MHhLDCJ57E?si=Qint_yma-_3a_pE_
No Love Deep Web,⭐️Lock Your Doors [Music Video],"Music video for ""Lock Your Doors"".
Directed by: Death Grips","Mar 20, 2013",Released,https://imgur.gg/f/1aZWaSh
No Love Deep Web,True Vulture [Music Video],"""True Vulture"" is a unique collaboration between director and animator Galen Pehrson and Death Grips, digitally colored hand-drawn animation, directed and animated by Galen Pehrson","Oct 17, 2012",Released,https://www.youtube.com/watch?v=IfonhRkfaf0
,Government Plates,"(October 1th, 2012) (No Love Deep Web Is Released)
(November 13th, 2013) (Goverment Plates Is Released)",,"Government Plates is the third studio album by Death Grips. It was released on November 13, 2013, And every track had a music video. On May 10, 2013, it was announced that Zach Hill was working Goverment Plates while writing, directing, and scoring a film. On July 8, it was announced that Death Grips had launched their own label, Third Worlds. It was revealed the album would be released the following year. On August 21, ""Birds"" was released. On the song Birds, Robert Pattinson played a guitar riff.",
Government Plates,⭐️You Might Think He Loves You for Your Money but I Know What He Really Loves You for It’s Your Brand New Leopard Skin Pillbox Hat,"Music video for ""You Might Think He Loves You for Your Money but I Know What He Really Loves You for It’s Your Brand New Leopard Skin Pillbox Hat"".",,Released,https://youtu.be/y2cQvZPX3OY
Government Plates,Anne Bonny [Music Video],"Music video for ""Anne Bonny"".",,Released,https://youtu.be/n4CpypI7SOo
Government Plates,Two Heavens [Music Video],"Music video for ""Two Heavens"".",,Released,https://youtu.be/lUmIkVMdjVY
Government Plates,This is Violence Now [Music Video],"Music video for ""This is Violence Now"".",,Released,https://youtu.be/XX5wk-6Mn5s
Government Plates,Birds [Music Video],"Music video for ""Birds"".",,Released,https://youtu.be/XX5wk-6Mn5s
Government Plates,Feels Like A Wheel [Music Video],"Music video for ""Feels Like A Wheel"".",,Released,https://youtu.be/PaYEOxO0fAY
Government Plates,I'm Overflow [Music Video],"Music video for ""I'm Overflow"".",,Released,https://youtu.be/UPakuj9sAKQ
Government Plates,Big House [Music Video],"Music video for ""Big House"".",,Released,https://youtu.be/YH0j8mGeMes
Government Plates,Government Plates [Music Video],"Music video for ""Government Plates"".",,Released,https://youtu.be/AXnxCnarZGs
Government Plates,Bootleg (Don't Need Your Help) [Music Video],"Music video for ""Bootleg (Don't Need Your Help)"".",,Released,https://youtu.be/GpwSJCmSUFE
Government Plates,Whatever I Want [Music Video],"Music video for ""Whatever I Want"".",,Released,https://youtu.be/Eltn_nyOPh8
,"The Powers That B
(Niggas On The Moon, Jenny Death)","(June 8th, 2014) (Niggas On The Moon Is Released)
(January 4th, 2015) (Fashion Week Is Released)
(March 19th, 2015 (Jenny Death is leaked) 
(March 30th, 2015) (That Powers That B is Released)",,"The Powers That B is the fourth studio album from Death Grips and they first double album. Disc one, Niggas on the Moon released on June 8, 2014, features chopped Björk vocal samples on every track. Disc two, Jenny Death, leaked on March 19, 2015, and features guitar from Nick Reinhart, Tera Melos, and organ from Zach Hill's former bandmate Julian Imsdahl. The full album released officially on March 31, 2015.",
The Powers That B,I Break Mirrors With My Face In The United States [Music Video],"Music video for ""I Break Mirrors With My Face In The United States"".",,Released,https://youtu.be/pwSvL08isHo?si=8DmAgdpQSszz4TNn
The Powers That B,⭐️Inanimate Sensation [Music Video],"Music video for ""Inanimate Sensation"".",,Released,https://youtu.be/r5GCn1BKkxg?si=s7ahX5qGZk3sIzVL
The Powers That B,The Powers That B [Music Video],"Music video for ""The Powers That B"".",,Released,https://youtu.be/MJ2Oj57OJYA?si=T4ALYq6EomODJwlP
The Powers That B,⭐️On GP [Music Video #1],"Music video for ""ON GP.
Filmed inside the echo chamber of Studio 1, Sunset Sound Recorders in Los Angeles, California.",,Released,https://youtu.be/n-6gxrK6BQw?si=Wy7TVXa8Q1NVLPfL
The Powers That B,On GP [Music Video #2],"Music video for ""ON GP"".",,Released,https://youtu.be/cinJDxLUsNY?si=6niLwtnETZWP5Asn
,"Interview 2016
(Interview)","(March 31th, 2015) (Jenny Death is Released)
(March 22th, 2016) (Interview 2016 is Released)",,"Interview 2016 is the second EP from Death Grips, released on March 22, 2016. Consisting of six instrumental tracks, the EP acts as a soundtrack album to a previously released interview video with host Matthew Hoffman, which featured the tracks instead of the interview audio",
Interview 2016,Interview 2016,"interview video with host Matthew Hoffman, which featured the tracks from the EP instead of the interview audio.","Mar 13, 2016",Released,https://youtu.be/LtW7Qz0a3o0?si=mGi1yRPq0aEG1SZU
,Bottomless Pit,"(March 22th, 2016) (Interview 2016 is Released)
(April 29th, 2016) (Bottomless Pit Is Leaked on Soundcloud)
(May 6th, 2016) (Bottomless Pit Is Released)",,"Bottomless Pit is the fifth studio album from Death Grips, released May 6, 2016. The band teased the title on October 21, 2015, with a video featuring 2013 footage of the late actress Karen Black reciting lines from a script Zach Hill wrote. A December 16 tweet, ""it won't lit,"" was later revealed to be a lyric from ""BB Poison."" The cover and tracklist dropped March 18, followed by the release date announcement on April 19, along with a document containg the lyrics. The album leaked on SoundCloud on April 29, ahead of its official release.",
Bottomless Pit,Giving Bad People Good Ideas [Music Video],"Music video for ""Giving Bad People Good Ideas"".",,Released,https://youtu.be/uvxkEvM81tU?si=UX5uT-0Cb1h03o4M
Bottomless Pit,Eh [Music Video],"Music video for ""Eh"".",,Released,https://youtu.be/uOJFhKriSH8?si=8VuWR0PrOMH_JK5C
,"Steroids
(Crouching Tiger Hidden Gabber Megamix)","(April 29th, 2016) (Bottomless Pit Is Released)
(May 22th, 2017) (Steroids Crouching Tiger Hidden Gabber) is Released)",,"Steroids (Crouching Tiger Hidden Gabber Megamix) is the third EP by Death Grips, released on May 22, 2017. The piece, a mix of 8 songs on a single track, was described by Stereogum as a ""barrage of noise"". The band announced the EP on Facebook, also announcing the development of Year of the Snitch. The post reads: ""we're working on the new death grips album. but in the meantime, here's a new track/mix. it's 22 minutes.""",
Steroids,Steroids (Crouching Tiger Hidden Gabber Megamix) [Visualizer],A Music Video/Visualizer For the Steroids 22 Minute Megamix,,Released,https://youtu.be/JUTKTk60aGk?si=yOB7ZKYxFUxjDs-v
Steroids,"More Than The Fairy [Visualizer]
(feat. Les Claypool)","Visualizer For ""More Than The Fairy""",,Released,https://www.youtube.com/watch?v=UWkJghqMSpo
,Year of The Snitch,"(June 22th, 2018) (Year Of The Snitch Is Released)
(January 27th, 2021) (Gmail & The Restraining Orders Is Released)
(November 5th, 2025) (Death Grips posts that they are working on a new album)
(Ongoing)",,"Year of the Snitch is the sixth studio album, from Death Grips it was released June 22, 2018. The band announced they were working on a new album alongside Steroids' release, revealing collaborators Lucas Abela, Andrew Adamson (film director), and Justin Chancellor. They teased the album with a black-and-white text image on March 22, shared the artwork on April 6, and revealed the tracklist on April 11 via a video showing track names sent by SMS.",
Year of The Snitch,Death Grips Is Online [Music Video],"Music video for ""Death Grips Is Online"".",,Released,https://youtu.be/vl3L8TxaTU0?si=LpZD5h9cEKh0rIUz
Year of The Snitch,Flies [Music Video],"Music video for ""Files"".",,Released,https://youtu.be/zKNdVQKHsFc?si=iGUceglLc7clLF2Q
Year of The Snitch,Shitshow [Music Video #1],"Music video for ""Shitshow"".
Directed by: Zach Hill & Galen Pehrson",,Removed,https://imgur.gg/f/PcaEGmb
Year of The Snitch,Shitshow [Music Video #2],"Music video for ""Shitshow"".",,Released,https://www.youtube.com/watch?v=RhVN6gRD5XM
Year of The Snitch,Streaky [Music Video],"Music video for ""Streaky"".",,Released,https://youtu.be/J32L6dgbA-U?si=86RzvtsKyBQuIwgF
Year of The Snitch,Dilemma [Music Video],"Music video for ""Dillemma"".",,Released,https://youtu.be/3W09kTtdoBM?si=ioE02fXZkdDIWiif
