Era,Name,Tracklist,Date,Length,Image,Quality,Source,Link(s)
Completely Unheard | Snippet / Partial / Recording Available | Alternate Version Available | Confirmed Version Available,,,,,,,,
Purple Swagg,???,"The unknown mixtape A$AP Bari mentioned in multiple interviews.

#?. Purple Swag
#?. Roll One Up
#?. Demons
#?. Get High
#?. Toast To The Gods",2011,,N/A,N/A,N/A,
Mouth Fulla Gold,Mouth Fulla Gold,"A copy of Mouth Fulla Gold from May 16th, 2011.

1. Purple Swag
2. Peso
3. Been Around The World
4. Roll One Up
5. Out Of This World
6. Demons
7. Toast To The Gods
8. Back To The Future
9. Houston Old Head
10. Celebration
11. Been Around The World (Slow Lane Remix)","May 16, 2011",0:34:36,N/A,N/A,N/A,
Mouth Fulla Gold,Mouth Fulla Gold,"A copy of Mouth Fulla Gold from June 17th, 2011.

1. Peso
2. Been Around The World
3. Roll One Up
4. Out Of This World
5. Demons
6. Toast To The Gods
7. Back To The Future
8. Houston Old Head
9. Celebration
10. Been Around The World (Slow Lane Remix)

#?. Purple Swag
#?. Wassup","June 17, 2011",0:37:17,N/A,,,
LIVE.LOVE.A$AP,LIVE.LOVE.A$AP,"Tracklist for ""LIVE.LOVE.A$AP"" made back when the mixtape was still a collaboration project with Clams Casino. Notably features the song “Freeze”, which was later released on the 2012 A$AP Mob mixtape titled ""Lord$ Never Worry"". Is unordered.

#?. Palace
#?. Bass
#?. Wassup
#?. Leaf
#?. Demons
#?. Freeze",,N/A,,N/A,Leaked,
LIVE.LOVE.A$AP,LIVE.LOVE.A$AP,"A copy of LIVE.LOVE.A$AP from October 11th, 2011.

1. Palace
2. Peso
3. Bass
4. Wassup
5. Brand New Guy (feat. ScHoolboy Q)
6. Purple Swag: Chapter 2 (feat. A$AP Nast & SpaceGhostPurrp)
7. Get Lit (feat. Fat Tony)
8. Trilla (feat. A$AP Twelvyy & A$AP Nast)
9. Keep It G (feat. SpaceGhostPurrp & Chace Infinite)
10. Kissin' Pink (feat. A$AP Ferg)
11. Houston Old Head
12. Acid Drip
13. Leaf (feat. Main Attractionz)
14. Roll One Up
15. Demons
16. Out Of This World

#?. Been Around The World
#?. Ghost X
#?. Sometimes
#?. Madeline","Oct 11, 2011",N/A,,N/A,Leaked,
LIVE.LOVE.A$AP,LIVE.LOVE.A$AP,"The official tracklist for A$AP Rocky's mixtape titled ""LIVE.LOVE.A$AP"" which released October 31st, 2011.

1. Palace
2. Peso
3. Bass
4. Wassup
5. Brand New Guy (feat. ScHoolboy Q)
6. Purple Swag: Chapter 2 (feat. A$AP Nast & SpaceGhostPurrp)
7. Get Lit (feat. Fat Tony)
8. Trilla (feat. A$AP Twelvyy & A$AP Nast)
9. Keep It G (feat. SpaceGhostPurrp & Chace Infinite)
10. Kissin' Pink (feat. A$AP Ferg)
11. Houston Old Head
12. Acid Drip
13. Leaf (feat. Main Attractionz)
14. Roll One Up
15. Demons
16. Out Of This World","Oct 31, 2011",0:54:39,N/A,Clear,Rocky,
LIVE.LOVE.A$AP,"LIVE.LOVE.A$AP
[10th Anniversary]","Official tracklist for the streaming re-release of ""LIVE.LOVE.A$AP"". The songs ""Kissin' Pink"" and ""Out Of This World"" are absent, ""Purple Swag: Chapter 2"" has been replaced with the original ""Purple Swag"" and the song ""Sandman"" has been added as the final track.

1. Palace
2. Peso
3. Bass
4. Wassup
5. Brand New Guy (feat. ScHoolboy Q)
6. Purple Swag
7. Get Lit (feat. Fat Tony)
8. Trilla (feat. A$AP Nast & A$AP Twelvyy)
9. Keep It G (feat. Chace Infinite & SpaceGhostPurrp)
10. Houston Old Head
11. Acid Drip
12. Leaf (feat. Main Attractionz)
13. Roll One Up
14. Demons
15. Sandman","Oct 29, 2021",0:49:11,,Clear,Rocky,https://open.spotify.com/album/4l6EPpP9hjQrLb8qNB9eC5?si=tZzlCIantBSyuu4NgV-Iuw
B.M.W,B.M.W,"In the interview on Ballers Eve on September 14th, 2011 Rocky confirmed the collab EP with SpaceGhostPurpp titled ""B.M.W"" was planned to feature six tracks. It's unknown what songs they were currently, the only seemingly confirmed song is the 2016 track which released under the name ""R.I.P. Yams"". Songs like ""Ghost X"" and ""Madeline"" might've also been considered but that is unconfirmed.

1-6. ???

#?. Ghost X
#?. Madeline
#?. ??? (R.I.P. Yams)",,N/A,,Confirmed,Not Available,N/A
LONG.LIVE.A$AP,"LONG.LIVE.A$AP (Deluxe)
[V1]","Original tracklist for ""LONG.LIVE.A$AP (Deluxe)"" shown off seemingly sometime on December 8th, 2012. This tracklist features a few differences from the final tracklist with those differences being no appearance of the song ""Jodye"", the remix to ""Pretty Flacko"" is present, ""Angels"" has the alternate name of ""Ticket"" and ""I Come Apart"" has the alternate name of ""Like I'm Apart"".

1. Long Live A$AP
2. Goldie
3. PMW (All I Really Need) (feat. ScHoolboy Q) (Pussy Money Weed)
4. LVL
5. Hell (feat. Santigold)
6. Pain (feat. OverDoz.)
7. Fuckin' Problems (feat. Drake, Kendrick Lamar & 2 Chainz)
8. Wild for the Night (feat. Skrillex & Birdy Nam Nam)
9. 1Train (feat. Kendrick Lamar, Joey Bada$$, Yelawolf, Danny Brown, Action Bronson & Big K.R.I.T.)
10. Fashion Killa
11. Phoenix
12. Suddenly

(Deluxe Edition Tracks)
13. Pretty Flacko (Remix) (feat. Waka Flocka Flame, Gucci Mane & Pharrell Williams)
14. Ghetto Symphony (feat. A$AP Ferg & Gunplay)
15. Ticket (Angels)
16. Like I'm Apart (feat. Florence Welch) (I Come Apart)","Dec 8, 2012",N/A,,Clear,Rocky,
LONG.LIVE.A$AP,LONG.LIVE.A$AP,"The official tracklist for the non-deluxe version of A$AP Rocky's first studio album titled ""LONG.LIVE.A$AP"" which released on January 15th, 2013.

1. Long Live A$AP
2. Goldie
3. PMW (All I Really Need) (feat. ScHoolboy Q) (Pussy Money Weed)
4. LVL
5. Hell (feat. Santigold)
6. Pain (feat. OverDoz.)
7. Fuckin' Problems (feat. Drake, Kendrick Lamar & 2 Chainz)
8. Wild for the Night (feat. Skrillex & Birdy Nam Nam)
9. 1Train (feat. Kendrick Lamar, Joey Bada$$, Yelawolf, Danny Brown, Action Bronson & Big K.R.I.T.)
10. Fashion Killa
11. Phoenix
12. Suddenly","Jan 15, 2013",0:49:15,,Clear,Rocky,https://on.soundcloud.com/LYbDBR7R22FNFNBL9
LONG.LIVE.A$AP,LONG.LIVE.A$AP (Deluxe) [Streaming Tracklist],"Official tracklist for ""LONG.LIVE.A$AP (Deluxe)"" which released on January 
15th, 2013. Adds five more songs to the tracklisting. The physical versions of the deluxe exclude the ""Purple Swag"" remix.

1. Long Live A$AP
2. Goldie
3. PMW (All I Really Need) (feat. ScHoolboy Q)
4. LVL
5. Hell (feat. Santigold)
6. Pain (feat. OverDoz.)
7. Fuckin' Problems (feat. Drake, Kendrick Lamar & 2 Chainz)
8. Wild for the Night (feat. Skrillex & Birdy Nam Nam)
9. 1Train (feat. Kendrick Lamar, Joey Bada$$, Yelawolf, Danny Brown, Action Bronson & Big K.R.I.T.)
10. Fashion Killa
11. Phoenix
12. Suddenly

(Deluxe Edition Tracks)
13. Jodye
14. Ghetto Symphony (feat. A$AP Ferg & Gunplay)
15. Angels (Ticket)
16. I Come Apart (feat. Florence Welch) (Like I'm Apart)
17. Purple Swag REMIX (feat. Killa Kyleon, Paul Wall & Bun B) ","Jan 15, 2013",1:09:09,,Clear,Rocky,https://open.spotify.com/album/6rzMufuu8sLkIizM4q9c7J?si=5X9eOEdcQgm8jtpo-aOXTA
"Beauty and the Beast: Slowed Down Sessions, Chapter 1","Beauty and the Beast: Slowed Down Sessions, Chapter 1","A full copy of the ""Beauty and the Beast: Slowed Down Sessions, Chapter 1"" album heard by the designer of the album cover, said to contain around 15 tracks, which would have likely included songs such as ""Riot Rave"", ""Unicorn"", ""Chevy"" and the SVDDXNLY documentary snippets.

1-15. ???

#?. Belly
#?. Chevy
#?. Lady
#?. Riot Rave
#?. Slow Lover
#?. Unicorn
#?. Untitled
#?. ??? (prod. A$AP Rocky & Héctor Delgado)
#?. ??? (prod. A$AP Rocky)
#?. ??? (prod. A$AP Rocky)",N/A,N/A,N/A,N/A,N/A,
L.O.R.D.,L.O.R.D.,"The A$AP Mob released a hand full of singles that were planned to appear on the ""L.O.R.D."" album. It is unknown where they would have appeared and how many songs there were on the album.

1-#?. ???

#?. Trillmatic
#?. See Me
#?. Xscape
#?. Hella Hoes",N/A,N/A,N/A,N/A,N/A,
AT.LONG.    LAST.A$AP,AT.LONG.LAST.A$AP,"The official tracklist for A$AP Rocky's second studio album titled ""AT.LONG.LAST.A$AP"" which released on May 26th, 2015.

1. Holy Ghost (feat. Joe Fox)
2. Canel St. (feat. BONES)
3. Fine Whine (feat. Joe Fox, Future & M.I.A)
4. L$D
5. Excuse Me
6. JD
7. Lord Pretty Flacko Jodye 2 (LPFJ2)
8. Electric Body (feat. ScHoolboy Q)
9. Jukebox Joints (feat. Joe Fox & Kanye West)
10. Max B (feat. Joe Fox)
11. Pharsyde (feat. Joe Fox)
12. Wavybone (feat. Juicy J & UKG)
13. West Side Highway (feat. James Fauntleroy)
14. Better Things
15. M'$ (feat. Lil Wayne)
16. Dreams (Interlude)
17. Everyday (feat. Miguel, Rod Stewart & Mark Ronson)
18. Back Home (feat. Mos Def, A$AP Yams & Acyde)","May 26, 2015",1:06:09,,Clear,Rocky,https://open.spotify.com/album/3arNdjotCvtiiLFfjKngMc?si=TU_wMZNgSxeF8QicGePBWA
Cozy Tapes Vol. 1: Friends,Cozy Tapes: Vol. 1 Friends -,"Official tracklist for ""Cozy Tapes: Vol. 1 Friends -"" which released on 
October 31st, 2016.

1. Yamborghini High
2. Crazy Brazy
3. Way Hii
4. Young N***a Living
5. Nasty's World
6. Money Man
7. Put That On My Set
8. Motivation Foreign (Skit)
9. London Town
10. Runner
11. Bachelor
12. Telephone Calls
","Oct 31, 2016",0:43:32,N/A,Clear,Rocky,https://open.spotify.com/album/3RaACfwYTY9uiDy3VSWLLc?si=eDjkgXTHSz6LnV03RkKMuQ
Rocky Montana,Rocky Montana,"Tracklist for ""Rocky Montana"" which leaked a long time ago but resurfaced on August 13th, 2023. Unknown the order the tracks were meant to be in. Weirdly features alot of versions of the same track, unknown why that would be. 

?. Big Bag
?. Bitches
?. Conway
?. Corner
?. Get Curved 1
?. Hawaii (You Know It, Movie)
?. Kind Of Girl
?. Mind Your Own Business
?. Movie (You Know It, Hawaii)
?. Off That
?. Straight For The Bag
?. The Reason 1 (This The Reason, The Reason)
?. What U Gonna Do
?. Where They At
 ?. Smoking That Lalala (La La La)",N/A,N/A,,Blocked,Leaked,
Rocky Montana,Rocky Montana,"Tracklist for ""Rocky Montana"" which was seen in a Shogani screenshot of files a long time ago but resurfaced on September 5th, 2023. 

1. 1.where they at tho rough (Where They At Tho, Where They At)
2. 2.French_Ben_Conway (Conway, What U Gonna Do)
3. 3.French_Asap_GetCurved (Get Curved, Get Curved 1)
4. 4.French_Asap_CB_LaLALa_New (La La La, Smoking That Lalala)
5. 5.OFF THAT_01 (Off That)
6. 6.French_Asap_This The Reason (The Reason, The Reason 1)
7. 7.French_Zack_Asap_Corner (Corner)",N/A,N/A,,Blocked,Leaked,
Cozy Tapes Vol. 2: Too Cozy,Cozy Tapes Vol. 2: Too Cozy,"Official tracklist for ""Cozy Tapes Vol. 2: Too Cozy"" which released on 
August 25th, 2017.

1. Skool Bus (Skit)
2. Perry Aye
3. Please Shut Up
4. Blowin' Minds (Skateboard)
5. Black Card
6. Walk On Water
7. BYF
8. Get The Bag
9. Bahamas
10. Principal Daryl Choad (Skit)
11. Frat Rules
12. FYBR (First Year Being Rich)
13. Feels So Good
14. Coziest
15. What Happens
16. RAF
17. Last Day Of Skool (Skit)","Aug 25, 2017",0:51:38,N/A,Clear,Rocky,
DUMMIE,"DUMMY
(DUMMIE)","Shared by @blamedemcrackas on Twitter.

1. A$AP ROCKY _ HEAVEN (Heaven, Ladi Radi)
2. A$AP ROCKY _ SMOKIN DOPE PROD TRIP DIXON (Smokin Dope)
3. A$AP ROCKY _ PRETTY GUY PROD TAME IMPALA (Pretty Guy)
4. A$AP ROCKY TREZ LOWKEY KEY Nast _ TROPICAL (Tropical)
5. A$AP ROCKY _ DARKSIDE PROD FRANS AND LYNUS (Darkside)
6. A$AP ROCKY _ABOVE PROD BY FRANS (Above)
7. A$AP ROCKY _ KEEP IT TRILL PROD HARRY FRAUD (Keep It Trill)",Sep 2017,N/A,,Clear,Leaked,
DUMMIE,"DUMMIE
(DUMMY)","First tracklist for ""DUMMIE"" that was leaked in the RockyHub Discord server on September 24, 2024.

1. LSD INTRO
2. PRETTY GUY
3. CATCH
4. MONEYBAGS (Money Bags Freestyle (Dean Blunt Meditation))
5. DARKSIDE / ABOVE
6. KEEP IT TRILL
7. INTERNET FREESTYLE
8. WOK (☆☆☆☆☆ 5IVE $TAR$, 5IVE STARS, Wokkk)
9. RUN IT UP
10. 10 REASONS
11. DAN$E","Sep 24, 2024",N/A,,Clear,Leaked,
DUMMIE,"DUMMIE
(DUMMY)","Second tracklist for """"DUMMIE"""" that was leaked in the RockyHub Discord server on September 24, 2024.

1. A$AP FOREVER
2. FRAND ABOVE (Above)
3. LADI RADI (Heaven)
4. PRETTY GUY
5. SMOKIN (Smokin' Dope)
6. TROPICAL
7. DARKSIDE
8. KEEP IT TRILL","Sep 24, 2024",N/A,,Clear,Leaked,
DUMMIE,"DUMMIE
(DUMMY)","Mod has stated there are multiple alternate ""DUMMIE"" / ""DUMMY"" tracklist that exist. It is unknown how different these are to the previous leaked ones or what songs they contain.

1-#?. ???",N/A,N/A,N/A,N/A,N/A,
TESTING,TESTING 2.zip,"Leaked in the RockyHub Discord server on September 24, 2024. Is said to be just a file list of ideas for the album at the time, and not a tracklist for a potential TESTING sequel as was previously believed. 

1. LANA CHARLZ RECORD (Lana Charlz)
2. GO DIR A RIDE - DANGERMOUSE (Go Dir A Ride)
3. BABY MAMA-YE (Baby Mama)
4. HEAVEN (Ladi Radi)
5. SUNDRESS
6. WZARDY STREETDANVER ALCHEMIST (Wizardry Street Danver)
7. CHAINZ
8. ROCKY POST METRO (Closer)
9. MOB RECORD (A$AP Mob - ???)
10. MUSIC IS ABOVE YOU
11. COOL N DRE S0 HIGH (So High)
12. PIERRE KANYE RECORD
13. FREEZE
14. YEEZY MY
15. TW DREDRPY 30 MISSED CALLS (30 Missed Calls)
16. MISSED LIDE ( PAC TRK ) (Missed Lide)",N/A,N/A,,Clear,Leaked,
TESTING,TESTING,"Offical tracklist for ""TESTING"" released on May 25th, 2018.

1. Distorted Records
2. A$AP Forever REMIX (feat. Kid Cudi, T.I. & Moby)
3. Tony Tone
4. Fukk Sleep (feat. FKA twigs)
5. Praise The Lord (Da Shine) (feat. Skepta)
6. CALLDROPS (feat. Kodak Black)
7. Buck Shots
8. Gunz N Butter (feat. Juicy J)
9. Brotha Man (feat. French Montana)
10. OG Beeper
11. Kids Turned Out Fine
12. Hun43rd
13. Changes
14. Black Tux, White Collar
15. Purity (feat. Frank Ocean)","May 25, 2018",0:52:16,N/A,Clear,Rocky,https://open.spotify.com/album/3MATDdrpHmQCmuOcozZjDa?si=yQPdq24_TPWVtsoWIA0PVA
ALL SMILE$,ALL $MILE$,"Songs played to Rick Rubin in late 2019 in the Stockholm Syndrome documentary.

#?. Sandman
#?. Sunshine Goodmorning
#?. Blur (feat. Blood Orange)",,N/A,,Clear,Rocky,
ALL SMILE$,ALL $MILE$,"It has been said the song ""Loved"" (aka. Beloved) is on an ALL $MILE$ tracklist.

#?. Loved",,N/A,,N/A,Leaked,
A$AP Jean,???,"Jean Dawson said in one of his messages to Zach Fogerty that the collab album with Rocky was gonna be 8 songs long with “unique features” on some of the tracks. Anything else is unknown. 

1-8. ???",,N/A,,,,
DON'T BE DUMB [V1],DON'T BE DUMB [2023],"In a 2023 interview Rocky confirmed 4 songs that would appear on his upcoming project, ""DON'T BE DUMB"". He also stated some producers on the album that may or may not still be on the current project. And collaborations with Rihanna and Peso Pluma.

1-#?. ???

#?. D.M.B.
#?. Shittin' Me
#?. RIOT (Rowdy Pipe'n)
#?. Same Problems?
#?. ??? (feat. Peso Pluma)

Potential collaboration with Rihanna 
Production from Dean Blunt
Production from Metro Boomin
Production from Hitkidd (potentially HIGHJACK)
Production from Tyler, The Creator (has production on Same Problems?)
Production from Rocky himself (has production on D.M.B, RIOT (Rowdy Pipe'n) and Same Problems?)
Production from Mike Dean (mentioned again for 2024 version of the album)
Production The Alchemist (potentially Ruby Rosary)
Production from Swedish House Mafia (potentially from their 2019 collaborations)",2023,N/A,N/A,Clear,Rocky,https://www.complex.com/music/a/j-rose/asap-rocky-interview-album-beats-by-dre
DON'T BE DUMB [V2],DON'T BE DUMB [2024],"Confirmed:

9. Ruby Rosary
(feat. J. Cole)
(prod. The Alchemist, Jordan Patrick, Rex Kudo & Car!ton)
Released as a single on September 6th, 2024, confirmed to be track nine from an
image Rocky posted of the original file for the song, showing ""09"" at the start.

HIGHJACK
(feat. Jessica Pratt) (add. Creed B Good & John Batiste)
(prod. Car!ton, Greg Kurstin, Hitkidd, Jordan Patrick, Rex Kudo & Zach Fogarty)
American Sabotage
(feat. Tommy Revenge)
(prod. Damon Albarn, KayCyy, Gino Nano & Klahr)
Previewed in full during the AWGE SS25 'AMERICAN SABOTAGE' fashion show on June 
21st, 2024 along with another album song with ""WORLD ENDS"" featuring will.i.am
Don't Be Dumb
(prod. A$AP Rocky & Jordan Patrick)
Previewed during a Monclear show on October 19th, 2024 along with ""Trip Baby""
Trip Baby
(prod. A$AP Rocky)
Previewed during a Monclear show on October 19th, 2024 along with ""Don't Be Dumb""
Hood Happy
(feat. Busta Rhymes, Flavor Flav, Slick Rick, Fatman Scoop & Morrissey)
Revolver
Shroom Cloud
Played at a private listening party and mentioned in a August 22nd, 2024 Billboard interview. Believed to be a version of ""Shroom Clouds"" given the title and its description as one of the first songs made for the album, but possibly an unheard track
Stole Ya Flow
(prod. Kelvin Krash & ICYTWAT)
Whiskey
(feat. Gorillaz & Westside Gunn)
Fish N Steak
(feat. Tyler, The Creator & Jozzy)
(prod. Swiff D, Hector Delgado & Beat Butcha)
World End
(feat. will.i.am & Jessica Pratt)
(prod. A$AP Rocky, will.i.am, Emile Haynie & Rex Kudo)
An early version of ""The End"" previewed in 2024, with a cut sample of Portishead and no Rocky verse. Jessica Pratt was likely on the song given she recorded for ""HIGHJACK"" by this point. Likely the closing track on the album, as it was on release.
???
(prod. The Alchemist & Danny Elfman)
Unknown Alchemist-produced track Danny Elfman added instrumentation to for the album, mentioned by Rocky in an interview.

Possible:

Stop Snitching
(feat. BossMan Dlow)
(prod. Hittkidd, Kelvin Krash, BossMan Dlow & Rex Kudo)
A Minute
(feat. KayCyy) (prod. Mike Wavvs)
GRIM
(prod. A$AP Rocky, A$AP P On The Boards & Ghost)
The song's instrumental was uploaded to the AWGE website in April 2024 with new 
elements promoting album merch, and has still not changed. The song has also 
been performed live at most performances since 2022.
pray4dagang
(feat. KayCyy) 
(prod. James Blake, Dom Maker, KHUSHI, DJ Dahi, Jordan Patrick, Rex Kudo, Car!ton, Daniel Lynas & Jordan Brooks)
It was mentioned by KayCyy after the song was released as a single in July 2025, he had not 
heard the song ""since [they] recorded it, like almost a year ago"", leading to speculation the 
album could've been on the 2024 version of the album.
Plan
(prod. ???)
???
(prod. Kelvin Krash)",Early-Late 2024,N/A,N/A,Clear,Secondary,
DON'T BE DUMB [V3],DON'T BE DUMB,"All of the collected tracks that were set to appear on Rocky's album ""DON'T BE DUMB"" in the 2025 version on the album. While not every song is confirmed, this is the best guess for the tracklist of the album. To promote the release of ""Ruby Rosary"", Rocky took to the r/asaprocky Reddit page to post a screenshot of the song playing in a Dropbox. In this photo the filename can be seen partially which reveals it would seemingly have been track nine on the album.

1-#?. ???

9. Ruby Rosary (feat. J. Cole)

#?. AMERICAN SABOTAGE (feat. Tommy Revenge)
#?. Don't Be Dumb/Trip Baby
#?. GRIM FREESTYLE
#? HIGHJACK (feat. Jessica Pratt)
#?. Hood Happy (feat. Busta Rhymes, Flavor Flav, Slick Rick, Fatman Scoop & Morrissey)
#?. Loved
#?. Revolver
#?. RIOT (Rowdy Pipe'n)
#?. Shroom Cloud
#?. All Black (Stole Ya Flow)
#?. Stop Snitchin (feat. BossMan Dlow)
#?. Whiskey (feat. Westside Gunn & Gorrilaz)
#?. Your Honor
#?. C - Lo 4,5,6
#?. Fish N Steak (What It Is) (feat. Tyler, The Creator & Jozzy)
#?. Flackito Jodye (feat. Tokischa) (Flackito)
#?. ??? (Poltergeist)
#?. World Ends (feat. will.i.am & Jessica Pratt) (The End)
#?. ??? (prod. The Alchemist & Danny Elfman)

Production from Hitkidd (Potentially HIGHJACK)
Production from Madlib
Production from Metro Boomin
Production from Mike Dean",,N/A,,Clear,Rocky,
DON'T BE DUMB [V3],DON'T BE DUMB [2025],"Confirmed:
All Black (Stole Ya Flow)
American Sabotage
HIGHJACK
Loved
Gemstones
pray4dagang
SWAT
Stop Snitching
Your Honor
Plan
Flackito (Flackito Jodye)
??? (No Place Like Home)
Air Force (Black Demarco)
Want It All
Busta Rhymes

Rumored:
Calling Me
C Lo 4,5,6
Feach Fuzz
GRIM
Hood Happy
Revolver
RIOT
Ruby Rosary
Shroom Cloud 
Whiskey
Yes Sir
Fish N Steak
Don't Be Dumb
World End
??? (prod. Kelvin Krash)",,N/A,,Clear,Leaked,
DON'T BE DUMB [V4],"DON'T BE DUMB
[2026]","#1. ORDER OF PROTECTION
#2. HELICOPTER
#3. INTERROGATION (SKIT)
#4. STOLE YA FLOW
#5. STAY HERE 4 LIFE (feat. Brent Faiyaz)
#6. PLAYA
#7. NO TRESPASSING
#8. STOP SNITCHING (feat. Bossman DLow & Sauce Walka)
#9. STFU (feat. Slay Squad)
#10. PUNK ROCKY
#11. AIR FORCE (BLACK DEMARCO)
#12. WHISKEY (RELEASE ME)
#13. ROBBERY (feat. Doechii)
#14. DON'T BE DUMB / TRIP BABY
#15. THE END (feat. will.i.am & Jessica Pratt)
",01/16/2026,0:52:49,,Clear,Rocky,
DON'T BE DUMB [V4],"DON'T BE DUMB
(Disc 2)","#1. SWAT TEAM
#2. FISH N STEAK (WHAT IT IS) (feat. Tyler, The Creator & Jozzy)
#3. FLACKITO JODYE (feat. Tokischa)
#4. I Smoked Away My Brain (I'm God x Demons Mashup) (feat. Imogen Heap & Clams Casino)",2026,,N/A,Clear,Rocky,
DUMB & DUMBER - DISC 2,DUMB & DUMBER - DISC 2,"#?. YOUR HONOUR
#?. AMERICAN SABOTAGE (feat. Tommy Revenge)
#?. GEMSTONES ITS THE GRIM (feat. Kaycyy, Tommy Revenge & Thoto)
#?. MUSHROOM CLOUDS (feat. reggie) (Mushroom, Shroom Clouds)
#? ??? (Who I Gotta Shoot?)

UNCONFIRMED
#?. YES SIR
#?. DISTURBING THE P (feat. Pharrell Williams)
#?. NO PLACE LIKE HOME
#?. RE-UP
#?. AWGE BOYZ (feat. Tommy Revenge, Thoto, KayCyy & A$AP Twelvyy)
#?. ??? (feat. Tommy Revenge) (Gold Chain)
#?. FUCK 12
#?. ??? (feat. Rihanna)",2026,N/A,N/A,N/A,"Rocky
+
Speculation",