Era,Name,Track Number / Info,"Release
Date",Type,Link(s)
,"Links are broken, re-up soon",,,,
"17 Album Tracks
1 Bonus Tracks","Chris Brown
(Young Love)","(2/XX/2005) (Chris Brown starts recording)
(5/XX/2005) (Chris Brown finishes recording)
(11/29/2005) (Chris Brown's self titled debut releases)",,,
Chris Brown,Intro,Track #1 on Chris Brown.,"Nov 29, 2005",Intro,https://mega.nz/folder/qZd2UYSR#z3gf5yR52SQ9DIQOJ4vDTw
Chris Brown,"Run It!
(feat. Juelz Santana)",Track #2 on Chris Brown.,"Nov 29, 2005",Single / Album Track,https://mega.nz/folder/qZd2UYSR#z3gf5yR52SQ9DIQOJ4vDTw
Chris Brown,Yo (Excuse Me Miss),Track #3 on Chris Brown.,"Nov 29, 2005",Single / Album Track,https://mega.nz/folder/qZd2UYSR#z3gf5yR52SQ9DIQOJ4vDTw
Chris Brown,Young Love,Track #4 on Chris Brown.,"Nov 29, 2005",Album Track,https://mega.nz/folder/qZd2UYSR#z3gf5yR52SQ9DIQOJ4vDTw
Chris Brown,Gimme That,Track #5 on Chris Brown.,"Nov 29, 2005",Single / Album Track,https://mega.nz/folder/qZd2UYSR#z3gf5yR52SQ9DIQOJ4vDTw
Chris Brown,Ya Man Ain't Me,Track #6 on Chris Brown.,"Nov 29, 2005",Album Track,https://mega.nz/folder/qZd2UYSR#z3gf5yR52SQ9DIQOJ4vDTw
Chris Brown,Winner,Track #7 on Chris Brown.,"Nov 29, 2005",Album Track,https://mega.nz/folder/qZd2UYSR#z3gf5yR52SQ9DIQOJ4vDTw
Chris Brown,Ain't No Way (You Won't Love Me),Track #8 on Chris Brown.,"Nov 29, 2005",Album Track,https://mega.nz/folder/qZd2UYSR#z3gf5yR52SQ9DIQOJ4vDTw
Chris Brown,"What's My Name
(feat. Noah)",Track #9 on Chris Brown.,"Nov 29, 2005",Album Track,https://mega.nz/folder/qZd2UYSR#z3gf5yR52SQ9DIQOJ4vDTw
Chris Brown,Is This Love?,Track #10 on Chris Brown.,"Nov 29, 2005",Album Track,https://mega.nz/folder/qZd2UYSR#z3gf5yR52SQ9DIQOJ4vDTw
Chris Brown,Poppin',Track #11 on Chris Brown.,"Nov 29, 2005",Single / Album Track,https://mega.nz/folder/qZd2UYSR#z3gf5yR52SQ9DIQOJ4vDTw
Chris Brown,Just Fine,Track #12 on Chris Brown.,"Nov 29, 2005",Album Track,https://mega.nz/folder/qZd2UYSR#z3gf5yR52SQ9DIQOJ4vDTw
Chris Brown,Say Goodbye,Track #13 on Chris Brown.,"Nov 29, 2005",Single / Album Track,https://mega.nz/folder/qZd2UYSR#z3gf5yR52SQ9DIQOJ4vDTw
Chris Brown,"Run It! (Remix)
(feat. Bow Wow & Jermaine Dupri)",Track #14 on Chris Brown.,"Nov 29, 2005",Album Track,https://mega.nz/folder/qZd2UYSR#z3gf5yR52SQ9DIQOJ4vDTw
Chris Brown,So Glad,Track #15 on Chris Brown.,"Nov 29, 2005",Bonus Track,https://mega.nz/folder/qZd2UYSR#z3gf5yR52SQ9DIQOJ4vDTw
Chris Brown,Seen the Light (feat. Rico Love),Track #16 on Chris Brown.,"Nov 29, 2005",Bonus Track,https://mega.nz/folder/qZd2UYSR#z3gf5yR52SQ9DIQOJ4vDTw
Chris Brown,Thank You,Track #17 on Chris Brown.,"Nov 29, 2005",Bonus Track,https://mega.nz/folder/qZd2UYSR#z3gf5yR52SQ9DIQOJ4vDTw
Chris Brown,"Gimme That (Remix)
(feat. Lil Wayne)",Track #18 on Chris Brown.,"Nov 29, 2005",Single / Bonus Track,https://mega.nz/folder/qZd2UYSR#z3gf5yR52SQ9DIQOJ4vDTw
"14 Album Tracks
9 Bonus Tracks",Exclusive,"(XX/XX/2006) (Exclusive starts recording)
(11/6/2007) (Exclusive releases)",,,
Exclusive,Throwed,Track #1 on Exclusive.,"Nov 5, 2007",Album Track,https://mega.nz/folder/HF9REBpD#pVBiMtPgFyvKQL5wJdtY-A
Exclusive,"Kiss Kiss
(feat. T-Pain)",Track #2 on Exclusive.,"Nov 5, 2007",Single / Album Track,https://mega.nz/folder/HF9REBpD#pVBiMtPgFyvKQL5wJdtY-A
Exclusive,Take You Down,Track #3 on Exclusive.,"Nov 5, 2007",Single / Album Track,https://mega.nz/folder/HF9REBpD#pVBiMtPgFyvKQL5wJdtY-A
Exclusive,With You,Track #4 on Exclusive.,"Nov 5, 2007",Single / Album Track,https://mega.nz/folder/HF9REBpD#pVBiMtPgFyvKQL5wJdtY-A
Exclusive,"Picture Perfect
(feat. will.i.am)",Track #5 on Exclusive.,"Nov 5, 2007",Album Track,https://mega.nz/folder/HF9REBpD#pVBiMtPgFyvKQL5wJdtY-A
Exclusive,"Hold Up
(feat. Big Boi)",Track #6 on Exclusive.,"Nov 5, 2007",Album Track,https://mega.nz/folder/HF9REBpD#pVBiMtPgFyvKQL5wJdtY-A
Exclusive,You,Track #7 on Exclusive.,"Nov 5, 2007",Album Track,https://mega.nz/folder/HF9REBpD#pVBiMtPgFyvKQL5wJdtY-A
Exclusive,Damage,Track #8 on Exclusive.,"Nov 5, 2007",Album Track,https://mega.nz/folder/HF9REBpD#pVBiMtPgFyvKQL5wJdtY-A
Exclusive,Wall To Wall,Track #9 on Exclusive.,"Nov 5, 2007",Single / Album Track,https://mega.nz/folder/HF9REBpD#pVBiMtPgFyvKQL5wJdtY-A
Exclusive,Help Me,Track #10 on Exclusive.,"Nov 5, 2007",Album Track,https://mega.nz/folder/HF9REBpD#pVBiMtPgFyvKQL5wJdtY-A
Exclusive,I Wanna Be,Track #11 on Exclusive.,"Nov 5, 2007",Album Track,https://mega.nz/folder/HF9REBpD#pVBiMtPgFyvKQL5wJdtY-A
Exclusive,"Gimme Whatcha Got
(feat. Lil Wayne)",Track #12 on Exclusive.,"Nov 5, 2007",Album Track,https://mega.nz/folder/HF9REBpD#pVBiMtPgFyvKQL5wJdtY-A
Exclusive,I'll Call Ya,Track #13 on Exclusive.,"Nov 5, 2007",Album Track,https://mega.nz/folder/HF9REBpD#pVBiMtPgFyvKQL5wJdtY-A
Exclusive,Lottery,Track #14 on Exclusive.,"Nov 5, 2007",Album Track,https://mega.nz/folder/HF9REBpD#pVBiMtPgFyvKQL5wJdtY-A
Exclusive,Get At Ya,Track #15 on Exclusive.,"Nov 5, 2007",Bonus Track,https://mega.nz/folder/HF9REBpD#pVBiMtPgFyvKQL5wJdtY-A
Exclusive,Mama,Track #16 on Exclusive.,"Nov 5, 2007",Bonus Track,https://mega.nz/folder/HF9REBpD#pVBiMtPgFyvKQL5wJdtY-A
Exclusive,"Nice
(feat. The Game)",Track #17 on Exclusive.,"Nov 5, 2007",Bonus Track,https://mega.nz/folder/HF9REBpD#pVBiMtPgFyvKQL5wJdtY-A
Exclusive,"Down
(feat. Kanye West)",Track #18 on Exclusive.,"Nov 5, 2007",Bonus Track,https://mega.nz/folder/HF9REBpD#pVBiMtPgFyvKQL5wJdtY-A
Exclusive,Fallen Angel,Track #19 on (some) Exclusive CDs.,"Nov 5, 2007",Bonus Track,https://mega.nz/folder/HF9REBpD#pVBiMtPgFyvKQL5wJdtY-A
,Exclusive: The Forever Edition,"(11/6/2007) (Exclusive releases)
(6/3/2008) (Exclusive: The Forever Edition releases)",,,
Exclusive: The Forever Edition,Forever,Track #17 on Exclusive: The Forever Edition.,"Jun 3, 2008",Single / Bonus Track,https://mega.nz/folder/6UVCHKCC#tf6A0G0H-rQNYkZl9g84oA
Exclusive: The Forever Edition,"Superhuman
(feat. Keri Hilson)",Track #18 on Exclusive: The Forever Edition.,"Jun 3, 2008",Single / Bonus Track,https://mega.nz/folder/6UVCHKCC#tf6A0G0H-rQNYkZl9g84oA
Exclusive: The Forever Edition,Heart Ain't A Brain,Track #19 on Exclusive: The Forever Edition.,"Jun 3, 2008",Bonus Track,https://mega.nz/folder/6UVCHKCC#tf6A0G0H-rQNYkZl9g84oA
Exclusive: The Forever Edition,"Picture Perfect (Remix)
(feat. Bow Wow & Hurricane Chris)",Track #20 on Exclusive: The Forever Edition.,"Jun 3, 2008",Bonus Track,https://mega.nz/folder/6UVCHKCC#tf6A0G0H-rQNYkZl9g84oA
Non-Album Singles,,,,,
Exclusive: The Forever Edition,Dreamer,"Throwaway from the ""The Forever Edition"" sessions and released on the ""AT&T Team USA Soundtrack"", also appeared on the B-Side for the UK and Ireland Superhuman CD single.","Aug 7, 2008",Single,https://pillows.su/f/60df951a972c80c2556535ef3e5c2cab
"13 Album Tracks
11 Bonus Tracks",Graffiti,"(XX/XX/2008) (Graffiti starts recording)
(12/8/2009) (Graffiti releases)",,Sleeper album tbh.,
Graffiti,I Can Transform Ya,Track #1 on Graffiti.,"Dec 8, 2009",Single / Album Track,https://mega.nz/folder/XUEBBIjZ#H18QBSyatsnqhPLbAc0wvA
Graffiti,Sing Like Me,Track #2 on Graffiti.,"Dec 8, 2009",Album Track,https://mega.nz/folder/XUEBBIjZ#H18QBSyatsnqhPLbAc0wvA
Graffiti,Crawl,Track #3 on Graffiti.,"Dec 8, 2009",Single / Album Track,https://mega.nz/folder/XUEBBIjZ#H18QBSyatsnqhPLbAc0wvA
Graffiti,So Cold,Track #4 on Graffiti.,"Dec 8, 2009",Album Track,https://mega.nz/folder/XUEBBIjZ#H18QBSyatsnqhPLbAc0wvA
Graffiti,"What I Do
(feat. Plies)",Track #5 on Graffiti.,"Dec 8, 2009",Album Track,https://mega.nz/folder/XUEBBIjZ#H18QBSyatsnqhPLbAc0wvA
Graffiti,Famous Girl,Track #6 on Graffiti.,"Dec 8, 2009",Album Track,https://mega.nz/folder/XUEBBIjZ#H18QBSyatsnqhPLbAc0wvA
Graffiti,"Take My Time
(feat. Tank)",Track #7 on Graffiti.,"Dec 8, 2009",Album Track,https://mega.nz/folder/XUEBBIjZ#H18QBSyatsnqhPLbAc0wvA
Graffiti,I.Y.A.,Track #8 on Graffiti.,"Dec 8, 2009",Album Track,https://mega.nz/folder/XUEBBIjZ#H18QBSyatsnqhPLbAc0wvA
Graffiti,"Pass Out
(feat. Eva Simons)",Track #9 on Graffiti.,"Dec 8, 2009",Album Track,https://mega.nz/folder/XUEBBIjZ#H18QBSyatsnqhPLbAc0wvA
Graffiti,"Wait 
(feat. Trey Songz & The Game)",Track #10 on Graffiti.,"Dec 8, 2009",Album Track,https://mega.nz/folder/XUEBBIjZ#H18QBSyatsnqhPLbAc0wvA
Graffiti,Lucky Me,Track #11 on Graffiti.,"Dec 8, 2009",Album Track,https://mega.nz/folder/XUEBBIjZ#H18QBSyatsnqhPLbAc0wvA
Graffiti,Fallin' Down,Track #12 on Graffiti.,"Dec 8, 2009",Album Track,https://mega.nz/folder/XUEBBIjZ#H18QBSyatsnqhPLbAc0wvA
Graffiti,I'll Go,Track #13 on Graffiti.,"Dec 8, 2009",Album Track,https://mega.nz/folder/XUEBBIjZ#H18QBSyatsnqhPLbAc0wvA
Graffiti,Girlfriend,Track #14 on Graffiti.,"Dec 8, 2009",Bonus Track,https://mega.nz/folder/6VMAxYAI#6aHkgUwcLWjnaYgXaxab0w
Graffiti,Gotta Be Ur Man,Track #15 on Graffiti.,"Dec 8, 2009",Bonus Track,https://mega.nz/folder/6VMAxYAI#6aHkgUwcLWjnaYgXaxab0w
Graffiti,Movie,Track #16 on Graffiti.,"Dec 8, 2009",Bonus Track,https://mega.nz/folder/6VMAxYAI#6aHkgUwcLWjnaYgXaxab0w
Graffiti,For Ur Love,Track #17 on Graffiti.,"Dec 8, 2009",Bonus Track,https://mega.nz/folder/6VMAxYAI#6aHkgUwcLWjnaYgXaxab0w
Graffiti,I Need This,Track #18 on Graffiti.,"Dec 8, 2009",Bonus Track,https://mega.nz/folder/6VMAxYAI#6aHkgUwcLWjnaYgXaxab0w
Graffiti,I Love U,Track #19 on Graffiti.,"Dec 8, 2009",Bonus Track,https://mega.nz/folder/6VMAxYAI#6aHkgUwcLWjnaYgXaxab0w
Graffiti,Brown Skin Girl,Track #20 on Graffiti.,"Dec 8, 2009",Bonus Track,https://mega.nz/folder/6VMAxYAI#6aHkgUwcLWjnaYgXaxab0w
Graffiti,Chase Our Love,Track #21 on Graffiti.,"Dec 8, 2009",Bonus Track,https://mega.nz/folder/6VMAxYAI#6aHkgUwcLWjnaYgXaxab0w
Graffiti,Graffiti,Track #22 on Graffiti.,"Dec 8, 2009",Bonus Track,https://mega.nz/folder/6VMAxYAI#6aHkgUwcLWjnaYgXaxab0w
Graffiti,Go Away,Track #20 on the Japan version of Graffiti.,"Dec 8, 2009",International Bonus Track,https://mega.nz/folder/6VMAxYAI#6aHkgUwcLWjnaYgXaxab0w
Graffiti,They Say,Track #21 on the Japan version of Graffiti.,"Dec 8, 2009",International Bonus Track,https://mega.nz/folder/6VMAxYAI#6aHkgUwcLWjnaYgXaxab0w
"20 Mixtape Tracks
1 Bonus Track","In My Zone 
(Rhythm & Streets)","(12/8/2009) (Graffiti releases)
(02/14/2010) (In My Zone releases)",,,
In My Zone (Rhythm & Streets),Turnt Up,Track #1 on In My Zone (Rhythm & Streets).,"Feb 14, 2010",Mixtape Track,https://mega.nz/folder/OdsUALqL#Kn7FlhNShIipdwD-rMJkAw
In My Zone (Rhythm & Streets),Too Freaky,Track #2 on In My Zone (Rhythm & Streets).,"Feb 14, 2010",Mixtape Track,https://mega.nz/folder/OdsUALqL#Kn7FlhNShIipdwD-rMJkAw
In My Zone (Rhythm & Streets),Convertible,Track #3 on In My Zone (Rhythm & Streets).,"Feb 14, 2010",Mixtape Track,https://mega.nz/folder/OdsUALqL#Kn7FlhNShIipdwD-rMJkAw
In My Zone (Rhythm & Streets),Don't Lie,Track #4 on In My Zone (Rhythm & Streets).,"Feb 14, 2010",Mixtape Track,https://mega.nz/folder/OdsUALqL#Kn7FlhNShIipdwD-rMJkAw
In My Zone (Rhythm & Streets),"Bad
(feat. Soulja Boy)",Track #5 on In My Zone (Rhythm & Streets).,"Feb 14, 2010",Mixtape Track,https://mega.nz/folder/OdsUALqL#Kn7FlhNShIipdwD-rMJkAw
In My Zone (Rhythm & Streets),Invented Head,Track #6 on In My Zone (Rhythm & Streets).,"Feb 14, 2010",Mixtape Track,https://mega.nz/folder/OdsUALqL#Kn7FlhNShIipdwD-rMJkAw
In My Zone (Rhythm & Streets),"Shoes
(feat. LA The Darkman)",Track #7 on In My Zone (Rhythm & Streets).,"Feb 14, 2010",Mixtape Track,https://mega.nz/folder/OdsUALqL#Kn7FlhNShIipdwD-rMJkAw
In My Zone (Rhythm & Streets),"Big Booty Judy
(feat. Kevin McCall)",Track #8 on In My Zone (Rhythm & Streets).,"Feb 14, 2010",Mixtape Track,https://mega.nz/folder/OdsUALqL#Kn7FlhNShIipdwD-rMJkAw
In My Zone (Rhythm & Streets),Medusa,Track #9 on In My Zone (Rhythm & Streets).,"Feb 14, 2010",Mixtape Track,https://mega.nz/folder/OdsUALqL#Kn7FlhNShIipdwD-rMJkAw
In My Zone (Rhythm & Streets),Back Out,Track #10 on In My Zone (Rhythm & Streets).,"Feb 14, 2010",Mixtape Track,https://mega.nz/folder/OdsUALqL#Kn7FlhNShIipdwD-rMJkAw
In My Zone (Rhythm & Streets),Work Wit It,Track #11 on In My Zone (Rhythm & Streets).,"Feb 14, 2010",Mixtape Track,https://mega.nz/folder/OdsUALqL#Kn7FlhNShIipdwD-rMJkAw
In My Zone (Rhythm & Streets),"Say Ahh
(feat. Luvaboy TJ)",Track #12 on In My Zone (Rhythm & Streets).,"Feb 14, 2010",Mixtape Track,https://mega.nz/folder/OdsUALqL#Kn7FlhNShIipdwD-rMJkAw
In My Zone (Rhythm & Streets),I Get Around,Track #13 on In My Zone (Rhythm & Streets).,"Feb 14, 2010",Mixtape Track,https://mega.nz/folder/OdsUALqL#Kn7FlhNShIipdwD-rMJkAw
In My Zone (Rhythm & Streets),No Bullshit,Track #14 on In My Zone (Rhythm & Streets).,"Feb 14, 2010",Mixtape Track,https://mega.nz/folder/OdsUALqL#Kn7FlhNShIipdwD-rMJkAw
In My Zone (Rhythm & Streets),"Twitter
(feat. Kevin McCall)",Track #15 on In My Zone (Rhythm & Streets).,"Feb 14, 2010",Mixtape Track,https://mega.nz/folder/OdsUALqL#Kn7FlhNShIipdwD-rMJkAw
In My Zone (Rhythm & Streets),How Low Can You Go,Track #16 on In My Zone (Rhythm & Streets).,"Feb 14, 2010",Mixtape Track,https://mega.nz/folder/OdsUALqL#Kn7FlhNShIipdwD-rMJkAw
In My Zone (Rhythm & Streets),T.Y.A,Track #17 on In My Zone (Rhythm & Streets).,"Feb 14, 2010",Mixtape Track,https://mega.nz/folder/OdsUALqL#Kn7FlhNShIipdwD-rMJkAw
In My Zone (Rhythm & Streets),I Wanna Rock,Track #18 on In My Zone (Rhythm & Streets).,"Feb 14, 2010",Mixtape Track,https://mega.nz/folder/OdsUALqL#Kn7FlhNShIipdwD-rMJkAw
In My Zone (Rhythm & Streets),"Perfume
(feat. RichGirl)",Track #19 on In My Zone (Rhythm & Streets).,"Feb 14, 2010",Mixtape Track,https://mega.nz/folder/OdsUALqL#Kn7FlhNShIipdwD-rMJkAw
In My Zone (Rhythm & Streets),Sex,Track #20 on In My Zone (Rhythm & Streets).,"Feb 14, 2010",Mixtape Track,https://mega.nz/folder/OdsUALqL#Kn7FlhNShIipdwD-rMJkAw
In My Zone (Rhythm & Streets),Glow In the Dark,Track #21 on In My Zone (Rhythm & Streets).,"Feb 14, 2010",Bonus Track,https://mega.nz/folder/OdsUALqL#Kn7FlhNShIipdwD-rMJkAw
"18 Mixtape Tracks
2 Bonus Tracks","Fan of a Fan
(Chris Brown & Tyga)","(02/14/2010) (In My Zone releases)
(05/16/2010) (Fan of a Fan releases)",,,
Fan of a Fan,Intro,Track #1 on Fan of a Fan.,"May 16, 2010",Intro,https://mega.nz/folder/7YdF3ZIC#qqHp1gkC8MpZMBIHV5z9Ww
Fan of a Fan,What They Want,Track #1 on Fan of a Fan.,"May 16, 2010",Mixtape Track,https://mega.nz/folder/7YdF3ZIC#qqHp1gkC8MpZMBIHV5z9Ww
Fan of a Fan,Drop Top Girl,Track #1 on Fan of a Fan.,"May 16, 2010",Mixtape Track,https://mega.nz/folder/7YdF3ZIC#qqHp1gkC8MpZMBIHV5z9Ww
Fan of a Fan,"Deuces
(feat. Kevin McCall)",Track #1 on Fan of a Fan.,"May 16, 2010",Mixtape Track,https://mega.nz/folder/7YdF3ZIC#qqHp1gkC8MpZMBIHV5z9Ww
Fan of a Fan,Chris Brown - No Bullshit,Track #1 on Fan of a Fan.,"May 16, 2010",Mixtape Track,https://mega.nz/folder/7YdF3ZIC#qqHp1gkC8MpZMBIHV5z9Ww
Fan of a Fan,Chris Brown - 48 Bar Rap,Track #1 on Fan of a Fan.,"May 16, 2010",Mixtape Track,https://mega.nz/folder/7YdF3ZIC#qqHp1gkC8MpZMBIHV5z9Ww
Fan of a Fan,"Ballin'
(feat. Kevin McCall)",Track #1 on Fan of a Fan.,"May 16, 2010",Mixtape Track,https://mega.nz/folder/7YdF3ZIC#qqHp1gkC8MpZMBIHV5z9Ww
Fan of a Fan,Middle,Track #1 on Fan of a Fan.,"May 16, 2010",Interlude,https://mega.nz/folder/7YdF3ZIC#qqHp1gkC8MpZMBIHV5z9Ww
Fan of a Fan,"Chris Brown - Ain't Thinkin Bout You
(feat. Bow Wow)",Track #1 on Fan of a Fan.,"May 16, 2010",Mixtape Track,https://mega.nz/folder/7YdF3ZIC#qqHp1gkC8MpZMBIHV5z9Ww
Fan of a Fan,"Like a Virgin Again
(feat. Kevin McCall)",Track #1 on Fan of a Fan.,"May 16, 2010",Mixtape Track,https://mega.nz/folder/7YdF3ZIC#qqHp1gkC8MpZMBIHV5z9Ww
Fan of a Fan,"Have It
(feat. Kevin McCall)",Track #1 on Fan of a Fan.,"May 16, 2010",Mixtape Track,https://mega.nz/folder/7YdF3ZIC#qqHp1gkC8MpZMBIHV5z9Ww
Fan of a Fan,"Chris Brown - Number One
(feat. Kevin McCall)",Track #1 on Fan of a Fan.,"May 16, 2010",Mixtape Track,https://mega.nz/folder/7YdF3ZIC#qqHp1gkC8MpZMBIHV5z9Ww
Fan of a Fan,Make Love,Track #1 on Fan of a Fan.,"May 16, 2010",Mixtape Track,https://mega.nz/folder/7YdF3ZIC#qqHp1gkC8MpZMBIHV5z9Ww
Fan of a Fan,Tyga - I'm So Raw,Track #1 on Fan of a Fan.,"May 16, 2010",Mixtape Track,https://mega.nz/folder/7YdF3ZIC#qqHp1gkC8MpZMBIHV5z9Ww
Fan of a Fan,"Tyga - I'm On It
(feat. Lil Wayne)",Track #1 on Fan of a Fan.,"May 16, 2010",Mixtape Track,https://mega.nz/folder/7YdF3ZIC#qqHp1gkC8MpZMBIHV5z9Ww
Fan of a Fan,Tyga - Movin' 2 Fast,Track #1 on Fan of a Fan.,"May 16, 2010",Mixtape Track,https://mega.nz/folder/7YdF3ZIC#qqHp1gkC8MpZMBIHV5z9Ww
Fan of a Fan,Regular Girl,Track #1 on Fan of a Fan.,"May 16, 2010",Mixtape Track,https://mega.nz/folder/7YdF3ZIC#qqHp1gkC8MpZMBIHV5z9Ww
Fan of a Fan,Outro,Track #1 on Fan of a Fan.,"May 16, 2010",Outro,https://mega.nz/folder/7YdF3ZIC#qqHp1gkC8MpZMBIHV5z9Ww
Fan of a Fan,G Shit,Track #1 on Fan of a Fan.,"May 16, 2010",Bonus Track,https://mega.nz/folder/7YdF3ZIC#qqHp1gkC8MpZMBIHV5z9Ww
Fan of a Fan,Holla At Me,Track #1 on Fan of a Fan.,"May 16, 2010",Bonus Track,https://mega.nz/folder/7YdF3ZIC#qqHp1gkC8MpZMBIHV5z9Ww
20 Mixtape Tracks,In My Zone 2,"(05/16/2010) (Fan of a Fan releases)
(11/26/2010) (In My Zone 2 releases)",,,
In My Zone 2,"Ms Breezy
(feat. Gucci Mane)",Track #1 on In My Zone 2.,"Nov 26, 2010",Mixtape Track,https://mega.nz/folder/KZk0iBCR#rUtZ626CmS0Yoeq3KYvzdQ
In My Zone 2,"Shit God Damn
(feat. Big Sean)",Track #2 on In My Zone 2.,"Nov 26, 2010",Mixtape Track,https://mega.nz/folder/KZk0iBCR#rUtZ626CmS0Yoeq3KYvzdQ
In My Zone 2,Talk That Shit,Track #3 on In My Zone 2.,"Nov 26, 2010",Mixtape Track,https://mega.nz/folder/KZk0iBCR#rUtZ626CmS0Yoeq3KYvzdQ
In My Zone 2,"My Girl Like Them Girls
(feat. J Valentine)",Track #4 on In My Zone 2.,"Nov 26, 2010",Mixtape Track,https://mega.nz/folder/KZk0iBCR#rUtZ626CmS0Yoeq3KYvzdQ
In My Zone 2,"Fuck Um All
(feat. Kevin McCall & Diesel)",Track #5 on In My Zone 2.,"Nov 26, 2010",Mixtape Track,https://mega.nz/folder/KZk0iBCR#rUtZ626CmS0Yoeq3KYvzdQ
In My Zone 2,"Christmas Came Today
(feat. Seven)",Track #6 on In My Zone 2.,"Nov 26, 2010",Mixtape Track,https://mega.nz/folder/KZk0iBCR#rUtZ626CmS0Yoeq3KYvzdQ
In My Zone 2,"Glitter
(feat. Big Sean)",Track #7 on In My Zone 2.,"Nov 26, 2010",Mixtape Track,https://mega.nz/folder/KZk0iBCR#rUtZ626CmS0Yoeq3KYvzdQ
In My Zone 2,"What U Doin
(feat. Big Sean)",Track #8 on In My Zone 2.,"Nov 26, 2010",Mixtape Track,https://mega.nz/folder/KZk0iBCR#rUtZ626CmS0Yoeq3KYvzdQ
In My Zone 2,"Drop Rap
(feat. Petey Pablo)",Track #9 on In My Zone 2.,"Nov 26, 2010",Mixtape Track,https://mega.nz/folder/KZk0iBCR#rUtZ626CmS0Yoeq3KYvzdQ
In My Zone 2,AWOL,Track #10 on In My Zone 2.,"Nov 26, 2010",Mixtape Track,https://mega.nz/folder/KZk0iBCR#rUtZ626CmS0Yoeq3KYvzdQ
In My Zone 2,Seen Her Naked,Track #11 on In My Zone 2.,"Nov 26, 2010",Mixtape Track,https://mega.nz/folder/KZk0iBCR#rUtZ626CmS0Yoeq3KYvzdQ
In My Zone 2,Last Time Together,Track #12 on In My Zone 2.,"Nov 26, 2010",Mixtape Track,https://mega.nz/folder/KZk0iBCR#rUtZ626CmS0Yoeq3KYvzdQ
In My Zone 2,"All Off 
(feat. Seven & Kevin McCall)",Track #13 on In My Zone 2.,"Nov 26, 2010",Mixtape Track,https://mega.nz/folder/KZk0iBCR#rUtZ626CmS0Yoeq3KYvzdQ
In My Zone 2,"Life Itself
(feat. Kevin McCall)",Track #14 on In My Zone 2.,"Nov 26, 2010",Mixtape Track,https://mega.nz/folder/KZk0iBCR#rUtZ626CmS0Yoeq3KYvzdQ
In My Zone 2,"Sex Love
(feat. Lonny Bereal & Seven)",Track #15 on In My Zone 2.,"Nov 26, 2010",Mixtape Track,https://mega.nz/folder/KZk0iBCR#rUtZ626CmS0Yoeq3KYvzdQ
In My Zone 2,Another You,Track #16 on In My Zone 2.,"Nov 26, 2010",Mixtape Track,https://mega.nz/folder/KZk0iBCR#rUtZ626CmS0Yoeq3KYvzdQ
In My Zone 2,Boing,Track #17 on In My Zone 2.,"Nov 26, 2010",Mixtape Track,https://mega.nz/folder/KZk0iBCR#rUtZ626CmS0Yoeq3KYvzdQ
In My Zone 2,"Quits
(feat. Kevin McCall)",Track #18 on In My Zone 2.,"Nov 26, 2010",Mixtape Track,https://mega.nz/folder/KZk0iBCR#rUtZ626CmS0Yoeq3KYvzdQ
In My Zone 2,"You Want Me
(feat. Seven)",Track #19 on In My Zone 2.,"Nov 26, 2010",Mixtape Track,https://mega.nz/folder/KZk0iBCR#rUtZ626CmS0Yoeq3KYvzdQ
In My Zone 2,Put Your Hands In the Air,Track #20 on In My Zone 2.,"Nov 26, 2010",Mixtape Track,https://mega.nz/folder/KZk0iBCR#rUtZ626CmS0Yoeq3KYvzdQ
"13 Album Tracks
5 Bonus Tracks",F.A.M.E.,"(XX/XX/2010) (F.A.M.E. starts recording)
(3/18/2011) (F.A.M.E. releases)",,,
F.A.M.E.,Deuces,Track #1 on F.A.M.E.,"Mar 18, 2011",Single / Album Track,https://mega.nz/folder/iMtXTZra#90QCDegJhTgF_7piXojLdA
F.A.M.E.,Up to You,Track #2 on F.A.M.E.,"Mar 18, 2011",Album Track,https://mega.nz/folder/iMtXTZra#90QCDegJhTgF_7piXojLdA
F.A.M.E.,"No BS
(feat. Kevin McCall)",Track #3 on F.A.M.E.,"Mar 18, 2011",Single / Album Track,https://mega.nz/folder/iMtXTZra#90QCDegJhTgF_7piXojLdA
F.A.M.E.,"Look At Me Now
(feat. Lil Wayne & Busta Rhymes)",Track #4 on F.A.M.E.,"Mar 18, 2011",Single / Album Track,https://mega.nz/folder/iMtXTZra#90QCDegJhTgF_7piXojLdA
F.A.M.E.,She Ain't You,Track #5 on F.A.M.E.,"Mar 18, 2011",Single / Album Track,https://mega.nz/folder/iMtXTZra#90QCDegJhTgF_7piXojLdA
F.A.M.E.,Say It With Me,Track #6 on F.A.M.E.,"Mar 18, 2011",Album Track,https://mega.nz/folder/iMtXTZra#90QCDegJhTgF_7piXojLdA
F.A.M.E.,Yeah 3X,Track #7 on F.A.M.E.,"Mar 18, 2011",Single / Album Track,https://mega.nz/folder/iMtXTZra#90QCDegJhTgF_7piXojLdA
F.A.M.E.,"Next to You 
(feat. Justin Bieber)",Track #8 on F.A.M.E.,"Mar 18, 2011",Single / Album Track,https://mega.nz/folder/iMtXTZra#90QCDegJhTgF_7piXojLdA
F.A.M.E.,All Back,Track #9 on F.A.M.E.,"Mar 18, 2011",Album Track,https://mega.nz/folder/iMtXTZra#90QCDegJhTgF_7piXojLdA
F.A.M.E.,Wet the Bed,Track #10 on F.A.M.E.,"Mar 18, 2011",Single / Album Track,https://mega.nz/folder/iMtXTZra#90QCDegJhTgF_7piXojLdA
F.A.M.E.,Oh My Love,Track #11 on F.A.M.E.,"Mar 18, 2011",Album Track,https://mega.nz/folder/iMtXTZra#90QCDegJhTgF_7piXojLdA
F.A.M.E.,Should've Kissed You,Track #12 on F.A.M.E.,"Mar 18, 2011",Album Track,https://mega.nz/folder/iMtXTZra#90QCDegJhTgF_7piXojLdA
F.A.M.E.,"Beautiful People
(feat. Benny Benassi)",Track #13 on F.A.M.E.,"Mar 18, 2011",Single / Album Track,https://mega.nz/folder/iMtXTZra#90QCDegJhTgF_7piXojLdA
F.A.M.E.,"Bomb
(feat. Wiz Khalifa)",Track #14 on F.A.M.E.,"Mar 18, 2011",Bonus Track,https://mega.nz/folder/iMtXTZra#90QCDegJhTgF_7piXojLdA
F.A.M.E.,"Love the Girls
(feat. Eva Simons & The Game)",Track #15 on F.A.M.E.,"Mar 18, 2011",Bonus Track,https://mega.nz/folder/iMtXTZra#90QCDegJhTgF_7piXojLdA
F.A.M.E.,"Paper, Scissors, Rock
(feat. Big Sean & Timbaland)",Track #16 on F.A.M.E.,"Mar 18, 2011",Bonus Track,https://mega.nz/folder/iMtXTZra#90QCDegJhTgF_7piXojLdA
F.A.M.E.,Beg For It,Track #17 on F.A.M.E.,"Mar 18, 2011",Bonus Track,https://mega.nz/folder/iMtXTZra#90QCDegJhTgF_7piXojLdA
F.A.M.E.,"Chipmunk - Champion
(feat. Chris Brown)",Track #18 on F.A.M.E.,"Mar 18, 2011",Feature / Bonus Track,https://mega.nz/folder/iMtXTZra#90QCDegJhTgF_7piXojLdA
F.A.M.E.,All About You,Appeared on the limited Team Breezy deluxe for F.A.M.E. as track #18 with a music video released as a Breezy TV exclusive. Got released as a single on streaming with the F.A.M.E. cover.,"Mar 18, 2011",Single / Bonus Track,https://pillows.su/f/3bd3414a1195d6fd50b174e887c100d1
F.A.M.E.,"Talk Ya Ear Off
(prod. Timbaland)",Track #18 on the Japan version of F.A.M.E. and it also appeared on the Next to You single.,"Mar 18, 2011",International Bonus Track,https://pillows.su/f/d0f8689142ec88d8f5865ec359345bde
21 Mixtape Tracks,Boy In Detention,"(3/18/2011) (F.A.M.E. releases)
(8/5/2011) (Boy In Detention releases)",,,
Boy In Detention,First 48,Track #1 on Boy In Detention.,"Aug 5, 2011",Mixtape Track,https://mega.nz/folder/yAUHUBrA#Byp_5gB7kYKvVCASSoacXQ
Boy In Detention,Crazy,Track #2 on Boy In Detention.,"Aug 5, 2011",Mixtape Track,https://mega.nz/folder/yAUHUBrA#Byp_5gB7kYKvVCASSoacXQ
Boy In Detention,"Freaky I'm Iz
(feat. Diezel & Kevin McCall)",Track #3 on Boy In Detention.,"Aug 5, 2011",Mixtape Track,https://mega.nz/folder/yAUHUBrA#Byp_5gB7kYKvVCASSoacXQ
Boy In Detention,"Body on Mine
(feat. Sevyn Streeter)",Track #4 on Boy In Detention.,"Aug 5, 2011",Mixtape Track,https://mega.nz/folder/yAUHUBrA#Byp_5gB7kYKvVCASSoacXQ
Boy In Detention,"Spend It All
(feat. Kevin McCall & Sevyn Streeter)",Track #5 on Boy In Detention.,"Aug 5, 2011",Mixtape Track,https://mega.nz/folder/yAUHUBrA#Byp_5gB7kYKvVCASSoacXQ
Boy In Detention,"Private Dancer
(feat. Kevin McCall & Sevyn Streeter)",Track #6 on Boy In Detention.,"Aug 5, 2011",Mixtape Track,https://mega.nz/folder/yAUHUBrA#Byp_5gB7kYKvVCASSoacXQ
Boy In Detention,"100 Bottles
(feat. Sevyn Streeter)",Track #7 on Boy In Detention.,"Aug 5, 2011",Mixtape Track,https://mega.nz/folder/yAUHUBrA#Byp_5gB7kYKvVCASSoacXQ
Boy In Detention,"Leave the Club
(feat. Joelle James)",Track #8 on Boy In Detention.,"Aug 5, 2011",Mixtape Track,https://mega.nz/folder/yAUHUBrA#Byp_5gB7kYKvVCASSoacXQ
Boy In Detention,"Real Hip Hop Shit #4
(feat. Kevin McCall)",Track #9 on Boy In Detention.,"Aug 5, 2011",Mixtape Track,https://mega.nz/folder/yAUHUBrA#Byp_5gB7kYKvVCASSoacXQ
Boy In Detention,Your Body,Track #10 on Boy In Detention.,"Aug 5, 2011",Mixtape Track,https://mega.nz/folder/yAUHUBrA#Byp_5gB7kYKvVCASSoacXQ
Boy In Detention,"Ladies Love Me
(feat. Justin Bieber)",Track #11 on Boy In Detention.,"Aug 5, 2011",Mixtape Track,https://mega.nz/folder/yAUHUBrA#Byp_5gB7kYKvVCASSoacXQ
Boy In Detention,Real Hip Hop Shit #3,Track #12 on Boy In Detention.,"Aug 5, 2011",Mixtape Track,https://mega.nz/folder/yAUHUBrA#Byp_5gB7kYKvVCASSoacXQ
Boy In Detention,"Real Hip Hop Shit
(feat. Kevin McCall)",Track #13 on Boy In Detention.,"Aug 5, 2011",Mixtape Track,https://mega.nz/folder/yAUHUBrA#Byp_5gB7kYKvVCASSoacXQ
Boy In Detention,"Tyga - Snapbacks Back
(feat. Chris Brown)",Track #14 on Boy In Detention.,"Aug 5, 2011",Mixtape Track,https://mega.nz/folder/yAUHUBrA#Byp_5gB7kYKvVCASSoacXQ
Boy In Detention,The Best Yo,Track #15 on Boy In Detention.,"Aug 5, 2011",Mixtape Track,https://mega.nz/folder/yAUHUBrA#Byp_5gB7kYKvVCASSoacXQ
Boy In Detention,"Marvin's Room (Remix)
(feat. J. Valentine, Kevin McCall & Sevyn Streeter)",Track #16 on Boy In Detention.,"Aug 5, 2011",Mixtape Track,https://mega.nz/folder/yAUHUBrA#Byp_5gB7kYKvVCASSoacXQ
Boy In Detention,"100%
(feat. Kevin McCall)",Track #17 on Boy In Detention.,"Aug 5, 2011",Mixtape Track,https://mega.nz/folder/yAUHUBrA#Byp_5gB7kYKvVCASSoacXQ
Boy In Detention,Last,Track #18 on Boy In Detention.,"Aug 5, 2011",Mixtape Track,https://mega.nz/folder/yAUHUBrA#Byp_5gB7kYKvVCASSoacXQ
Boy In Detention,Sweetheart,Track #19 on Boy In Detention.,"Aug 5, 2011",Mixtape Track,https://mega.nz/folder/yAUHUBrA#Byp_5gB7kYKvVCASSoacXQ
Boy In Detention,"Strip
(feat. Kevin McCall)",Track #20 on Boy In Detention.,"Aug 5, 2011",Mixtape Track,https://mega.nz/folder/yAUHUBrA#Byp_5gB7kYKvVCASSoacXQ
Boy In Detention,"Yoko
(feat. Berner, Big K.R.I.T. & Wiz Khalifa)",Track #21 on Boy In Detention.,"Aug 5, 2011",Mixtape Track,https://mega.nz/folder/yAUHUBrA#Byp_5gB7kYKvVCASSoacXQ
"14 Album Tracks
11 Bonus Tracks",Fortune,"(XX/XX/2010) (Fortune starts recording)
(7/3/2012) (Fortune releases)",,,
Fortune,Turn Up the Music,Track #1 on Fortune.,"Jul 3, 2012",Single / Album Track,https://mega.nz/folder/OVdXUR4A#Lpw6Nmt0WojNjcZnkR90MQ
Fortune,Bassline,Track #2 on Fortune.,"Jul 3, 2012",Album Track,https://mega.nz/folder/OVdXUR4A#Lpw6Nmt0WojNjcZnkR90MQ
Fortune,"Till I Die
(feat. Big Sean & Wiz Khalifa)",Track #3 on Fortune.,"Jul 3, 2012",Single / Album Track,https://mega.nz/folder/OVdXUR4A#Lpw6Nmt0WojNjcZnkR90MQ
Fortune,"Mirage
(feat. Nas)",Track #4 on Fortune.,"Jul 3, 2012",Album Track,https://mega.nz/folder/OVdXUR4A#Lpw6Nmt0WojNjcZnkR90MQ
Fortune,Don't Judge Me,Track #5 on Fortune.,"Jul 3, 2012",Single / Album Track,https://mega.nz/folder/OVdXUR4A#Lpw6Nmt0WojNjcZnkR90MQ
Fortune,2012,Track #6 on Fortune.,"Jul 3, 2012",Album Track,https://mega.nz/folder/OVdXUR4A#Lpw6Nmt0WojNjcZnkR90MQ
Fortune,Biggest Fan,Track #7 on Fortune.,"Jul 3, 2012",Album Track,https://mega.nz/folder/OVdXUR4A#Lpw6Nmt0WojNjcZnkR90MQ
Fortune,Sweet Love,Track #8 on Fortune.,"Jul 3, 2012",Single / Album Track,https://mega.nz/folder/OVdXUR4A#Lpw6Nmt0WojNjcZnkR90MQ
Fortune,"Strip 
(feat. Kevin McCall)",Track #9 on Fortune.,"Jul 3, 2012",Single / Album Track,https://mega.nz/folder/OVdXUR4A#Lpw6Nmt0WojNjcZnkR90MQ
Fortune,Stuck on Stupid,Track #10 on Fortune.,"Jul 3, 2012",Album Track,https://mega.nz/folder/OVdXUR4A#Lpw6Nmt0WojNjcZnkR90MQ
Fortune,4 Years Old,Track #11 on Fortune.,"Jul 3, 2012",Album Track,https://mega.nz/folder/OVdXUR4A#Lpw6Nmt0WojNjcZnkR90MQ
Fortune,"Party Hard / Cadillac (Interlude)
(feat. Sevyn)",Track #12 on Fortune.,"Jul 3, 2012",Album Track,https://mega.nz/folder/OVdXUR4A#Lpw6Nmt0WojNjcZnkR90MQ
Fortune,Don't Wake Me Up,Track #13 on Fortune.,"Jul 3, 2012",Single / Album Track,https://mega.nz/folder/OVdXUR4A#Lpw6Nmt0WojNjcZnkR90MQ
Fortune,"Trumpet Lights
(feat. Sabrina Antoinette)",Track #14 on Fortune.,"Jul 3, 2012",Album Track,https://mega.nz/folder/OVdXUR4A#Lpw6Nmt0WojNjcZnkR90MQ
Fortune,Tell Somebody,Track #15 on Fortune.,"Jul 3, 2012",Bonus Track,https://mega.nz/folder/ad0njAbb#xI01gcgxBOchcSnQfhAYXA
Fortune,Free Run,Track #16 on Fortune.,"Jul 3, 2012",Bonus Track,https://mega.nz/folder/ad0njAbb#xI01gcgxBOchcSnQfhAYXA
Fortune,"Remember My Name
(feat. Sevyn)",Track #17 on Fortune.,"Jul 3, 2012",Bonus Track,https://mega.nz/folder/ad0njAbb#xI01gcgxBOchcSnQfhAYXA
Fortune,Wait For You,Track #18 on Fortune.,"Jul 3, 2012",Bonus Track,https://mega.nz/folder/ad0njAbb#xI01gcgxBOchcSnQfhAYXA
Fortune,"Touch Me
(feat. Sevyn)",Track #19 on Fortune.,"Jul 3, 2012",Bonus Track,https://mega.nz/folder/ad0njAbb#xI01gcgxBOchcSnQfhAYXA
Fortune,Key 2 Your Heart,Track #20 on the European version of Fortune.,"Jul 3, 2012", International Bonus Track,https://mega.nz/folder/ad0njAbb#xI01gcgxBOchcSnQfhAYXA
Fortune,Do It Again,Track #21 on the European version of Fortune.,"Jul 3, 2012", International Bonus Track,https://mega.nz/folder/ad0njAbb#xI01gcgxBOchcSnQfhAYXA
Fortune,Your World,Track #20 on the Japan version of Fortune.,"Jul 3, 2012", International Bonus Track,https://mega.nz/folder/ad0njAbb#xI01gcgxBOchcSnQfhAYXA
,Fortune (Expanded Edition Bonuses),,,,
Fortune (EE),"Oh Yeah
(feat. 2 Chainz & Snoop Dogg)",Track #20 on Fortune (Expanded Edition).,"Jul 3, 2012",Bonus Track,https://mega.nz/folder/HN9V2BzC#mcI1myuWKYtEZrtuFs10Sw/folder/SYlwVCTK
Fortune (EE),Calypso,Track #21 on Fortune (Expanded Edition).,"Jul 3, 2012",Bonus Track,https://mega.nz/folder/HN9V2BzC#mcI1myuWKYtEZrtuFs10Sw/folder/SYlwVCTK
Fortune (EE),"Get Down
(feat. B.o.B.)",Track #22 on Fortune (Expanded Edition).,"Jul 3, 2012",Bonus Track,https://mega.nz/folder/HN9V2BzC#mcI1myuWKYtEZrtuFs10Sw/folder/SYlwVCTK
5 EP Tracks,X-Files,"(11/19/2013) (X gets delayed)
(11/19/2013) (X-Files releases)",,,
X-Files,War For You,Track #1 on X-Files.,"Nov 19, 2013",EP Track,https://mega.nz/folder/LQskVL7K#jyvx1WGS5IY0BWh1q4a2Sg
X-Files,Waiting,Track #2 on X-Files.,"Nov 19, 2013",EP Track,https://mega.nz/folder/LQskVL7K#jyvx1WGS5IY0BWh1q4a2Sg
X-Files,"Sweet Caroline 
(feat. Busta Rhymes)",Track #3 on X-Files.,"Nov 19, 2013",EP Track,https://mega.nz/folder/LQskVL7K#jyvx1WGS5IY0BWh1q4a2Sg
X-Files,Love 2 Remember,Track #4 on X-Files.,"Nov 19, 2013",EP Track,https://mega.nz/folder/LQskVL7K#jyvx1WGS5IY0BWh1q4a2Sg
X-Files,"Fantasy 2 
(feat. Ludacris)",Track #5 on X-Files.,"Nov 19, 2013",EP Track,https://mega.nz/folder/LQskVL7K#jyvx1WGS5IY0BWh1q4a2Sg
X-Files,"Kid Ink - Main Chick
(feat. Chris Brown)",Track #6 on X-Files.,"Nov 19, 2013",EP Track,https://mega.nz/folder/LQskVL7K#jyvx1WGS5IY0BWh1q4a2Sg
"17 Album Tracks
5 Bonus Tracks","X
(Carpe Diem)","(XX/XX/2012) (X starts recording)
(9/16/2014) (X releases)",,"Was originally called ""Carpe Diem"" shortly after Fortune released and even had a tour under the same name in 2012. In 2013 it was revealed the album was now just going to be called ""X"" and was going to feature the following producers Diplo, Timbaland, RoccStar, Danja & Pharrell along with the following features Ariana Grande, Kendrick Lamar, B.o.B., Wiz Khalifla, Rihanna, Kelly Rowland, Brandy & Ludacris. After the album got pushed back many times, Chris redid a lot of the album in 2014 following his release from prison. ",
X,X,Track #1 on X.,"Sep 16, 2014",Album Track,https://mega.nz/folder/jNEwjKQJ#YblkwDgwr8imUZK2ZIHa9w
X,Add Me In,Track #2 on X.,"Sep 16, 2014",Album Track,https://mega.nz/folder/jNEwjKQJ#YblkwDgwr8imUZK2ZIHa9w
X,"Loyal
(feat. Lil Wayne & Tyga)",Track #3 on X.,"Sep 16, 2014",Single / Album Track,https://mega.nz/folder/jNEwjKQJ#YblkwDgwr8imUZK2ZIHa9w
X,"New Flame
(feat. Usher & Rick Ross)",Track #4 on X.,"Sep 16, 2014",Single / Album Track,https://mega.nz/folder/jNEwjKQJ#YblkwDgwr8imUZK2ZIHa9w
X,"Songs On 12 Play
(feat. Trey Songz)",Track #5 on X.,"Sep 16, 2014",Album Track,https://mega.nz/folder/jNEwjKQJ#YblkwDgwr8imUZK2ZIHa9w
X,101 (Interlude),Track #6 on X.,"Sep 16, 2014",Interlude,https://mega.nz/folder/jNEwjKQJ#YblkwDgwr8imUZK2ZIHa9w
X,"Drown In It
(feat. R. Kelly)",Track #7 on X.,"Sep 16, 2014",Album Track,https://mega.nz/folder/jNEwjKQJ#YblkwDgwr8imUZK2ZIHa9w
X,"Came To Do
(feat. Akon)",Track #8 on X.,"Sep 16, 2014",Album Track,https://mega.nz/folder/jNEwjKQJ#YblkwDgwr8imUZK2ZIHa9w
X,Stereotype,Track #9 on X.,"Sep 16, 2014",Album Track,https://mega.nz/folder/jNEwjKQJ#YblkwDgwr8imUZK2ZIHa9w
X,Time For Love,Track #10 on X.,"Sep 16, 2014",Album Track,https://mega.nz/folder/jNEwjKQJ#YblkwDgwr8imUZK2ZIHa9w
X,Lady In a Glass Dress (Interlude),Track #11 on X.,"Sep 16, 2014",Interlude,https://mega.nz/folder/jNEwjKQJ#YblkwDgwr8imUZK2ZIHa9w
X,"Autumn Leaves
(feat. Kendrick Lamar)",Track #12 on X.,"Sep 16, 2014",Album Track,https://mega.nz/folder/jNEwjKQJ#YblkwDgwr8imUZK2ZIHa9w
X,"Do Better
(feat. Brandy)",Track #13 on X.,"Sep 16, 2014",Album Track,https://mega.nz/folder/jNEwjKQJ#YblkwDgwr8imUZK2ZIHa9w
X,See You Around,Track #14 on X.,"Sep 16, 2014",Album Track,https://mega.nz/folder/jNEwjKQJ#YblkwDgwr8imUZK2ZIHa9w
X,Don't Be Gone Too Long,Track #15 on X.,"Sep 16, 2014",Album Track,https://mega.nz/folder/jNEwjKQJ#YblkwDgwr8imUZK2ZIHa9w
X,Body Shots,Track #16 on X.,"Sep 16, 2014",Album Track,https://mega.nz/folder/jNEwjKQJ#YblkwDgwr8imUZK2ZIHa9w
X,"Drunk Texting
(feat. Jhené Aiko)",Track #17 on X.,"Sep 16, 2014",Album Track,https://mega.nz/folder/jNEwjKQJ#YblkwDgwr8imUZK2ZIHa9w
X,Lost In Ya Love,Track #18 on X.,"Sep 16, 2014",Bonus Track,https://mega.nz/folder/jNEwjKQJ#YblkwDgwr8imUZK2ZIHa9w
X,"Love More
(feat. Nicki Minaj)",Track #19 on X.,"Sep 16, 2014",Single / Bonus Track,https://mega.nz/folder/jNEwjKQJ#YblkwDgwr8imUZK2ZIHa9w
X,"Don't Think They Know
(feat. Aaliyah)",Track #20 on X.,"Sep 16, 2014",Single / Bonus Track,https://mega.nz/folder/jNEwjKQJ#YblkwDgwr8imUZK2ZIHa9w
X,Fine China,Track #21 on X.,"Sep 16, 2014",Single / Bonus Track,https://mega.nz/folder/jNEwjKQJ#YblkwDgwr8imUZK2ZIHa9w
X,No Lights,Track #22 on X.,"Sep 16, 2014",Bonus Track,https://mega.nz/folder/jNEwjKQJ#YblkwDgwr8imUZK2ZIHa9w
"12 Album Tracks
4 Bonus Tracks","Fan of a Fan: The Album
(Chris Brown & Tyga)","(4/18/2012) (Chris says he's making Fan of a Fan 2 with Tyga)
(2/20/2015) (Fan of a Fan the Album releases)",,,
Fan of a Fan the Album,Westside,Track #1 on Fan of a Fan: The Album.,"Feburary 20, 2015",Album Track,https://mega.nz/folder/HN9V2BzC#mcI1myuWKYtEZrtuFs10Sw/folder/DV1gxYYD
Fan of a Fan the Album,"Nothin' Like Me
(feat. Ty Dolla $ign)",Track #2 on Fan of a Fan: The Album.,"Feburary 20, 2015",Album Track,https://mega.nz/folder/HN9V2BzC#mcI1myuWKYtEZrtuFs10Sw/folder/DV1gxYYD
Fan of a Fan the Album,Ayo,Track #3 on Fan of a Fan: The Album.,"Feburary 20, 2015",Single / Album Track,https://mega.nz/folder/HN9V2BzC#mcI1myuWKYtEZrtuFs10Sw/folder/DV1gxYYD
Fan of a Fan the Album,Girl You Loud,Track #4 on Fan of a Fan: The Album.,"Feburary 20, 2015",Album Track,https://mega.nz/folder/HN9V2BzC#mcI1myuWKYtEZrtuFs10Sw/folder/DV1gxYYD
Fan of a Fan the Album,Remember Me,Track #5 on Fan of a Fan: The Album.,"Feburary 20, 2015",Album Track,https://mega.nz/folder/HN9V2BzC#mcI1myuWKYtEZrtuFs10Sw/folder/DV1gxYYD
Fan of a Fan the Album,"I Bet
(feat. 50 Cent)",Track #6 on Fan of a Fan: The Album.,"Feburary 20, 2015",Album Track,https://mega.nz/folder/HN9V2BzC#mcI1myuWKYtEZrtuFs10Sw/folder/DV1gxYYD
Fan of a Fan the Album,"D.G.I.F.U.
(feat. Pusha T)",Track #7 on Fan of a Fan: The Album.,"Feburary 20, 2015",Album Track,https://mega.nz/folder/HN9V2BzC#mcI1myuWKYtEZrtuFs10Sw/folder/DV1gxYYD
Fan of a Fan the Album,Better,Track #8 on Fan of a Fan: The Album.,"Feburary 20, 2015",Album Track,https://mega.nz/folder/HN9V2BzC#mcI1myuWKYtEZrtuFs10Sw/folder/DV1gxYYD
Fan of a Fan the Album,"Lights Out
(feat. Fat Trel)",Track #9 on Fan of a Fan: The Album.,"Feburary 20, 2015",Album Track,https://mega.nz/folder/HN9V2BzC#mcI1myuWKYtEZrtuFs10Sw/folder/DV1gxYYD
Fan of a Fan the Album,"Real One
(feat. Boosie Badazz)",Track #10 on Fan of a Fan: The Album.,"Feburary 20, 2015",Album Track,https://mega.nz/folder/HN9V2BzC#mcI1myuWKYtEZrtuFs10Sw/folder/DV1gxYYD
Fan of a Fan the Album,"Bitches N Marijuana
(feat. ScHoolboy Q)",Track #11 on Fan of a Fan: The Album.,"Feburary 20, 2015",Single / Album Track,https://mega.nz/folder/HN9V2BzC#mcI1myuWKYtEZrtuFs10Sw/folder/DV1gxYYD
Fan of a Fan the Album,She Goin' Up,Track #12 on Fan of a Fan: The Album.,"Feburary 20, 2015",Album Track,https://mega.nz/folder/HN9V2BzC#mcI1myuWKYtEZrtuFs10Sw/folder/DV1gxYYD
Fan of a Fan the Album,Wrong In the Right Way,Track #13 on Fan of a Fan: The Album.,"Feburary 20, 2015",Bonus Track,https://mega.nz/folder/HN9V2BzC#mcI1myuWKYtEZrtuFs10Sw/folder/DV1gxYYD
Fan of a Fan the Album,"Bunkin'
(feat. Jay 305 & T.I.)",Track #14 on Fan of a Fan: The Album.,"Feburary 20, 2015",Bonus Track,https://mega.nz/folder/HN9V2BzC#mcI1myuWKYtEZrtuFs10Sw/folder/DV1gxYYD
Fan of a Fan the Album,"It's Yo Shit
(feat. Wale)",Track #15 on Fan of a Fan: The Album.,"Feburary 20, 2015",Bonus Track,https://mega.nz/folder/HN9V2BzC#mcI1myuWKYtEZrtuFs10Sw/folder/DV1gxYYD
Fan of a Fan the Album,Banjo,Track #16 on Fan of a Fan: The Album.,"Feburary 20, 2015",Bonus Track,https://mega.nz/folder/HN9V2BzC#mcI1myuWKYtEZrtuFs10Sw/folder/DV1gxYYD
35 Mixtape Tracks,Before the Party,"(11/27/2015) (Royalty gets delayed)
(11/27/2015) (Before the Party releases)",,,
Before the Party,"Counterfeit 
(feat. Rihanna, Wiz Khalifa & Kelly Rowland)",Track #1 on Before the Party. Produced by Danja & RoccStar and was originally for the X album.,"Nov 27, 2015",Mixtape Track,https://mega.nz/folder/HVFmkbKa#1da3PQtMEgHlMsMMKu4kTg
Before the Party,Go,Track #2 on Before the Party. Produced by Kuk Harrell and was either recorded in 2013 or 2014.,"Nov 27, 2015",Mixtape Track,https://mega.nz/folder/HVFmkbKa#1da3PQtMEgHlMsMMKu4kTg
Before the Party,Sex,Track #3 on Before the Party. Produced by RoccStar & d.a. got that dope and was likely recorded in 2013.,"Nov 27, 2015",Mixtape Track,https://mega.nz/folder/HVFmkbKa#1da3PQtMEgHlMsMMKu4kTg
Before the Party,"Holy Angel
(feat. Pusha T)",Track #4 on Before the Party. Produced by DJ Chose and was either recorded in 2014 or 2015 since he mentions his community service that he finished in February of 2015.,"Nov 27, 2015",Mixtape Track,https://mega.nz/folder/HVFmkbKa#1da3PQtMEgHlMsMMKu4kTg
Before the Party,Pussy,Track #5 on Before the Party. Produced by Krysshun and could've been recorded anytime from 2013-2015.,"Nov 27, 2015",Mixtape Track,https://mega.nz/folder/HVFmkbKa#1da3PQtMEgHlMsMMKu4kTg
Before the Party,Play Me,Track #6 on Before the Party and was probably recorded in 2013 since it shares a similar theme to songs like Love 2 Remember.,"Nov 27, 2015",Mixtape Track,https://mega.nz/folder/HVFmkbKa#1da3PQtMEgHlMsMMKu4kTg
Before the Party,Gotta Get Up,Track #7 on Before the Party. Produced by Nard & B and could be from 2013 or 2014.,"Nov 27, 2015",Mixtape Track,https://mega.nz/folder/HVFmkbKa#1da3PQtMEgHlMsMMKu4kTg
Before the Party,"All I Need
(feat. Wale)",Track #8 on Before the Party. Produced by J.U.S.T.I.C.E. League and could be from late 2014 or early 2015 since the beat was also used by K. Michelle in December but the snippet of this version came out early 2015.,"Nov 27, 2015",Mixtape Track,https://mega.nz/folder/HVFmkbKa#1da3PQtMEgHlMsMMKu4kTg
Before the Party,"
Text Message
(feat. Tyga)
",Track #9 on Before the Party. It's likely from the Fan of a Fan sessions and was given to Jamie Foxx after they decided it wouldn't make the album.,"Nov 27, 2015",Mixtape Track,https://mega.nz/folder/HVFmkbKa#1da3PQtMEgHlMsMMKu4kTg
Before the Party,Red Lights,Track #10 on Before the Party. Produced by Soundz and could be from 2013 or 2014 depending on when 101 (Interlude) was recorded.,"Nov 27, 2015",Mixtape Track,https://mega.nz/folder/HVFmkbKa#1da3PQtMEgHlMsMMKu4kTg
Before the Party,Just So You Know,Track #11 on Before the Party. Produced by Chris Townsend & Wheezy.,"Nov 27, 2015",Mixtape Track,https://mega.nz/folder/HVFmkbKa#1da3PQtMEgHlMsMMKu4kTg
Before the Party,Ghetto Tales,Track #12 on Before the Party. Produced by Swiff D and could've been recorded late 2014.,"Nov 27, 2015",Mixtape Track,https://mega.nz/folder/HVFmkbKa#1da3PQtMEgHlMsMMKu4kTg
Before the Party,Come Home Tonight,Track #13 on Before the Party. Produced by DJ Chose and was probably recorded in the same session as All I Need.,"Nov 27, 2015",Mixtape Track,https://mega.nz/folder/HVFmkbKa#1da3PQtMEgHlMsMMKu4kTg
Before the Party,The Breakup,Track #14 on Before the Party. Produced by Chizzy Stephens and was obviously recorded in 2015 as a response to his breakup with Karreuche.,"Nov 27, 2015",Mixtape Track,https://mega.nz/folder/HVFmkbKa#1da3PQtMEgHlMsMMKu4kTg
Before the Party,"Hell of a Night
(feat. French Montana & Fetty Wap)","Track #15 on Before the Party. Recorded in 2015 to promote his ""One Hell Of A Nite"" tour.","Nov 27, 2015",Mixtape Track,https://mega.nz/folder/HVFmkbKa#1da3PQtMEgHlMsMMKu4kTg
Before the Party,"Freaky Shit
",Track #16 on Before the Party. Based on the Drumma Boy production it could be from the 2013 version of X as it also alludes to song titles from that era (for example Put It Up).,"Nov 27, 2015",Mixtape Track,https://mega.nz/folder/HVFmkbKa#1da3PQtMEgHlMsMMKu4kTg
Before the Party,Beat It Up,Track #17 on Before the Party. Produced by Tone Stith which means it was definitely recorded during the Royalty sessions. (2015),"Nov 27, 2015",Mixtape Track,https://mega.nz/folder/HVFmkbKa#1da3PQtMEgHlMsMMKu4kTg
Before the Party,Won't Change,Track #18 on Before the Party. Produced by Nard & B and judging from the vocals it could be from 2013.,"Nov 27, 2015",Mixtape Track,https://mega.nz/folder/HVFmkbKa#1da3PQtMEgHlMsMMKu4kTg
Before the Party,Here We Go Again,Track #19 on Before the Party. Produced by Nard & B and was recorded in 2013/2012 for the X album.,"Nov 27, 2015",Mixtape Track,https://mega.nz/folder/HVFmkbKa#1da3PQtMEgHlMsMMKu4kTg
Before the Party,FAN (Freak At Night),Track #20 on Before the Party. Produced by Nard & B and is likely from 2013.,"Nov 27, 2015",Mixtape Track,https://mega.nz/folder/HVFmkbKa#1da3PQtMEgHlMsMMKu4kTg
Before the Party,"Swallow Me Down
(feat. French Montana)",Track #21 on Before the Party. Produced by Soundz and could be from 2013 or 2014 depending on when 101 (Interlude) was recorded.,"Nov 27, 2015",Mixtape Track,https://mega.nz/folder/HVFmkbKa#1da3PQtMEgHlMsMMKu4kTg
Before the Party,"
Till the Morning
","Track #22 on Before The Party.
A snippet of the song was shared on October 18th, 2014 after X released.","Nov 27, 2015",Mixtape Track,https://mega.nz/folder/HVFmkbKa#1da3PQtMEgHlMsMMKu4kTg
Before the Party,Right Now,Track #23 on Before the Party. Produced by Nard & B and was likely recorded in 2014 since the snippet for it was teased early 2015.,"Nov 27, 2015",Mixtape Track,https://mega.nz/folder/HVFmkbKa#1da3PQtMEgHlMsMMKu4kTg
Before the Party,Seasons Change,Track #24 on Before the Party. Produced by Soundz and could be from 2013 or 2014 depending on when 101 (Interlude) was recorded.,"Nov 27, 2015",Mixtape Track,https://mega.nz/folder/HVFmkbKa#1da3PQtMEgHlMsMMKu4kTg
Before the Party,"
Roses Turn Blue
(Blue Roses)
",Track #25 on Before the Party. Produced by Nard & B and was recorded in 2013. It was originally leaked in 2014 supposedly by Tina Davis and fans thought Ariana Grande was on the song but she quickly shut down the rumors and said she's on a different song (Don't Be Gone Too Long).,"Nov 27, 2015",Mixtape Track,https://mega.nz/folder/HVFmkbKa#1da3PQtMEgHlMsMMKu4kTg
Before the Party,"
Second Hand Love
",Track #26 on Before the Party and was definitely recorded in 2013 since it follows the same smoking themes from songs in that time period. Also produced by Nard & B and RoccStar.,"Nov 27, 2015",Mixtape Track,https://mega.nz/folder/HVFmkbKa#1da3PQtMEgHlMsMMKu4kTg
Before the Party,"
I Can't Win
","Track #27 on Before the Party. Recorded in 2013 along with the other ""I Can't Win"" and shares the same producer. Also has Sevyn Streeter doing the background vocals.","Nov 27, 2015",Mixtape Track,https://mega.nz/folder/HVFmkbKa#1da3PQtMEgHlMsMMKu4kTg
Before the Party,"
Matter
","Track #28 on Before the Party. Produced by Nard & B and is likely from 2014 as it sounds like ""See You Around"" which was about Rihanna.","Nov 27, 2015",Mixtape Track,https://mega.nz/folder/HVFmkbKa#1da3PQtMEgHlMsMMKu4kTg
Before the Party,Lipstick On The Glass,Track #29 on Before the Party. Produced by Will A Fool and this song could've been recorded anytime from 2013-2015.,"Nov 27, 2015",Mixtape Track,https://mega.nz/folder/HVFmkbKa#1da3PQtMEgHlMsMMKu4kTg
Before the Party,Scared to Love You,Track #30 on Before the Party. Produced by Soundz and could be from 2013 or 2014 depending on when 101 (Interlude) was recorded.,"Nov 27, 2015",Mixtape Track,https://mega.nz/folder/HVFmkbKa#1da3PQtMEgHlMsMMKu4kTg
Before the Party,Show Off,"Track #31 on Before the Party. Produced by David Banner and could be from 2013 since some lines share the same melody from ""It Won't Stop""","Nov 27, 2015",Mixtape Track,https://mega.nz/folder/HVFmkbKa#1da3PQtMEgHlMsMMKu4kTg
Before the Party,Desperado,Track #32 on Before the Party. Produced by Nard & B and could be from 2013 or 2014.,"Nov 27, 2015",Mixtape Track,https://mega.nz/folder/HVFmkbKa#1da3PQtMEgHlMsMMKu4kTg
Before the Party,Trust Me,Track #33 on Before the Party. Produced by J.U.S.T.I.C.E. League and was obviously written after the breakup with Karrueche Tran which is who the song is about.,"Nov 27, 2015",Mixtape Track,https://mega.nz/folder/HVFmkbKa#1da3PQtMEgHlMsMMKu4kTg
Before the Party,"
4 Seconds
(feat. Joelle James)
",Track #34 on Before the Party and was originally the last song until Chris added Start It Slow to the mixtape. One of the many songs Chris & Joelle made at this time.,"Nov 27, 2015",Mixtape Track,https://mega.nz/folder/HVFmkbKa#1da3PQtMEgHlMsMMKu4kTg
Before the Party,"
Start It Slow
",Track #35 on Before the Party and was produced by The Featherstones. Recorded in 2014 and also samples a song from that year.,"Nov 27, 2015",Mixtape Track,https://mega.nz/folder/HVFmkbKa#1da3PQtMEgHlMsMMKu4kTg
"14 Album Tracks
6 Bonus Tracks",Royalty,"(XX/XX/2014) (Royalty starts recording)
(12/18/2015) (Royalty releases)",,,
Royalty,Back to Sleep,Track #1 on Royalty.,"Dec 18, 2015",Single / Album Track,https://mega.nz/folder/uZknUCZb#P1ftaEe968KWPNazSniiFw
Royalty,Fine By Me,Track #2 on Royalty.,"Dec 18, 2015",Single / Album Track,https://mega.nz/folder/uZknUCZb#P1ftaEe968KWPNazSniiFw
Royalty,"Wrist
(feat. Solo Lucci)",Track #3 on Royalty.,"Dec 18, 2015",Album Track,https://mega.nz/folder/uZknUCZb#P1ftaEe968KWPNazSniiFw
Royalty,Make Love,Track #4 on Royalty.,"Dec 18, 2015",Album Track,https://mega.nz/folder/uZknUCZb#P1ftaEe968KWPNazSniiFw
Royalty,Liquor,Track #5 on Royalty.,"Dec 18, 2015",Single / Album Track,https://mega.nz/folder/uZknUCZb#P1ftaEe968KWPNazSniiFw
Royalty,Zero,Track #6 on Royalty.,"Dec 18, 2015",Single / Album Track,https://mega.nz/folder/uZknUCZb#P1ftaEe968KWPNazSniiFw
Royalty,"Anyway
(feat. Tayla Parx)",Track #7 on Royalty.,"Dec 18, 2015",Album Track,https://mega.nz/folder/uZknUCZb#P1ftaEe968KWPNazSniiFw
Royalty,Picture Me Rollin',Track #8 on Royalty.,"Dec 18, 2015",Album Track,https://mega.nz/folder/uZknUCZb#P1ftaEe968KWPNazSniiFw
Royalty,Who's Gonna (Nobody),Track #9 on Royalty.,"Dec 18, 2015",Album Track,https://mega.nz/folder/uZknUCZb#P1ftaEe968KWPNazSniiFw
Royalty,Discover,Track #10 on Royalty.,"Dec 18, 2015",Album Track,https://mega.nz/folder/uZknUCZb#P1ftaEe968KWPNazSniiFw
Royalty,Little Bit,Track #11 on Royalty.,"Dec 18, 2015",Album Track,https://mega.nz/folder/uZknUCZb#P1ftaEe968KWPNazSniiFw
Royalty,Proof,Track #12 on Royalty.,"Dec 18, 2015",Album Track,https://mega.nz/folder/uZknUCZb#P1ftaEe968KWPNazSniiFw
Royalty,No Filter,Track #13 on Royalty.,"Dec 18, 2015",Album Track,https://mega.nz/folder/uZknUCZb#P1ftaEe968KWPNazSniiFw
Royalty,Little More (Royalty),Track #14 on Royalty.,"Dec 18, 2015",Album Track,https://mega.nz/folder/uZknUCZb#P1ftaEe968KWPNazSniiFw
Royalty,Day One,Track #15 on Royalty.,"Dec 18, 2015",Bonus Track,https://mega.nz/folder/uZknUCZb#P1ftaEe968KWPNazSniiFw
Royalty,Blow It In the Wind,Track #16 on Royalty.,"Dec 18, 2015",Bonus Track,https://mega.nz/folder/uZknUCZb#P1ftaEe968KWPNazSniiFw
Royalty,KAE,Track #17 on Royalty.,"Dec 18, 2015",Bonus Track,https://mega.nz/folder/uZknUCZb#P1ftaEe968KWPNazSniiFw
Royalty,"U Did It
(feat. Future)",Track #18 on Royalty.,"Dec 18, 2015",Bonus Track,https://mega.nz/folder/uZknUCZb#P1ftaEe968KWPNazSniiFw
"5 Album Tracks
0 Bonus Tracks",Royalty International - EP,"(12/18/2015) (Royalty releases)
(12/28/2015) (Royalty International - EP releases instead of an international version of the album where 5 songs are replaced.)",,,
Royalty International - EP,Blood On My Hands,Track #1 on Royalty International - EP.,"Dec 28, 2015",International EP Track,https://mega.nz/folder/CEUwnBCZ#FKknEy54HhbD8_04YUo_Nw
Royalty International - EP,Shattered,Track #2 on Royalty International - EP.,"Dec 28, 2015",International EP Track,https://mega.nz/folder/CEUwnBCZ#FKknEy54HhbD8_04YUo_Nw
Royalty International - EP,Lonely Dancer,Track #3 on Royalty International - EP.,"Dec 28, 2015",International EP Track,https://mega.nz/folder/CEUwnBCZ#FKknEy54HhbD8_04YUo_Nw
Royalty International - EP,The 80s,Track #4 on Royalty International - EP.,"Dec 28, 2015",International EP Track,https://mega.nz/folder/CEUwnBCZ#FKknEy54HhbD8_04YUo_Nw
Royalty International - EP,Blue Jeans,Track #5 on Royalty International - EP.,"Dec 28, 2015",International EP Track,https://mega.nz/folder/CEUwnBCZ#FKknEy54HhbD8_04YUo_Nw
"40 Album Tracks
17 Bonus Tracks",Heartbreak On A Full Moon,"(11/XX/2015) (HoaFM starts recording)
(8/XX/2017) (HoaFM finishes recording with Rock Your Body as the last song)
(10/31/2017) (HoaFM releases)",,,
Heartbreak On A Full Moon,Lost & Found,Track #1 Heartbreak On A Full Moon.,"Oct 31, 2017",Album Track,https://mega.nz/folder/LAk1WBrD#0kwDspGEnABXDKMScVNVdg
Heartbreak On A Full Moon,Privacy,Track #2 Heartbreak On A Full Moon.,"Oct 31, 2017",Single / Album Track,https://mega.nz/folder/LAk1WBrD#0kwDspGEnABXDKMScVNVdg
Heartbreak On A Full Moon,"Juicy Booty
(feat. Jhené Aiko & R. Kelly)",Track #3 Heartbreak On A Full Moon.,"Oct 31, 2017",Album Track,https://mega.nz/folder/LAk1WBrD#0kwDspGEnABXDKMScVNVdg
Heartbreak On A Full Moon,Questions,Track #4 Heartbreak On A Full Moon.,"Oct 31, 2017",Single / Album Track,https://mega.nz/folder/LAk1WBrD#0kwDspGEnABXDKMScVNVdg
Heartbreak On A Full Moon,Heartbreak on a Full Moon,Track #5 Heartbreak On A Full Moon.,"Oct 31, 2017",Album Track,https://mega.nz/folder/LAk1WBrD#0kwDspGEnABXDKMScVNVdg
Heartbreak On A Full Moon,Roses,Track #6 Heartbreak On A Full Moon.,"Oct 31, 2017",Album Track,https://mega.nz/folder/LAk1WBrD#0kwDspGEnABXDKMScVNVdg
Heartbreak On A Full Moon,Confidence,Track #7 Heartbreak On A Full Moon.,"Oct 31, 2017",Album Track,https://mega.nz/folder/LAk1WBrD#0kwDspGEnABXDKMScVNVdg
Heartbreak On A Full Moon,Rock Your Body,Track #8 Heartbreak On A Full Moon.,"Oct 31, 2017",Album Track,https://mega.nz/folder/LAk1WBrD#0kwDspGEnABXDKMScVNVdg
Heartbreak On A Full Moon,Tempo,Track #9 Heartbreak On A Full Moon.,"Oct 31, 2017",Single / Album Track,https://mega.nz/folder/LAk1WBrD#0kwDspGEnABXDKMScVNVdg
Heartbreak On A Full Moon,"Handle It
(feat. DeJ Loaf & Lil Yachty)",Track #10 Heartbreak On A Full Moon.,"Oct 31, 2017",Album Track,https://mega.nz/folder/LAk1WBrD#0kwDspGEnABXDKMScVNVdg
Heartbreak On A Full Moon,Sip,Track #11 Heartbreak On A Full Moon.,"Oct 31, 2017",Album Track,https://mega.nz/folder/LAk1WBrD#0kwDspGEnABXDKMScVNVdg
Heartbreak On A Full Moon,Everybody Knows,Track #12 Heartbreak On A Full Moon.,"Oct 31, 2017",Album Track,https://mega.nz/folder/LAk1WBrD#0kwDspGEnABXDKMScVNVdg
Heartbreak On A Full Moon,To My Bed,Track #13 Heartbreak On A Full Moon.,"Oct 31, 2017",Album Track,https://mega.nz/folder/LAk1WBrD#0kwDspGEnABXDKMScVNVdg
Heartbreak On A Full Moon,Hope You Do,Track #14 Heartbreak On A Full Moon.,"Oct 31, 2017",Single / Album Track,https://mega.nz/folder/LAk1WBrD#0kwDspGEnABXDKMScVNVdg
Heartbreak On A Full Moon,This Ain't,Track #15 Heartbreak On A Full Moon.,"Oct 31, 2017",Album Track,https://mega.nz/folder/LAk1WBrD#0kwDspGEnABXDKMScVNVdg
Heartbreak On A Full Moon,Pull Up,Track #16 Heartbreak On A Full Moon.,"Oct 31, 2017",Album Track,https://mega.nz/folder/LAk1WBrD#0kwDspGEnABXDKMScVNVdg
Heartbreak On A Full Moon,"Party
(feat. Usher & Gucci Mane)",Track #17 Heartbreak On A Full Moon.,"Oct 31, 2017",Single / Album Track,https://mega.nz/folder/LAk1WBrD#0kwDspGEnABXDKMScVNVdg
Heartbreak On A Full Moon,"Sensei
(feat. A1)",Track #18 Heartbreak On A Full Moon.,"Oct 31, 2017",Album Track,https://mega.nz/folder/LAk1WBrD#0kwDspGEnABXDKMScVNVdg
Heartbreak On A Full Moon,Summer Breeze,Track #19 Heartbreak On A Full Moon.,"Oct 31, 2017",Album Track,https://mega.nz/folder/LAk1WBrD#0kwDspGEnABXDKMScVNVdg
Heartbreak On A Full Moon,No Exit,Track #20 Heartbreak On A Full Moon.,"Oct 31, 2017",Album Track,https://mega.nz/folder/LAk1WBrD#0kwDspGEnABXDKMScVNVdg
Heartbreak On A Full Moon,"Pills & Automobiles
(feat. Yo Gotti, A Boogie Wit Da Hoodie & Kodak Black)",Track #21 Heartbreak On A Full Moon.,"Oct 31, 2017",Single / Album Track,https://mega.nz/folder/LAk1WBrD#0kwDspGEnABXDKMScVNVdg
Heartbreak On A Full Moon,Hurt the Same,Track #22 Heartbreak On A Full Moon.,"Oct 31, 2017",Album Track,https://mega.nz/folder/LAk1WBrD#0kwDspGEnABXDKMScVNVdg
Heartbreak On A Full Moon,I Love Her,Track #23 Heartbreak On A Full Moon.,"Oct 31, 2017",Album Track,https://mega.nz/folder/nUtmwBwI#VpE2htoFrfr9TCnFPWKtVQ
Heartbreak On A Full Moon,You Like,Track #24 Heartbreak On A Full Moon.,"Oct 31, 2017",Album Track,https://mega.nz/folder/nUtmwBwI#VpE2htoFrfr9TCnFPWKtVQ
Heartbreak On A Full Moon,Nowhere,Track #25 Heartbreak On A Full Moon.,"Oct 31, 2017",Album Track,https://mega.nz/folder/nUtmwBwI#VpE2htoFrfr9TCnFPWKtVQ
Heartbreak On A Full Moon,Other Niggas,Track #26 Heartbreak On A Full Moon.,"Oct 31, 2017",Album Track,https://mega.nz/folder/nUtmwBwI#VpE2htoFrfr9TCnFPWKtVQ
Heartbreak On A Full Moon,Tough Love,Track #27 Heartbreak On A Full Moon.,"Oct 31, 2017",Album Track,https://mega.nz/folder/nUtmwBwI#VpE2htoFrfr9TCnFPWKtVQ
Heartbreak On A Full Moon,Paradise,Track #28 Heartbreak On A Full Moon.,"Oct 31, 2017",Album Track,https://mega.nz/folder/nUtmwBwI#VpE2htoFrfr9TCnFPWKtVQ
Heartbreak On A Full Moon,Covered In You,Track #29 Heartbreak On A Full Moon.,"Oct 31, 2017",Album Track,https://mega.nz/folder/nUtmwBwI#VpE2htoFrfr9TCnFPWKtVQ
Heartbreak On A Full Moon,Even,Track #30 Heartbreak On A Full Moon.,"Oct 31, 2017",Album Track,https://mega.nz/folder/nUtmwBwI#VpE2htoFrfr9TCnFPWKtVQ
Heartbreak On A Full Moon,"High End
(feat. Future & Young Thug)",Track #31 Heartbreak On A Full Moon.,"Oct 31, 2017",Album Track,https://mega.nz/folder/nUtmwBwI#VpE2htoFrfr9TCnFPWKtVQ
Heartbreak On A Full Moon,On Me,Track #32 Heartbreak On A Full Moon.,"Oct 31, 2017",Album Track,https://mega.nz/folder/nUtmwBwI#VpE2htoFrfr9TCnFPWKtVQ
Heartbreak On A Full Moon,Tell Me What to Do,Track #33 Heartbreak On A Full Moon.,"Oct 31, 2017",Album Track,https://mega.nz/folder/nUtmwBwI#VpE2htoFrfr9TCnFPWKtVQ
Heartbreak On A Full Moon,Frustrated,Track #34 Heartbreak On A Full Moon.,"Oct 31, 2017",Album Track,https://mega.nz/folder/nUtmwBwI#VpE2htoFrfr9TCnFPWKtVQ
Heartbreak On A Full Moon,Enemy,Track #35 Heartbreak On A Full Moon.,"Oct 31, 2017",Album Track,https://mega.nz/folder/nUtmwBwI#VpE2htoFrfr9TCnFPWKtVQ
Heartbreak On A Full Moon,If You're Down,Track #36 Heartbreak On A Full Moon.,"Oct 31, 2017",Album Track,https://mega.nz/folder/nUtmwBwI#VpE2htoFrfr9TCnFPWKtVQ
Heartbreak On A Full Moon,Bite My Tongue,Track #37 Heartbreak On A Full Moon.,"Oct 31, 2017",Album Track,https://mega.nz/folder/nUtmwBwI#VpE2htoFrfr9TCnFPWKtVQ
Heartbreak On A Full Moon,Run Away,Track #38 Heartbreak On A Full Moon.,"Oct 31, 2017",Album Track,https://mega.nz/folder/nUtmwBwI#VpE2htoFrfr9TCnFPWKtVQ
Heartbreak On A Full Moon,This Way,Track #39 Heartbreak On A Full Moon.,"Oct 31, 2017",Album Track,https://mega.nz/folder/nUtmwBwI#VpE2htoFrfr9TCnFPWKtVQ
Heartbreak On A Full Moon,Yellow Tape,Track #40 Heartbreak On A Full Moon.,"Oct 31, 2017",Album Track,https://mega.nz/folder/nUtmwBwI#VpE2htoFrfr9TCnFPWKtVQ
Heartbreak On A Full Moon,Reddi Wip,Track #41 Heartbreak On A Full Moon.,"Oct 31, 2017",Bonus Track,https://mega.nz/folder/nUtmwBwI#VpE2htoFrfr9TCnFPWKtVQ
Heartbreak On A Full Moon,Hangover,Track #42 Heartbreak On A Full Moon.,"Oct 31, 2017",Bonus Track,https://mega.nz/folder/nUtmwBwI#VpE2htoFrfr9TCnFPWKtVQ
Heartbreak On A Full Moon,Emotions,Track #43 Heartbreak On A Full Moon.,"Oct 31, 2017",Bonus Track,https://mega.nz/folder/nUtmwBwI#VpE2htoFrfr9TCnFPWKtVQ
Heartbreak On A Full Moon,"Only 4 Me
(feat. Ty Dolla $ign & Verse Simmonds)",Track #44 Heartbreak On A Full Moon.,"Oct 31, 2017",Bonus Track,https://mega.nz/folder/nUtmwBwI#VpE2htoFrfr9TCnFPWKtVQ
Heartbreak On A Full Moon,Grass Ain't Greener,Track #45 Heartbreak On A Full Moon.,"Oct 31, 2017",Single / Bonus Track,https://mega.nz/folder/nUtmwBwI#VpE2htoFrfr9TCnFPWKtVQ
,Heartbreak on a Full Moon (Deluxe Edition): Cuffing Season - 12 Days of Christmas,"(10/31/2017) (HoaFM releases)
(12/13/2017) (HoaFM Cuffing Season releases) ",,,
HOAFM (Deluxe Edition): Cuffing Season - 12 Days of Christmas,Don't Slow Me Down,Track #1 Heartbreak on a Full Moon (Deluxe Edition): Cuffing Season - 12 Days of Christmas.,"Dec 13, 2017",Bonus Track,https://mega.nz/folder/GcdzyY5R#EhEfKO0clkv4hzuF4oRi4A
HOAFM (Deluxe Edition): Cuffing Season - 12 Days of Christmas,"On Purpose
(feat. AGNEZ MO)",Track #2 Heartbreak on a Full Moon (Deluxe Edition): Cuffing Season - 12 Days of Christmas.,"Dec 13, 2017",Bonus Track,https://mega.nz/folder/GcdzyY5R#EhEfKO0clkv4hzuF4oRi4A
HOAFM (Deluxe Edition): Cuffing Season - 12 Days of Christmas,Hands Up,Track #3 Heartbreak on a Full Moon (Deluxe Edition): Cuffing Season - 12 Days of Christmas.,"Dec 13, 2017",Bonus Track,https://mega.nz/folder/GcdzyY5R#EhEfKO0clkv4hzuF4oRi4A
HOAFM (Deluxe Edition): Cuffing Season - 12 Days of Christmas,Same Shit,Track #4 Heartbreak on a Full Moon (Deluxe Edition): Cuffing Season - 12 Days of Christmas.,"Dec 13, 2017",Bonus Track,https://mega.nz/folder/GcdzyY5R#EhEfKO0clkv4hzuF4oRi4A
HOAFM (Deluxe Edition): Cuffing Season - 12 Days of Christmas,Trust Me,Track #5 Heartbreak on a Full Moon (Deluxe Edition): Cuffing Season - 12 Days of Christmas.,"Dec 13, 2017",Bonus Track,https://mega.nz/folder/GcdzyY5R#EhEfKO0clkv4hzuF4oRi4A
HOAFM (Deluxe Edition): Cuffing Season - 12 Days of Christmas,Let Shit Go,Track #6 Heartbreak on a Full Moon (Deluxe Edition): Cuffing Season - 12 Days of Christmas.,"Dec 13, 2017",Bonus Track,https://mega.nz/folder/GcdzyY5R#EhEfKO0clkv4hzuF4oRi4A
HOAFM (Deluxe Edition): Cuffing Season - 12 Days of Christmas,I Wanna,Track #7 Heartbreak on a Full Moon (Deluxe Edition): Cuffing Season - 12 Days of Christmas.,"Dec 13, 2017",Bonus Track,https://mega.nz/folder/GcdzyY5R#EhEfKO0clkv4hzuF4oRi4A
HOAFM (Deluxe Edition): Cuffing Season - 12 Days of Christmas,Water,Track #8 Heartbreak on a Full Moon (Deluxe Edition): Cuffing Season - 12 Days of Christmas.,"Dec 13, 2017",Bonus Track,https://mega.nz/folder/GcdzyY5R#EhEfKO0clkv4hzuF4oRi4A
HOAFM (Deluxe Edition): Cuffing Season - 12 Days of Christmas,"Yoppa 
(feat. Trippie Redd)",Track #9 Heartbreak on a Full Moon (Deluxe Edition): Cuffing Season - 12 Days of Christmas.,"Dec 13, 2017",Bonus Track,https://mega.nz/folder/GcdzyY5R#EhEfKO0clkv4hzuF4oRi4A
HOAFM (Deluxe Edition): Cuffing Season - 12 Days of Christmas,Get Off,Track #10 Heartbreak on a Full Moon (Deluxe Edition): Cuffing Season - 12 Days of Christmas.,"Dec 13, 2017",Bonus Track,https://mega.nz/folder/GcdzyY5R#EhEfKO0clkv4hzuF4oRi4A
HOAFM (Deluxe Edition): Cuffing Season - 12 Days of Christmas,"This X-Mas
(feat. Ella Mai)",Track #11 Heartbreak on a Full Moon (Deluxe Edition): Cuffing Season - 12 Days of Christmas.,"Dec 13, 2017",Bonus Track,https://mega.nz/folder/GcdzyY5R#EhEfKO0clkv4hzuF4oRi4A
HOAFM (Deluxe Edition): Cuffing Season - 12 Days of Christmas,"Secret 
(feat. Solo Lucci)",Track #12 Heartbreak on a Full Moon (Deluxe Edition): Cuffing Season - 12 Days of Christmas. Track #34 on the original Heartbreak on a Full Moon.,"Dec 13, 2017",Bonus Track,https://mega.nz/folder/GcdzyY5R#EhEfKO0clkv4hzuF4oRi4A
"33 Album Tracks
10 Bonus Tracks",Indigo,"(12/XX/2017) (Indigo starts recording)
(6/28/2019) (Indigo releases)",,,
Indigo,Indigo,Track #1 on Indigo.,"Jun 28, 2019",Album Track,https://mega.nz/folder/aBEBnZAT#P7vg54DAYpcqjoYGNbFTVw
Indigo,Back to Love,Track #2 on Indigo.,"Jun 28, 2019",Single / Album Track,https://mega.nz/folder/aBEBnZAT#P7vg54DAYpcqjoYGNbFTVw
Indigo,"Come Together
(feat. H.E.R.)",Track #3 on Indigo.,"Jun 28, 2019",Album Track,https://mega.nz/folder/aBEBnZAT#P7vg54DAYpcqjoYGNbFTVw
Indigo,"Temporary Lover
(feat. Lil Jon)",Track #4 on Indigo.,"Jun 28, 2019",Album Track,https://mega.nz/folder/aBEBnZAT#P7vg54DAYpcqjoYGNbFTVw
Indigo,"Emerald / Burgundy
(feat. Juvenile & Juicy J)",Track #5 on Indigo.,"Jun 28, 2019",Album Track,https://mega.nz/folder/aBEBnZAT#P7vg54DAYpcqjoYGNbFTVw
Indigo,Red,Track #6 on Indigo.,"Jun 28, 2019",Album Track,https://mega.nz/folder/aBEBnZAT#P7vg54DAYpcqjoYGNbFTVw
Indigo,"All I Want
(feat. Tyga)",Track #7 on Indigo.,"Jun 28, 2019",Album Track,https://mega.nz/folder/aBEBnZAT#P7vg54DAYpcqjoYGNbFTVw
Indigo,"Wobble Up
(feat. Nicki Minaj & G-Eazy)",Track #8 on Indigo.,"Jun 28, 2019",Single / Album Track,https://mega.nz/folder/aBEBnZAT#P7vg54DAYpcqjoYGNbFTVw
Indigo,"Need a Stack
(feat. Lil Wayne & Joyner Lucas)",Track #9 on Indigo.,"Jun 28, 2019",Album Track,https://mega.nz/folder/aBEBnZAT#P7vg54DAYpcqjoYGNbFTVw
Indigo,"Heat
(feat. Gunna)",Track #10 on Indigo.,"Jun 28, 2019",Single / Album Track,https://mega.nz/folder/aBEBnZAT#P7vg54DAYpcqjoYGNbFTVw
Indigo,"No Guidance
(feat. Drake)",Track #11 on Indigo.,"Jun 28, 2019",Single / Album Track,https://mega.nz/folder/aBEBnZAT#P7vg54DAYpcqjoYGNbFTVw
Indigo,Girl of My Dreams,Track #12 on Indigo.,"Jun 28, 2019",Album Track,https://mega.nz/folder/aBEBnZAT#P7vg54DAYpcqjoYGNbFTVw
Indigo,Natural Disaster / Aura,Track #13 on Indigo.,"Jun 28, 2019",Album Track,https://mega.nz/folder/aBEBnZAT#P7vg54DAYpcqjoYGNbFTVw
Indigo,"Don't Check On Me
(feat. Justin Bieber & Ink)",Track #14 on Indigo.,"Jun 28, 2019",Album Track,https://mega.nz/folder/aBEBnZAT#P7vg54DAYpcqjoYGNbFTVw
Indigo,Sorry Enough,Track #15 on Indigo.,"Jun 28, 2019",Album Track,https://mega.nz/folder/aBEBnZAT#P7vg54DAYpcqjoYGNbFTVw
Indigo,Juice,Track #16 on Indigo.,"Jun 28, 2019",Album Track,https://mega.nz/folder/CRl1BbyC#P_LINpEz6f3gnVd-kH9rLA
Indigo,You Like That,Track #17 on Indigo.,"Jun 28, 2019",Album Track,https://mega.nz/folder/CRl1BbyC#P_LINpEz6f3gnVd-kH9rLA
Indigo,Troubled Waters,Track #18 on Indigo.,"Jun 28, 2019",Album Track,https://mega.nz/folder/CRl1BbyC#P_LINpEz6f3gnVd-kH9rLA
Indigo,Take a Risk,Track #19 on Indigo.,"Jun 28, 2019",Album Track,https://mega.nz/folder/CRl1BbyC#P_LINpEz6f3gnVd-kH9rLA
Indigo,"Lurkin'
(feat. Tory Lanez)",Track #20 on Indigo.,"Jun 28, 2019",Album Track,https://mega.nz/folder/CRl1BbyC#P_LINpEz6f3gnVd-kH9rLA
Indigo,Trust Issues / Act In,Track #21 on Indigo.,"Jun 28, 2019",Album Track,https://mega.nz/folder/CRl1BbyC#P_LINpEz6f3gnVd-kH9rLA
Indigo,Cheetah,Track #22 on Indigo.,"Jun 28, 2019",Album Track,https://mega.nz/folder/CRl1BbyC#P_LINpEz6f3gnVd-kH9rLA
Indigo,Undecided,Track #23 on Indigo.,"Jun 28, 2019",Single / Album Track,https://mega.nz/folder/CRl1BbyC#P_LINpEz6f3gnVd-kH9rLA
Indigo,BP / No Judgement,Track #24 on Indigo.,"Jun 28, 2019",Album Track,https://mega.nz/folder/CRl1BbyC#P_LINpEz6f3gnVd-kH9rLA
Indigo,Side Nigga,Track #25 on Indigo.,"Jun 28, 2019",Album Track,https://mega.nz/folder/CRl1BbyC#P_LINpEz6f3gnVd-kH9rLA
Indigo,Throw It Back,Track #26 on Indigo.,"Jun 28, 2019",Album Track,https://mega.nz/folder/CRl1BbyC#P_LINpEz6f3gnVd-kH9rLA
Indigo,All On Me,Track #27 on Indigo.,"Jun 28, 2019",Album Track,https://mega.nz/folder/CRl1BbyC#P_LINpEz6f3gnVd-kH9rLA
Indigo,"Sexy
(feat. Trey Songz)",Track #28 on Indigo.,"Jun 28, 2019",Album Track,https://mega.nz/folder/CRl1BbyC#P_LINpEz6f3gnVd-kH9rLA
Indigo,Let's Smoke,Track #29 on Indigo.,"Jun 28, 2019",Album Track,https://mega.nz/folder/CRl1BbyC#P_LINpEz6f3gnVd-kH9rLA
Indigo,"Early 2K
(feat. Tank)",Track #30 on Indigo.,"Jun 28, 2019",Album Track,https://mega.nz/folder/CRl1BbyC#P_LINpEz6f3gnVd-kH9rLA
Indigo,Dear God,Track #31 on Indigo.,"Jun 28, 2019",Album Track,https://mega.nz/folder/CRl1BbyC#P_LINpEz6f3gnVd-kH9rLA
Indigo,Part Of the Plan,Track #32 on Indigo.,"Jun 28, 2019",Album Track,https://mega.nz/folder/CRl1BbyC#P_LINpEz6f3gnVd-kH9rLA
Indigo,Play Catch Up,Track #33 on Indigo.,"Jun 28, 2019",Album Track,https://mega.nz/folder/CRl1BbyC#P_LINpEz6f3gnVd-kH9rLA
,Indigo (Extended),"(6/28/2019) (Indigo releases)
(10/4/2019) (Indigo Extended releases)",,,
Indigo (Extended),"Lower Body
(feat. Davido)",Track #1 on Indigo (Extended).,"Oct 4, 2019",Album Track,https://mega.nz/folder/HN9V2BzC#mcI1myuWKYtEZrtuFs10Sw/folder/rVsmRICK
Indigo (Extended),Overtime,Track #2 on Indigo (Extended).,"Oct 4, 2019",Bonus Track,https://mega.nz/folder/HN9V2BzC#mcI1myuWKYtEZrtuFs10Sw/folder/rVsmRICK
Indigo (Extended),Under the Influence,Track #3 on Indigo (Extended).,"Oct 4, 2019",Single / Bonus Track,https://mega.nz/folder/HN9V2BzC#mcI1myuWKYtEZrtuFs10Sw/folder/rVsmRICK
Indigo (Extended),"Outy When I Drive / Blamed
(feat. Rich The Kid & Sage the Gemini)",Track #4 on Indigo (Extended).,"Oct 4, 2019",Bonus Track,https://mega.nz/folder/HN9V2BzC#mcI1myuWKYtEZrtuFs10Sw/folder/rVsmRICK
Indigo (Extended),"Nose Dive
(feat. DaniLeigh)",Track #5 on Indigo (Extended).,"Oct 4, 2019",Bonus Track,https://mega.nz/folder/HN9V2BzC#mcI1myuWKYtEZrtuFs10Sw/folder/rVsmRICK
Indigo (Extended),Flashbacks,Track #6 on Indigo (Extended).,"Oct 4, 2019",Bonus Track,https://mega.nz/folder/HN9V2BzC#mcI1myuWKYtEZrtuFs10Sw/folder/rVsmRICK
Indigo (Extended),Problem with You,Track #7 on Indigo (Extended).,"Oct 4, 2019",Bonus Track,https://mega.nz/folder/HN9V2BzC#mcI1myuWKYtEZrtuFs10Sw/folder/rVsmRICK
Indigo (Extended),Going At It,Track #8 on Indigo (Extended).,"Oct 4, 2019",Bonus Track,https://mega.nz/folder/HN9V2BzC#mcI1myuWKYtEZrtuFs10Sw/folder/rVsmRICK
Indigo (Extended),Technology,Track #9 on Indigo (Extended).,"Oct 4, 2019",Bonus Track,https://mega.nz/folder/HN9V2BzC#mcI1myuWKYtEZrtuFs10Sw/folder/rVsmRICK
Indigo (Extended),"Tell Me How You Feel
(feat. Tory Lanez)",Track #10 on Indigo (Extended).,"Oct 4, 2019",Bonus Track,https://mega.nz/folder/HN9V2BzC#mcI1myuWKYtEZrtuFs10Sw/folder/rVsmRICK
13 Mixtape Tracks,"Slime & B
(Chris Brown & Young Thug)","(XX/XX/2020) (Slime & B starts recording)
(5/5/2020) (Slime & B releases)",,,
Slime & B,Say You Love Me,Track #1 on Slime & B.,"May 5, 2020",Mixtape Track,https://mega.nz/folder/iMdnELCQ#DBLiJnzPUVKXowHuWzE7fg
Slime & B,Go Crazy,Track #2 on Slime & B.,"May 5, 2020",Mixtape Track,https://mega.nz/folder/iMdnELCQ#DBLiJnzPUVKXowHuWzE7fg
Slime & B,"Trap Back
(feat. Major Nine)",Track #3 on Slime & B.,"May 5, 2020",Mixtape Track,https://mega.nz/folder/iMdnELCQ#DBLiJnzPUVKXowHuWzE7fg
Slime & B,"I Got Time
(feat. Shad Da God)",Track #4 on Slime & B.,"May 5, 2020",Mixtape Track,https://mega.nz/folder/iMdnELCQ#DBLiJnzPUVKXowHuWzE7fg
Slime & B,"She Bumped Her Head
(feat. Gunna)",Track #5 on Slime & B.,"May 5, 2020",Mixtape Track,https://mega.nz/folder/iMdnELCQ#DBLiJnzPUVKXowHuWzE7fg
Slime & B,"Big Slimes
(feat. Gunna & Lil Duke)",Track #6 on Slime & B.,"May 5, 2020",Mixtape Track,https://mega.nz/folder/iMdnELCQ#DBLiJnzPUVKXowHuWzE7fg
Slime & B,I Ain't Tryin',Track #7 on Slime & B.,"May 5, 2020",Mixtape Track,https://mega.nz/folder/iMdnELCQ#DBLiJnzPUVKXowHuWzE7fg
Slime & B,Animal,Track #8 on Slime & B.,"May 5, 2020",Mixtape Track,https://mega.nz/folder/iMdnELCQ#DBLiJnzPUVKXowHuWzE7fg
Slime & B,City Girls,Track #9 on Slime & B.,"May 5, 2020",Mixtape Track,https://mega.nz/folder/iMdnELCQ#DBLiJnzPUVKXowHuWzE7fg
Slime & B,Stolen,Track #10 on Slime & B.,"May 5, 2020",Mixtape Track,https://mega.nz/folder/iMdnELCQ#DBLiJnzPUVKXowHuWzE7fg
Slime & B,"Chris Brown - Undrunk 
(feat. Too $hort & E-40)",Track #11 on Slime & B.,"May 5, 2020",Mixtape Track,https://mega.nz/folder/iMdnELCQ#DBLiJnzPUVKXowHuWzE7fg
Slime & B,"Chris Brown - No Such Thing
(feat. Hoodybaby)",Track #12 on Slime & B.,"May 5, 2020",Mixtape Track,https://mega.nz/folder/iMdnELCQ#DBLiJnzPUVKXowHuWzE7fg
Slime & B,"Young Thug - Help Me Breathe
(feat. Future)",Track #13 on Slime & B.,"May 5, 2020",Mixtape Track,https://mega.nz/folder/iMdnELCQ#DBLiJnzPUVKXowHuWzE7fg
"24 Album Tracks
9 Bonus Tracks",Breezy,"(XX/XX/2019) (Breezy starts recording however it was also worked on during Indigo)
(6/24/2022) (Breezy releases)",,,
Breezy,"Till The Wheels Fall Off
(feat. Lil Durk & Capella Grey)",Track #1 on Breezy.,"Jun 24, 2022",Album Track,https://mega.nz/folder/vN1BCYwB#1gdHJfGUX_8mPz4BqPHMSw
Breezy,"C.A.B. (Catch A Body)
(feat. Fivio Foreign)",Track #2 on Breezy.,"Jun 24, 2022",Album Track,https://mega.nz/folder/vN1BCYwB#1gdHJfGUX_8mPz4BqPHMSw
Breezy,Pitch Black,Track #3 on Breezy.,"Jun 24, 2022",Album Track,https://mega.nz/folder/vN1BCYwB#1gdHJfGUX_8mPz4BqPHMSw
Breezy,"Possessive
(feat. Lil Wayne & BLEU)",Track #4 on Breezy.,"Jun 24, 2022",Album Track,https://mega.nz/folder/vN1BCYwB#1gdHJfGUX_8mPz4BqPHMSw
Breezy,"Addicted
(feat. Lil Baby)",Track #5 on Breezy.,"Jun 24, 2022",Album Track,https://mega.nz/folder/vN1BCYwB#1gdHJfGUX_8mPz4BqPHMSw
Breezy,"Call Me Every Day
(feat. Wizkid)",Track #6 on Breezy.,"Jun 24, 2022",Single / Album Track,https://mega.nz/folder/vN1BCYwB#1gdHJfGUX_8mPz4BqPHMSw
Breezy,"Closure
(feat. H.E.R.)",Track #7 on Breezy.,"Jun 24, 2022",Album Track,https://mega.nz/folder/vN1BCYwB#1gdHJfGUX_8mPz4BqPHMSw
Breezy,"Need You Right Here
(feat. Bryson Tiller)",Track #8 on Breezy.,"Jun 24, 2022",Album Track,https://mega.nz/folder/vN1BCYwB#1gdHJfGUX_8mPz4BqPHMSw
Breezy,"Sex Memories
(feat. Ella Mai)",Track #9 on Breezy.,"Jun 24, 2022",Album Track,https://mega.nz/folder/vN1BCYwB#1gdHJfGUX_8mPz4BqPHMSw
Breezy,"Hmhmm
(feat. EST Gee)",Track #10 on Breezy.,"Jun 24, 2022",Album Track,https://mega.nz/folder/vN1BCYwB#1gdHJfGUX_8mPz4BqPHMSw
Breezy,"Psychic
(feat. Jack Harlow)",Track #11 on Breezy.,"Jun 24, 2022",Album Track,https://mega.nz/folder/vN1BCYwB#1gdHJfGUX_8mPz4BqPHMSw
Breezy,"Show It
(feat. Blxst)",Track #12 on Breezy.,"Jun 24, 2022",Album Track,https://mega.nz/folder/vN1BCYwB#1gdHJfGUX_8mPz4BqPHMSw
Breezy,Sleep At Night,Track #13 on Breezy.,"Jun 24, 2022",Album Track,https://mega.nz/folder/vN1BCYwB#1gdHJfGUX_8mPz4BqPHMSw
Breezy,Passing Time,Track #14 on Breezy.,"Jun 24, 2022",Album Track,https://mega.nz/folder/vN1BCYwB#1gdHJfGUX_8mPz4BqPHMSw
Breezy,WE (Warm Embrace),Track #15 on Breezy.,"Jun 24, 2022",Single / Album Track,https://mega.nz/folder/vN1BCYwB#1gdHJfGUX_8mPz4BqPHMSw
Breezy,Forbidden,Track #16 on Breezy.,"Jun 24, 2022",Album Track,https://mega.nz/folder/vN1BCYwB#1gdHJfGUX_8mPz4BqPHMSw
Breezy,"Bad Then A Beach
(feat. Tory Lanez)",Track #17 on Breezy.,"Jun 24, 2022",Album Track,https://mega.nz/folder/vN1BCYwB#1gdHJfGUX_8mPz4BqPHMSw
Breezy,Survive The Night,Track #18 on Breezy.,"Jun 24, 2022",Album Track,https://mega.nz/folder/vN1BCYwB#1gdHJfGUX_8mPz4BqPHMSw
Breezy,Dream,Track #19 on Breezy.,"Jun 24, 2022",Album Track,https://mega.nz/folder/vN1BCYwB#1gdHJfGUX_8mPz4BqPHMSw
Breezy,Slide,Track #20 on Breezy.,"Jun 24, 2022",Album Track,https://mega.nz/folder/vN1BCYwB#1gdHJfGUX_8mPz4BqPHMSw
Breezy,Harder,Track #21 on Breezy.,"Jun 24, 2022",Album Track,https://mega.nz/folder/vN1BCYwB#1gdHJfGUX_8mPz4BqPHMSw
Breezy,On Some New Shit,Track #22 on Breezy.,"Jun 24, 2022",Album Track,https://mega.nz/folder/vN1BCYwB#1gdHJfGUX_8mPz4BqPHMSw
Breezy,Luckiest Man,Track #23 on Breezy.,"Jun 24, 2022",Album Track,https://mega.nz/folder/vN1BCYwB#1gdHJfGUX_8mPz4BqPHMSw
Breezy,Iffy,Track #24 on Breezy.,"Jun 24, 2022",Single / Album Track,https://mega.nz/folder/vN1BCYwB#1gdHJfGUX_8mPz4BqPHMSw
Breezy,Hit My Line,Track #25 on Breezy.,"Jun 24, 2022",Bonus Track,https://mega.nz/folder/vN1BCYwB#1gdHJfGUX_8mPz4BqPHMSw
Breezy,"Inner Peace 
(feat. Anderson .Paak)",Track #26 on Breezy.,"Jun 24, 2022",Bonus Track,https://mega.nz/folder/vN1BCYwB#1gdHJfGUX_8mPz4BqPHMSw
Breezy,Talm' Bout,Track #27 on Breezy.,"Jun 24, 2022",Bonus Track,https://mega.nz/folder/vN1BCYwB#1gdHJfGUX_8mPz4BqPHMSw
Breezy,Hate Me Tomorrow,Track #28 on Breezy.,"Jun 24, 2022",Bonus Track,https://mega.nz/folder/vN1BCYwB#1gdHJfGUX_8mPz4BqPHMSw
Breezy,Hate Being Human,Track #29 on Breezy.,"Jun 24, 2022",Bonus Track,https://mega.nz/folder/vN1BCYwB#1gdHJfGUX_8mPz4BqPHMSw
Breezy,"Nobody Has To Know
(feat. Davido)",Track #30 on Breezy.,"Jun 24, 2022",Bonus Track,https://mega.nz/folder/vN1BCYwB#1gdHJfGUX_8mPz4BqPHMSw
Breezy,Special Delivery,Track #31 on Breezy.,"Jun 24, 2022",Bonus Track,https://mega.nz/folder/vN1BCYwB#1gdHJfGUX_8mPz4BqPHMSw
Breezy,Petty,Track #32 on Breezy.,"Jun 24, 2022",Bonus Track,https://mega.nz/folder/vN1BCYwB#1gdHJfGUX_8mPz4BqPHMSw
Breezy,In The City,Track #33 on Breezy.,"Jun 24, 2022",Bonus Track,https://mega.nz/folder/vN1BCYwB#1gdHJfGUX_8mPz4BqPHMSw
"22 Album Tracks
13 Bonus Tracks",11 : 11,"(XX/XX/2022) (11:11 probably starts recording)
(11/10/2023) (11:11 releases)",,,
11 : 11,Angel Numbers / Ten Toes,Track #1 on 11:11.,"Nov 10, 2023",Album Track,https://mega.nz/folder/eUclSABb#gUbKiJfusGe6a9y4Y8Ry3w
11 : 11,"Sensational
(feat. Davido & Lojay)",Track #2 on 11:11.,"Nov 10, 2023",Single / Album Track,https://mega.nz/folder/eUclSABb#gUbKiJfusGe6a9y4Y8Ry3w
11 : 11,Press Me,Track #3 on 11:11.,"Nov 10, 2023",Album Track,https://mega.nz/folder/eUclSABb#gUbKiJfusGe6a9y4Y8Ry3w
11 : 11,"That's On You
(feat. Future)",Track #4 on 11:11.,"Nov 10, 2023",Album Track,https://mega.nz/folder/eUclSABb#gUbKiJfusGe6a9y4Y8Ry3w
11 : 11,Feel Something,Track #5 on 11:11.,"Nov 10, 2023",Album Track,https://mega.nz/folder/eUclSABb#gUbKiJfusGe6a9y4Y8Ry3w
11 : 11,"Best Ever
(feat. Maeta)",Track #6 on 11:11.,"Nov 10, 2023",Album Track,https://mega.nz/folder/eUclSABb#gUbKiJfusGe6a9y4Y8Ry3w
11 : 11,"No One Else
(feat. Fridayy)",Track #7 on 11:11.,"Nov 10, 2023",Album Track,https://mega.nz/folder/eUclSABb#gUbKiJfusGe6a9y4Y8Ry3w
11 : 11,Shooter,Track #8 on 11:11.,"Nov 10, 2023",Album Track,https://mega.nz/folder/eUclSABb#gUbKiJfusGe6a9y4Y8Ry3w
11 : 11,"Nightmares
(feat. Byron Messia)",Track #9 on 11:11.,"Nov 10, 2023",Single / Album Track,https://mega.nz/folder/eUclSABb#gUbKiJfusGe6a9y4Y8Ry3w
11 : 11,Very Special,Track #10 on 11:11.,"Nov 10, 2023",Album Track,https://mega.nz/folder/eUclSABb#gUbKiJfusGe6a9y4Y8Ry3w
11 : 11,Messed Up,Track #11 on 11:11.,"Nov 10, 2023",Album Track,https://mega.nz/folder/eUclSABb#gUbKiJfusGe6a9y4Y8Ry3w
11 : 11,Midnight Freak,Track #12 on 11:11.,"Nov 10, 2023",Album Track,https://mega.nz/folder/KcdHCLQL#6u1Xo6vUWKkZydXU571Gjw
11 : 11,Moonlight,Track #13 on 11:11.,"Nov 10, 2023",Album Track,https://mega.nz/folder/KcdHCLQL#6u1Xo6vUWKkZydXU571Gjw
11 : 11,Bouncing / G5,Track #14 on 11:11.,"Nov 10, 2023",Album Track,https://mega.nz/folder/KcdHCLQL#6u1Xo6vUWKkZydXU571Gjw
11 : 11,Make Up Your Mind,Track #15 on 11:11.,"Nov 10, 2023",Album Track,https://mega.nz/folder/KcdHCLQL#6u1Xo6vUWKkZydXU571Gjw
11 : 11,Stutter,Track #16 on 11:11.,"Nov 10, 2023",Album Track,https://mega.nz/folder/KcdHCLQL#6u1Xo6vUWKkZydXU571Gjw
11 : 11,Need A Friend,Track #17 on 11:11.,"Nov 10, 2023",Album Track,https://mega.nz/folder/KcdHCLQL#6u1Xo6vUWKkZydXU571Gjw
11 : 11,Summer Too Hot,Track #18 on 11:11.,"Nov 10, 2023",Single / Album Track,https://mega.nz/folder/KcdHCLQL#6u1Xo6vUWKkZydXU571Gjw
11 : 11,Feelings Don't Lie,Track #19 on 11:11.,"Nov 10, 2023",Album Track,https://mega.nz/folder/KcdHCLQL#6u1Xo6vUWKkZydXU571Gjw
11 : 11,Red Flags,Track #20 on 11:11.,"Nov 10, 2023",Album Track,https://mega.nz/folder/KcdHCLQL#6u1Xo6vUWKkZydXU571Gjw
11 : 11,Closer,Track #21 on 11:11.,"Nov 10, 2023",Album Track,https://mega.nz/folder/KcdHCLQL#6u1Xo6vUWKkZydXU571Gjw
11 : 11,Views,Track #22 on 11:11.,"Nov 10, 2023",Album Track,https://mega.nz/folder/KcdHCLQL#6u1Xo6vUWKkZydXU571Gjw
,11 : 11 (Deluxe),"(11/10/2023) (11:11 releases)
(04/11/2024) (11:11 (Deluxe) releases)",,,
11:11 (Deluxe),Bruce Lee,Track #1 on 11:11 (Deluxe).,"Apr 11, 2024",Bonus Track,https://mega.nz/folder/nNUQiQYK#JgneSr9CZqaVp-l_jCCVJA
11:11 (Deluxe),Go Girlfriend,Track #2 on 11:11 (Deluxe).,"Apr 11, 2024",Bonus Track,https://mega.nz/folder/nNUQiQYK#JgneSr9CZqaVp-l_jCCVJA
11:11 (Deluxe),No Interruptions,Track #3 on 11:11 (Deluxe).,"Apr 11, 2024",Bonus Track,https://mega.nz/folder/nNUQiQYK#JgneSr9CZqaVp-l_jCCVJA
11:11 (Deluxe),"Run Away 
(feat. Bryson Tiller)",Track #4 on 11:11 (Deluxe).,"Apr 11, 2024",Bonus Track,https://mega.nz/folder/nNUQiQYK#JgneSr9CZqaVp-l_jCCVJA
11:11 (Deluxe),Delusional,Track #5 on 11:11 (Deluxe).,"Apr 11, 2024",Bonus Track,https://mega.nz/folder/nNUQiQYK#JgneSr9CZqaVp-l_jCCVJA
11:11 (Deluxe),"Freak
(feat. Lil Wayne, Joyner Lucas & Tee Grizzley)",Track #6 on 11:11 (Deluxe).,"Apr 11, 2024",Bonus Track,https://mega.nz/folder/nNUQiQYK#JgneSr9CZqaVp-l_jCCVJA
11:11 (Deluxe),"Won't Keep You Waiting 
(feat. Mario)",Track #7 on 11:11 (Deluxe).,"Apr 11, 2024",Bonus Track,https://mega.nz/folder/nNUQiQYK#JgneSr9CZqaVp-l_jCCVJA
11:11 (Deluxe),"Hmmm 
(feat. Davido)",Track #8 on 11:11 (Deluxe).,"Apr 11, 2024",Bonus Track,https://mega.nz/folder/nNUQiQYK#JgneSr9CZqaVp-l_jCCVJA
11:11 (Deluxe),Afterlife,Track #9 on 11:11 (Deluxe).,"Apr 11, 2024",Bonus Track,https://mega.nz/folder/nNUQiQYK#JgneSr9CZqaVp-l_jCCVJA
11:11 (Deluxe),Sex So Good,Track #10 on 11:11 (Deluxe).,"Apr 11, 2024",Bonus Track,https://mega.nz/folder/nNUQiQYK#JgneSr9CZqaVp-l_jCCVJA
11:11 (Deluxe),My Slime,Track #11 on 11:11 (Deluxe).,"Apr 11, 2024",Bonus Track,https://mega.nz/folder/nNUQiQYK#JgneSr9CZqaVp-l_jCCVJA
11:11 (Deluxe),Sweet Lullaby,Track #12 on 11:11 (Deluxe).,"Apr 11, 2024",Bonus Track,https://mega.nz/folder/nNUQiQYK#JgneSr9CZqaVp-l_jCCVJA
11:11 (Deluxe),Residuals,Track #13 on 11:11 (Deluxe).,"Apr 11, 2024",Single / Bonus Track,https://mega.nz/folder/nNUQiQYK#JgneSr9CZqaVp-l_jCCVJA
,BROWN,"(04/11/2024) (11:11 (Deluxe) releases)
(05/08/2026) (BROWN releases)",,,
BROWN,Leave Me Alone / Intro,Track #1 on BROWN.,"May 8, 2026",Album Track,
BROWN,Obvious,Track #2 on BROWN.,"Apr 10, 2026",Single / Album Track,
BROWN,Honey Pack,Track #3 on BROWN.,"May 8, 2026",Album Track,
BROWN,"It Depends
(feat. Bryson Tiller)",Track #4 on BROWN.,"Jul 25, 2025",Single / Album Track,https://pixeldrain.com/u/TuWV2aj3
BROWN,"Fallin'
(feat. Leon Thomas) (add. Tank)",Track #5 on BROWN.,"May 1, 2026",Single / Album Track,
BROWN,Hate Me,Track #6 on BROWN.,"May 8, 2026",Album Track,
BROWN,"Call Your Name
(feat. Sexyy Red & GloRilla)",Track #7 on BROWN.,"May 8, 2026",Album Track,
BROWN,For The Moment,Track #8 on BROWN.,"May 8, 2026",Album Track,
BROWN,"Fuck and Party
(feat. Vybz Kartel)",Track #9 on BROWN.,"May 8, 2026",Album Track,
BROWN,"Red Rum
(feat. YoungBoy Never Broke Again)",Track #10 on BROWN.,"May 8, 2026",Album Track,
BROWN,It's Not You It's Me,Track #11 on BROWN.,"May 8, 2026",Album Track,
BROWN,Cry For Me,Track #12 on BROWN.,"May 8, 2026",Album Track,
BROWN,Say Nothin',Track #13 on BROWN.,"May 8, 2026",Album Track,
BROWN,"Slow Jamz
(feat. Lucky Daye)",Track #14 on BROWN.,"May 8, 2026",Album Track,
BROWN,"Perfect Timing
(feat. Fridayy)",Track #15 on BROWN.,"May 8, 2026",Album Track,
BROWN,In My Head,Track #16 on BROWN.,"May 8, 2026",Album Track,
BROWN,What's Love,Track #17 on BROWN.,"May 8, 2026",Album Track,
BROWN,Something In The Water,Track #18 on BROWN.,"May 8, 2026",Album Track,
BROWN,Won't Let Me Leave,Track #19 on BROWN.,"May 8, 2026",Album Track,
BROWN,"#BODYGOALS
(feat. Tank)",Track #20 on BROWN.,"May 8, 2026",Album Track,
BROWN,Colours,Track #21 on BROWN.,"May 8, 2026",Album Track,
BROWN,Skin To Skin,Track #22 on BROWN.,"May 8, 2026",Album Track,
BROWN,Theme Song,Track #23 on BROWN.,"May 8, 2026",Album Track,
BROWN,Your Time,Track #24 on BROWN.,"May 8, 2026",Album Track,
BROWN,It's Personal,Track #25 on BROWN.,"May 8, 2026",Album Track,
BROWN,Holy Blindfold,Track #26 on BROWN.,"Jun 13, 2025",Single / Album Track,https://pixeldrain.com/u/5v2iq6Fr
BROWN,Present / Outro,Track #27 on BROWN.,"May 8, 2026",Album Track,
,"BROWN 
(The Chocolate Edition)","(05/08/2026) (BROWN releases)
(06/11/2026) (BROWN (The Chocolate Edition) releases)",,,
BROWN (The Chocolate Edition),Loose,Track #1 on BROWN (The Chocolate Edition).,"Jun 19, 2026",Bonus Track,
BROWN (The Chocolate Edition),"Man On A Mission
(feat. Wizkid)",Track #2 on BROWN (The Chocolate Edition).,"Jun 19, 2026",Bonus Track,
BROWN (The Chocolate Edition),Save Me,Track #3 on BROWN (The Chocolate Edition).,"Jun 19, 2026",Bonus Track,
BROWN (The Chocolate Edition),"Just the Bro
(feat. Tyga & Ty Dolla $ign)",Track #4 on BROWN (The Chocolate Edition).,"Jun 19, 2026",Bonus Track,
BROWN (The Chocolate Edition),GP,Track #5 on BROWN (The Chocolate Edition).,"Jun 19, 2026",Bonus Track,
BROWN (The Chocolate Edition),Nthn2talkbout,Track #6 on BROWN (The Chocolate Edition).,"Jun 19, 2026",Bonus Track,
BROWN (The Chocolate Edition),4Ever,Track #7 on BROWN (The Chocolate Edition).,"Jun 19, 2026",Bonus Track,
BROWN (The Chocolate Edition),No Signal,Track #8 on BROWN (The Chocolate Edition).,"Jun 19, 2026",Bonus Track,
BROWN (The Chocolate Edition),Still Human,Track #9 on BROWN (The Chocolate Edition).,"Jun 19, 2026",Bonus Track,
BROWN (The Chocolate Edition),Appreciate It,Track #10 on BROWN (The Chocolate Edition).,"Jun 19, 2026",Bonus Track,