Era,Name,Notes,File Date,Leak Date,Full Length,BPM,Available Length,Quality,Link(s)
Dua Lipa,Be The One,Acapella for released track 'Be The One'.,,"May 2, 2016",3:23,,Full,CD Quality,https://open.spotify.com/track/3OlcFRrEbKiILyy06sZMsL?si=23e4e3ba257a49a7
Dua Lipa,Blow Your Mind (Mwah),Acapella for released track 'Blow Your Mind (Mwah)'.,,"Oct 22, 2016",2:58,,Full,CD Quality,https://open.spotify.com/track/51W1ncJIJ4MGbv9GHhuSx7?si=dd3216eb5d0c4f1b
Dua Lipa,Hotter Than Hell,Acapella for released track 'Hotter Than Hell'.,,"May 8, 2016",3:07,,Full,CD Quality,https://open.spotify.com/track/4v2Gb1ZGmSqgqhdO9jqERW?si=93cf7c1a46e044f8
Dua Lipa,IDGAF,Acapella for released track 'IDGAF'.,,"May 4, 2018",3:36,,Full,CD Quality,https://open.spotify.com/track/4SfbjegMjHSuUDLimyo9h0?si=174bcf6830994689
Dua Lipa,Last Dance,Acapella for released track 'Last Dance'.,,"Mar 26, 2016",3:50,,Full,CD Quality,https://open.spotify.com/track/6L76u0RFQWWM9K9F290KU8?si=869053c9e54b4782
Dua Lipa,New Love,Acapella for released track 'New Love'.,,"Jan 31, 2016",4:32,,Full,CD Quality,https://open.spotify.com/track/2s1w0DhwQvBA0hCx7l3i4l?si=7a2e72145802466c
Dua Lipa,New Rules [V1],"Acapella for 'New Rules', with no bridge, for a possible feature.",,"Nov 7, 2024",3:29,,Full,Lossless,https://pillows.su/f/a916e8367f4e706ca2646ee4e05ec982
Dua Lipa,New Rules [V2],Acapella for released track 'New Rules'.,,"Nov 4, 2017",3:30,,Full,CD Quality,https://open.spotify.com/track/11hi8P6xVhJiuD8NZEUG7V?si=39e846a1726a4412
Dua Lipa,Be The One,Instrumental for released track 'Be The One'.,,"May 2, 2016",3:24,,Full,CD Quality,https://open.spotify.com/track/23JSHo5xM9VzOX2eygsmFH?si=1a5bb559573a43a8
Dua Lipa,Blow Your Mind (Mwah),Instrumental for released track 'Blow Your Mind (Mwah)'.,,"Oct 22, 2016",2:59,,Full,CD Quality,https://open.spotify.com/track/0Ry07a0150AGKvu7zsncoL?si=92cbbf4b57344ec5
Dua Lipa,Hotter Than Hell,Instrumental for released track 'Hotter Than Hell'.,,"May 8, 2016",3:10,,Full,CD Quality,https://open.spotify.com/track/2MY9A6Ytxn8X3fag36EpGA?si=99d592f1b13f4896
Dua Lipa,IDGAF,Instrumental for released track 'IDGAF'.,,"May 4, 2018",3:38,,Full,CD Quality,https://open.spotify.com/track/1Dg2YNUTErS3Lm6Adza7wX?si=d06db14c8d8a4bb4
Dua Lipa,Last Dance,Instrumental for released track 'Last Dance'.,,"Mar 26, 2016",3:49,,Full,CD Quality,https://open.spotify.com/track/1fDONPB4C3idrAi5xCB7M4?si=55923259a05e48df
Dua Lipa,New Love,Instrumental for released track 'New Love'.,,"Jan 31, 2016",3:56,,Full,CD Quality,https://open.spotify.com/track/0Rk6vjb1igf8GdDqk3pys3?si=14e673dd7c254275
Dua Lipa,New Rules [V1],"Instrumental for 'New Rules', for a possible feature.",,"Nov 7, 2024",3:29,,Full,Lossless,https://pillows.su/f/96eaa83fb17677089c1f844301aa8986
Dua Lipa,New Rules [V2],Instrumental for released track 'New Rules'.,,"Nov 4, 2017",3:32,,Full,CD Quality,https://open.spotify.com/track/2ArHf7cc2kRXMcgwQ5YQcC?si=dacb86284e844151
Dua Lipa,"Calvin Harris - One Kiss
(with Dua Lipa)",Instrumental for 'One Kiss'.,,,3:34,,Full,CD Quality,Link Needed
Dua Lipa,"Lipstick Blues
(prod. DayTrip)",Instrumental for 'Lipstick Blues'.,,"Jul 26, 2025",2:00,,Partial,CD Quality,https://pillows.su/f/48f8ee5040232360b83626abf1cddf1b
Dua Lipa,"Yours
(prod. TMS)","Instrumental for leaked tracks 'Do More', 'Want It All' and 'Yours'.",,,3:36,,Full,CD Quality,https://pillows.su/f/da6493f3ffee63f6179c838a366f5cea
Future Nostalgia,Future Nostalgia,Instrumental for 'Future Nostalgia'.,,,3:05,,Full,CD Quality,Link Needed
Future Nostalgia,Don't Start Now,Instrumental for 'Don't Start Now'.,,,3:03,,Full,CD Quality,Link Needed
Future Nostalgia,Cool,Instrumental for 'Cool'.,,,3:30,,Full,CD Quality,Link Needed
Future Nostalgia,Physical,Instrumental for 'Physical'.,,,3:14,,Full,CD Quality,Link Needed
Future Nostalgia,Levitating,Instrumental for 'Levitating'.,,,3:24,,Full,CD Quality,Link Needed
Future Nostalgia,Pretty Please,Instrumental for 'Pretty Please'.,,,3:15,,Full,CD Quality,Link Needed
Future Nostalgia,Hallucinate,Instrumental for 'Hallucinate'.,,,3:29,,Full,CD Quality,Link Needed
Future Nostalgia,Love Again,Instrumental for 'Love Again'.,,,4:18,,Full,CD Quality,Link Needed
Future Nostalgia,Break My Heart,Instrumental for 'Break My Heart'.,,,3:42,,Full,CD Quality,Link Needed
Future Nostalgia,Good In Bed,Instrumental for 'Good In Bed'.,,,3:39,,Full,CD Quality,Link Needed
Future Nostalgia,Boys Will Be Boys,Instrumental for 'Boys Will Be Boys'.,,,2:46,,Full,CD Quality,Link Needed
Future Nostalgia,"All To Myself
(prod. Danja)",Instrumental for leaked track 'All To Myself'.,,"Nov 16, 2023",2:56,,Full,High Quality,https://pillows.su/f/e18bf6ac99c0e0947b2e709ec9978ef6
Future Nostalgia,"Babylon [V3]
(prod. Darkchild)",Instrumental for leaked track 2018 rework of 'Babylon'.,,,,,Snippet,Recording,https://imgur.gg/f/VTa1gy7
Future Nostalgia,"Guilty [V2]
(prod. Danja)",Instrumental for leaked track 'Guilty'.,,"Nov 16, 2023",2:37,,Full,High Quality,https://pillows.su/f/c8c01df81a134398c1373cdda083823b
Future Nostalgia,"Love Is Religion [V3]
(prod. GRADES & KOZ)",Instrumental for leaked track 'Love Is Religion'.,,,,,Snippet,Recording,https://imgur.gg/f/HlvYfyp
Future Nostalgia,"Naked [V2]
(prod. Danja)",Instrumental for leaked track 'Naked'.,,,,,Snippet,Recording,https://imgur.gg/f/mjQ7qsY
Future Nostalgia,"Rich
(prod. Ian Kirkpatrick)",Instrumental for leaked track 'Rich'.,,,,,Snippet,Recording,https://imgur.gg/f/1K6xarh
Future Nostalgia,"Sleep No More [V2]
(prod. Pharrell Williams)",Instrumental for leaked track 'Sleep No More'.,,"Feb 16, 2023",3:11,,Full,CD Quality,https://pillows.su/f/7f424e0988d8ac572baa68cfe9c1e1ee
Future Nostalgia,"What I Like
(prod. Danja)",Instrumental for leaked track 'What I Like'.,,"Nov 16, 2023",3:20,,Full,High Quality,https://pillows.su/f/6a567c1c589c5f8c56e9b2db067f904c
Radical Optimism,Training Season,,,"Feb 15, 2025",3:34,,Full,CD Quality,https://open.spotify.com/track/3ydu59KTnEPp1VRA53C0l5?si=1afaa7fbae2f42bd
Radical Optimism,Illusion,,,"Apr 11, 2022",3:08,,Full,CD Quality,https://open.spotify.com/track/6DPrUGpeeza8rYhYjRnOeA?si=ceeb9c44adce4542
Radical Optimism,Training Season,,,"Feb 15, 2025",3:29,,Full,CD Quality,https://open.spotify.com/track/3ydu59KTnEPp1VRA53C0l5?si=ee7550c4bbe64d68
Radical Optimism,Training Season (Extended),,,"Mar 4, 2024",4:55,,Full,CD Quality,https://open.spotify.com/track/4c7PAT3Klfjtid1QnFzjBg?si=f345ac26e2c24f8f
Radical Optimism,Illusion,,,"Apr 11, 2022",3:07,,Full,CD Quality,https://open.spotify.com/track/6qszJ4PtfQSe9Fs3A0zIIi?si=70d23a80ded747bd
