Era,Name,Notes,Length,Release Date,Type,Streaming,Link(s)
3 FEET HIGH AND RISING,"Intro
(prod. Prince Paul)",Track 1 on 3 feet high and rising,,,Other,Yes,https://open.spotify.com/track/4aShYtxgzbBVkJwpi7pbDc?si=j3n6eLCBRvKe58R6u-DNeg
3 FEET HIGH AND RISING,"The Magic Number
(prod. Prince Paul)",Track 2 on 3 feet high and rising,,,Other,Yes,https://open.spotify.com/track/4hB8J06D2ZaGkWZDOMpYZB?si=UIgSJnuOSb2O0pH6zEOOmQ
3 FEET HIGH AND RISING,Change in Speak,Track 3 on 3 Feet High and Rising,,,Other,Yes,https://open.spotify.com/track/0wmydNAi8MbZXtf7cVecUi?si=_2ryqaDZStWbsp0vfZ5X6Q
3 FEET HIGH AND RISING,Cool Breeze on The Rocks,Track 4 on 3 feet high and rising,,,Other,Yes,https://open.spotify.com/track/5iYjvQbLvISapScuxb4XTo?si=z1PpnNiFTe2gfhjRUoJcpA
3 FEET HIGH AND RISING,Can U Keep A Secret,Track 5 on 3 feet high and rising,,,Other,Yes,https://open.spotify.com/track/2ZvAAapW3yAaVdmGfiJyJI?si=x71nxltpSEWWU8oZh4vdUg
3 FEET HIGH AND RISING,Jenifa Taught Me (Derwin's Revenge),Track 6,,,Other,Yes,https://open.spotify.com/track/5GbprJsjx6AMgInnmA5KWm?si=tMfO8HUJSNa0Y3MLIh6dHg
3 FEET HIGH AND RISING,Ghetto Thang,Track 7,,,Other,Yes,https://open.spotify.com/track/1IocvXmTsMh3AHTINgU2Yy?si=VrmrWqNsSFOSp7Q22xe79Q
3 FEET HIGH AND RISING,Transmitting Live From Mars,Track 8 on 3 Feet High and Rising,,,Other,Yes,https://open.spotify.com/track/1u2oMegSQZsnC1WBFG8zXM?si=VQyj1ZzmQqC6sW4Mn5Qbxg
3 FEET HIGH AND RISING,Eye Know,Track 9 on 3 Feet High and Rising,,,Other,Yes,https://open.spotify.com/track/4xQMFoD33vx6stB1UzfA6s?si=S9SaDzRbTUurK_UPeGeb7A
3 FEET HIGH AND RISING,Take It Off,,,,Other,Yes,https://open.spotify.com/track/2Erj7Y3IDBNvYxmq1Axvjs?si=enT0L_VOTy6U2im40ecJDA
3 FEET HIGH AND RISING,A Litte Bit of Soap,,,,Other,Yes,https://open.spotify.com/track/6zgClTCI7zRqQLf148Sozu?si=Ywxezk_BRQevFFfzbwlZRQ
3 FEET HIGH AND RISING,Tread Water,,,,Other,Yes,https://open.spotify.com/track/6ue6LsGS9TpriUO0NnU6Yh?si=-bH4e9GDSqGnpM82aLGMUw
3 FEET HIGH AND RISING,Potholes In My Lawn,,,,Other,Yes,https://open.spotify.com/track/1EDP4ELDdTXW0D67Im22HE?si=rOJN0aLWRsi2q6xdXWFjnA
3 FEET HIGH AND RISING,Say No Go,,,,Other,Yes,https://open.spotify.com/track/1VlIjGDl74uwzy1nzeQ3Qr?si=4n4biu-NTIWPm0KqerAm5w
3 FEET HIGH AND RISING,Do As De La Does,,,,Other,Yes,https://open.spotify.com/track/71n6VlCnXoMBrHMRVSXwOa?si=Pt7HyozgQMqIVc_LRh84Cw
3 FEET HIGH AND RISING,Plug Tunin (Last Chance To Comprehend),,,,Other,Yes,https://open.spotify.com/track/4SMrx5BmR4F4IJkxAN1oCy?si=vPQ749weTpWBe0qxTUDwCw
3 FEET HIGH AND RISING,De La Orgee,,,,Other,Yes,https://open.spotify.com/track/1cf8cuou05R0DpFmDpUj61?si=a_HWfai1SPeXqBTqbMeW3g
3 FEET HIGH AND RISING,"Buddy
(feat. Jungle Brothers & Q-Tip)
(prod. Prince Paul)",,,,Other,Yes,https://open.spotify.com/track/0xr24hc6g7hFBZcU4xY87j?si=R6W_QlONSTi9LaOR6q-k7w
3 FEET HIGH AND RISING,Description,,,,Other,Yes,https://open.spotify.com/track/1ehvxR1L5k96T6UIIUff7q?si=spu0BU4OQs2WY9eru_Mggw
3 FEET HIGH AND RISING,"Me Myself And I 
(feat. Q-Tip)",,,,Other,Yes,https://open.spotify.com/track/792UwI6utk5DMQUT1KXa5E?si=dUQyQ7GXSjevJRRw-Dmsyg
3 FEET HIGH AND RISING,This Is A Recording 4 Living In A Full Time Era (L.I.F.E.),,,,Other,Yes,https://open.spotify.com/track/4Pd3KKa1fhHiVM9T7B2puo?si=85rjevCVQUShWAuS-UroQg
3 FEET HIGH AND RISING,I Can Do Anything,,,,Other,Yes,https://open.spotify.com/track/4BGjnUWksjqjHnCcW1hDLo?si=mXJfUZnCQuamz0uTCJNtGQ
3 FEET HIGH AND RISING,D.A.I.S.Y. Age,,,,Other,Yes,https://open.spotify.com/track/7GOdFpyX7aUbHOaYt7mwyP?si=Yvzu---CSDy8wc-AMxshLA
3 FEET HIGH AND RISING,Plug Tunin,,,,Other,Yes,
De La Soul...       is dead,Intro,,,,Other,Yes,
De La Soul...       is dead,Oodles Of O's,,,,Other,Yes,
De La Soul...       is dead,Talkin' Bout Hey Love,,,,Other,Yes,
De La Soul...       is dead,Pease Porridge,,,,Other,Yes,
De La Soul...       is dead,Skit 1,,,,Other,Yes,
De La Soul...       is dead,Johnny's Dead Aka Vincent Mason (Live from BK Lounge),,,,Other,Yes,
De La Soul...       is dead,"A Rollerskating Jam Named ""Saturdays""",,,,Other,Yes,
De La Soul...       is dead,WRMS Dedication To The Bitty,,,,Other,Yes,
De La Soul...       is dead,Bitties In The BK Lounge,,,,Other,Yes,
De La Soul...       is dead,Skit 2,,,,Other,Yes,
De La Soul...       is dead,My Brother's A Basehead,,,,Other,Yes,
De La Soul...       is dead,"Let, Let Me In",,,,Other,Yes,
De La Soul...       is dead,Afro Connections At A Hi 5 (In The Eye of A Hoodlum),,,,Other,Yes,
De La Soul...       is dead,Rap De Rap Show,,,,Other,Yes,
De La Soul...       is dead,Millie Pulled A Pistol On Santa,,,,Other,Yes,
De La Soul...       is dead,Who Do U Worship,,,,Other,Yes,
De La Soul...       is dead,Skit 3,,,,Other,Yes,
De La Soul...       is dead,Kicked Out The House,,,,Other,Yes,
De La Soul...       is dead,Pass The Plugs,,,,Other,Yes,
De La Soul...       is dead,Not Over Till The Fat Lady Plays The Demo,,,,Other,Yes,
De La Soul...       is dead,Ring Ring Ring (Ha Ha Hey),,,,Other,Yes,
De La Soul...       is dead,WRMS Cat's in Control,,,,Other,Yes,
De La Soul...       is dead,Skit 4,,,,Other,Yes,
De La Soul...       is dead,Shwingalokate,,,,Other,Yes,
De La Soul...       is dead,Fanatic of The B Word,,,,Other,Yes,
De La Soul...       is dead,Keeping Faith,,,,Other,Yes,
De La Soul...       is dead,Skit 5,,,,Other,Yes,
Buhloone Mindstate,Intro,,,,Other,Yes,
Buhloone Mindstate,Eye Patch,,,,Other,Yes,
Buhloone Mindstate,"En Focus
(feat. Shortie No Mass & Dres)",,,,Other,Yes,
Buhloone Mindstate,"Patti Dookie
(feat. Guru, Shortie No Mass, & Prince Paul)
(extra. Maceo Parker, Fred Wesley & Pee Wee Ellis)",,,,Other,Yes,
Buhloone Mindstate,"I Be Blowin'
(feat. Maceo Parker)",,,,Other,Yes,
Buhloone Mindstate,"Long Island Wildin'
(feat. Scha Dara Parr & Kan Takagi)",,,,Other,Yes,
Buhloone Mindstate,"Ego Trippin' [Part 2]
(feat. Shortie No Mass)",,,,Other,Yes,
Buhloone Mindstate,"Paul's Revenge 
(feat. Prince Paul)",,,,Other,Yes,
Buhloone Mindstate,3 Days Later,,,,Other,Yes,
Buhloone Mindstate,Area,,,,Other,Yes,
Buhloone Mindstate,"I Am I Be
(feat. Shortie No Mass, Ali Shaheed (ATCQ), Q-Tip, Chip Fu, Chris Lighty, Dres (Black Sheep), Busta Rhymes (LoTNS) & Bob Power)",,,,Other,Yes,
Buhloone Mindstate,In The Woods,,,,Other,Yes,
Buhloone Mindstate,Breakadawn,,,,Other,Yes,
Buhloone Mindstate,Dave Has A Problem... Seriously,,,,Other,Yes,
Buhloone Mindstate,Stone Age,,,,Other,Yes,
Stakes is High,"Intro
(prod. De La Soul)",,,,Other,Yes,
Stakes is High,"Supa Emcees
(prod. De La Soul)",,,,Other,Yes,
Stakes is High,"The Bizness
(feat. Common)
(prod. De La Soul)",,,,Other,Yes,
Stakes is High,"Wonce Again Long Island
(prod. De La Soul)",,,,Other,Yes,
Stakes is High,"Dinninit
(prod. Spearhead X)",,,,Other,Yes,
Stakes is High,"Brakes
(prod. De La Soul)",,,,Other,Yes,
Stakes is High,"Dog Eat Dog
(prod. De La Soul)",,,,Other,Yes,
Stakes is High,"Baby Baby Baby Baby Ooh Baby
(prod. De La Soul)",,,,Other,Yes,
Stakes is High,"Long Island Degrees
(prod. De La Soul)",,,,Other,Yes,
Stakes is High,"Betta Listen
(prod. De La Soul)",,,,Other,Yes,
Stakes is High,"Itzsoweezee (HOT)
(prod. Posdnuos)",,,,Other,Yes,
Stakes is High,"4 More
(feat. Zhane)
(prod. O. Gee & De La Soul)",,,,Other,Yes,
Stakes is High,"Big Brother Beat
(feat. Mos Def)
(prod. Skeff Anselm)",,,,Other,Yes,
Stakes is High,"Down Syndrome 
(prod. De La Soul)",,,,Other,Yes,
Stakes is High,"Pony Ride 
(feat. Truth Enola)
(prod. De La Soul)",,,,Other,Yes,
Stakes is High,"Stakes Is High
(prod. J Dilla)",,,,Other,Yes,
Stakes is High,"Sunshine
(prod. De La Soul)",,,,Other,Yes,
Stakes is High,F.U.N.K.Y Towel,,,,Other,,
Stakes is High,I Can't Call It,Track released on the High School High soundtrack from 1996,,,Other,,
Stakes is High,"Camp Lo - B-Side To Hollywood
(feat. Trugoy The Dove)",,,,Other,,
Stakes is High,Channel No. Fever,Track released on the Men In Black: the Album soundtrack from 1997,,,Other,,
Stakes is High,"Common - Gettin' Down at the Amphitheater
(feat. De La Soul)",,,,Other,,
Stakes is High,"DJ Honda - Trouble in the Water
(prod. De La Soul)",,,,Other,,
"AOI: 
Mosiac Thump","Spitkicker.com/Say R
(prod. De La Soul)",,,,Other,Yes,
"AOI: 
Mosiac Thump","U Can Do (Life)
(prod. Supa Dave West)",,,,Other,Yes,
"AOI: 
Mosiac Thump","My Writes
(prod. Ad Lib)",,,,Other,Yes,
"AOI: 
Mosiac Thump","Oooh
(feat. Redman)
(prod. Prince Paul & De La Soul)",,,,Other,Yes,
"AOI: 
Mosiac Thump","Thru Ya City
(prod. Jay Dee)",,,,Other,Yes,
"AOI: 
Mosiac Thump","I.C. Yall
(feat. Busta Rhymes)
(prod. Rockwilder)",,,,Other,Yes,
"AOI: 
Mosiac Thump","View
(prod. De La Soul)",,,,Other,,
"AOI: 
Mosiac Thump","Set The Mood
(feat. Indeed)
(prod. Mr. Khaliyl)",,,,Other,Yes,
"AOI: 
Mosiac Thump","All Good
(feat. Chaka Khan)
(prod. De La Soul)",,,,Other,Yes,
"AOI: 
Mosiac Thump","Declaration 
(prod. De La Soul)",,,,Other,Yes,
"AOI: 
Mosiac Thump","Squat!
(feat. Mike D & Ad-Rock)
(prod. Posdnuos)",,,,Other,Yes,
"AOI: 
Mosiac Thump","Words From the Cheif
(feat. Busy Bee)
(prod. De La Soul)",,,,Other,Yes,
"AOI: 
Mosiac Thump","With Me 
(prod. De La Soul)",,,,Other,Yes,
"AOI: 
Mosiac Thump","Copa (Cabanga)
(prod. Supa Dave West)",,,,Other,Yes,
"AOI: 
Mosiac Thump","Foolin'
(prod. Def 2 U & De La Soul)",,,,Other,Yes,
"AOI: 
Mosiac Thump","The Art of Getting Jumped
(prod. De La Soul)",,,,Other,Yes,
"AOI: 
Mosiac Thump","U Don't Wanna B.D.S.
(feat. Bumpy Knuckles)
(prod. De La Soul)",,,,Other,Yes,
"AOI: 
Mosiac Thump","Prince Paul - More Than You Know
(feat. De La Soul)",,,,Other,,
"AOI: 
Mosiac Thump","Truth Enola - Voicetress
(feat. De La Soul)",,,,Other,,
"AOI: 
Mosiac Thump","The Black Eyed Peas - Cali To New York
(feat. De La Soul)",,,,Other,,
"AOI: 
Bionix","Intro
(prod. De La Soul)",,,,Other,Yes,
"AOI: 
Bionix","Bionix
(prod. Supa Dave West)",,,,Other,Yes,
"AOI: 
Bionix","Baby Phat
(feat. Devin The Dude & Yummy Bingham)
(prod. Supa Dave West)",,,,Other,Yes,
"AOI: 
Bionix","Simply 
(prod. Supa Dave West)",,,,Other,Yes,
"AOI: 
Bionix","Simply Havin'
(prod. De La Soul)",,,,Other,Yes,
"AOI: 
Bionix","Held Down
(feat. Ceelo Green)
(prod. Posdnuos)",,,,Other,Yes,
"AOI: 
Bionix",Reverend Do Good #1,,,,Other,Yes,
"AOI: 
Bionix","Watch Out
(feat. Jose Perico Hernandez)
(prod. Supa Dave West)",,,,Other,Yes,
"AOI: 
Bionix","Special
(feat. Yummy Bingham)
(prod. Kev Brown)",,,,Other,Yes,
"AOI: 
Bionix",Reverend Do Good #2,,,,Other,Yes,
"AOI: 
Bionix","The Sauce
(feat. Philly Black)
(prod. Supa Dave West)",,,,Other,Yes,
"AOI: 
Bionix","Am I Worth You
(feat. Glenn Lewis)
(prod. Supa Dave West)",,,,Other,Yes,
"AOI: 
Bionix","Pawn Star
(feat. Shell Council)
(prod. De La Soul)",,,,Other,Yes,
"AOI: 
Bionix","What We Do (For Love)
(feat. Slick Rick 👑)
(prod. Megahertz)",,,,Other,Yes,
"AOI: 
Bionix",Reverend Do Good #3,,,,Other,Yes,
"AOI: 
Bionix","Peer Pressure 
(feat. B-Real)
(prod. J Dilla)",,,,Other,Yes,
"AOI: 
Bionix",Its American,,,,Other,Yes,
"AOI: 
Bionix","Trying People
(prod. Def 2 U)",,,,Other,Yes,
"AOI: 
Bionix",Others,,,,Other,,
"AOI: 
Bionix",Sibling Rivalries [Dexters Laboratory],,,,Other,,
THE GRIND DATE,The Future,,,"Oct 4, 2004",Album Track,Yes,
THE GRIND DATE,"Verbal Clap
(prod. J Dilla)",,,"Oct 4, 2004",Album Track,Yes,
THE GRIND DATE,"Much More
(feat. Yummy Bingham) (extra. DJ Premier)
(prod. J Dilla)",,,"Aug 4, 2003",Single,Yes,
THE GRIND DATE,Shopping Bags (She Got From You),,,,Single,Yes,
THE GRIND DATE,The Grind Date,,,"Oct 4, 2004",Album Track,Yes,
THE GRIND DATE,"Church
(feat. Spike Lee)
(prod. 9th Wonder)",,,"Oct 4, 2004",Album Track,Yes,
THE GRIND DATE,"It's Like That
(feat. Carl Thomas)
(prod. Supa Dave West)",,,"Oct 4, 2004",Album Track,Yes,
THE GRIND DATE,"He Comes
(feat. Ghostface Killah)
(prod. Supa Dave West)",,,"Oct 4, 2004",Album Track,Yes,
THE GRIND DATE,"Days of Oor Lives
(feat. Common)",,,"Oct 4, 2004",Album Track,Yes,
THE GRIND DATE,"Come On Down
(feat. Flava Flav)",,,"Oct 4, 2004",Album Track,Yes,
THE GRIND DATE,"No
(feat. Butta Verses)",,,"Oct 4, 2004",Album Track,Yes,
THE GRIND DATE,"Rock Co.Kane Flow 
(feat. MF DOOM)
(prod. Jake One)",,,"Oct 4, 2004",Single,Yes,
THE GRIND DATE,"Shoomp 
(feat. Sean Paul)
(prod. J Dilla)",,,"Oct 4, 2004",Album Track,Yes,
THE GRIND DATE,"Bigger [V1]
(feat. Choklate)
(prod. Vitamin D)
(Bigger Then You)","Unreleased Track made during the sessions for The Grind Date with producer Vitamin D, song ended up getting scrapped and given to the featured artist Seattle singer Choklate for her self titled album. Released on the 20th Anniversary edition of the Grind Date alongside Respect.",,"Jan 21st, 2025",Other,Some,https://pixeldrain.com/u/Lr7MNf1p
THE GRIND DATE,"Respect 
(prod. Supa Dave West)",Unreleased Track made during the sessions for The Grind Date with the 4th De La Soul member Supa Dave West song was scrapped sometime during the production of the album but was put on a 12 inch vinyl with another track You Got It that released in 2006 it was later properly released on the 20th Anniversary edition of The Grind Date along with Bigger,3:33,"Jan 21st, 2025",Other,Some,
THE GRIND DATE,"Prince Paul - Drama Queen 
(feat. Truth Enola & De La Soul)",,,,Other,,
The First Serve,Opening Credits,,,,Other,Yes,
The First Serve,"Pushin' Aside, Pushin' Along",,,,Other,Yes,
The First Serve,The Work,,,,Other,Yes,
The First Serve,Small Disasters,,,,Other,Yes,
The First Serve,We Made It,,,,Other,Yes,
The First Serve,We Made it (Interlude),,,,Other,Yes,
The First Serve,Must B The Music,,,,Other,Yes,
The First Serve,Goon TV (Interlude),,,,Other,Yes,
The First Serve,The Book of Life,,,,Other,Yes,
The First Serve,Clash Symphony,,,,Other,Yes,
The First Serve,Pop Life,,,,Other,Yes,
The First Serve,Tennis,,,,Other,Yes,
The First Serve,Top Chef,,,,Other,Yes,
The First Serve,Backstage (Interlude),,,,Other,Yes,
The First Serve,"Move 'Em in, Move 'Em Out",,,,Other,Yes,
The First Serve,Ending Credits,,,,Other,Yes,
"Smell The 
Da.I.S.Y.","Let The King Ascend 👑 
(prod. J Dilla)",,1:05,,Other,Yes,
"Smell The 
Da.I.S.Y.",Who,,2:07,,Other,Yes,
"Smell The 
Da.I.S.Y.",Dilla Plugged In,,3:10,,Other,Yes,
"Smell The 
Da.I.S.Y.",Goes With The Word,,2:38,,Other,Yes,
"Smell The 
Da.I.S.Y.",Vocabulary Spills,,2:38,,Other,Yes,
"Smell The 
Da.I.S.Y.",The Pitch,,1:54,,Other,Yes,
"Smell The 
Da.I.S.Y.",Taking The Train,,3:34,,Other,Yes,
"Smell The 
Da.I.S.Y.",Leave Your Cares Behind,,2:54,,Other,Yes,
"Smell The 
Da.I.S.Y.",O'Shut Up,,2:36,,Other,Yes,
"Smell The 
Da.I.S.Y.",No More No Less,,1:56,,Other,Yes,
"Smell The 
Da.I.S.Y.",Marvin Jaye,,4:42,,Other,Yes,
And the Anonymous Nobody...,"God It 
(feat. Nas)",Non album track released as promo,,,Other,Yes,
And the Anonymous Nobody...,The Devil Likes Candy,,,,Other,Yes,
And the Anonymous Nobody...,"Beautiful Night
(prod. Supa Dave West)",,,,Other,Yes,
And the Anonymous Nobody...,Schoolyard Studios,,,,Other,Yes,
And the Anonymous Nobody...,"Genesis 
(feat. Jill Scott)",,,,Other,Yes,
And the Anonymous Nobody...,Royalty Capes,,,,Other,Yes,
And the Anonymous Nobody...,"Pain
(feat. Snoop Dogg)",,,,Other,Yes,
And the Anonymous Nobody...,"Property of Spitkicker.com
(feat. Roc Marciano)",,,,Other,Yes,
And the Anonymous Nobody...,"Memory of... (US)
(feat. Estelle & The Hypnotic Brass Ensemble)
(prod. Pete Rock)",,,,Other,Yes,
And the Anonymous Nobody...,CBGBS,,,,Other,Yes,
And the Anonymous Nobody...,"Lord Intended
(feat. Justin Hawkins)",,,,Other,Yes,
And the Anonymous Nobody...,"Snoopies
(feat. David Bryne)",,,,Other,Yes,
And the Anonymous Nobody...,"Greyhounds 
(feat. Usher)",,,,Other,Yes,
And the Anonymous Nobody...,Sexy Bitch,,,,Other,Yes,
And the Anonymous Nobody...,Train wreck,,,,Other,Yes,
And the Anonymous Nobody...,"Drawn
(feat. Little Dragon)",,,,Other,Yes,
And the Anonymous Nobody...,"Whoodeni 
(feat. 2 Chainz)",,,,Other,Yes,
And the Anonymous Nobody...,Nosed Up,,,,Other,Yes,
And the Anonymous Nobody...,"You Go Dave (A Goldblatt Presentation)
(feat. David Goldblatt)",,,,Other,Yes,
And the Anonymous Nobody...,"Here In After 
(feat. Damon Albarn)",,,,Other,Yes,
And the Anonymous Nobody...,Exodus,,,,Other,Yes,
"AOI: 
Radio","The Prince & The Queen [Radio Episode 1]
(feat. Queen Latifah)",Episode 1 of AOI: Radio.,,,Album Track,Yes,https://music.apple.com/us/station/the-prince-and-the-queen/ra.1732082666
"AOI: 
Radio","The Soulquarians [Radio Episode 2]
(feat. Common)",Episode 2 of AOI: Radio.,,,Album Track,Yes,https://music.apple.com/us/station/the-soulquarians/ra.1732082644
"AOI: 
Radio","Supa MCs [Radio Episode 3]
(feat. Pharoahe Monch & Talib Kweli)",Episode 3 of AOI: Radio.,,,Album Track,Yes,https://music.apple.com/us/station/supa-mcs/ra.1732082591
"AOI: 
Radio","The Future [Radio Episode 4]
(feat. Tyler, The Creator & Rapsody)",Episode 4 of AOI: Radio.,,,Album Track,Yes,https://music.apple.com/us/station/the-future/ra.1732082592
"AOI: 
Radio","Dave on Dave [Radio Episode 5]
(feat. Dave Chappelle)",Episode 5 of AOI: Radio.,,,Album Track,Yes,https://music.apple.com/us/station/dave-on-dave/ra.1735562482
Cabin In The Sky,"Good Health
(prod. Supa Dave West)",,,,Album Track,Yes,
Cabin In The Sky,"Will Be
(feat. Yummy Bingham)
(prod. Posdnuos)",,,,Single,Yes,
Cabin In The Sky,"The Package 
(prod. Pete Rock)",,,,Album Track,Yes,
Cabin In The Sky,"A Quick 16 for Mama 
(feat. Killer Mike)
(prod. Nottz)",,,,Album Track,Yes,
Cabin In The Sky,"Just How It Is (Sometimes) 
(feat. Jay Pharoh & Gareth Donkin)
(prod. Erik Bodin & Joshua Crumbly)",,,,Album Track,Yes,
Cabin In The Sky,"Cruel Summers Bring FIRE LIFE!!
(feat. Yukimi)
(prod. Trugoy The Dove)",,,,Album Track,Yes,
Cabin In The Sky,"Day In The Sun (Gettin' Wit U)
(feat. Supa Dave West, Yummy Bingham & Q-Tip) (prod. Supa Dave West)",,,,Single,Yes,
Cabin In The Sky,"Run It Back!!
(feat. Jungle & Nas) (prod. Supa Dave West)",,,,Album Track,Yes,
Cabin In The Sky,"Different World
(feat. Gene Loring)
(prod. Pete Rock)",,,,Album Track,Yes,
Cabin In The Sky,"Patty Cake
(prod. Jake One)",,,,Album Track,Yes,
Cabin In The Sky,"The Silent Life of Truth 
(prod. DJ Premier)",,,,Album Track,Yes,
Cabin In The Sky,"En Eff
(feat. Black Thought)
(prod. DJ Premier)",,,,Album Track,Yes,
Cabin In The Sky,"Believe (In Him)
(feat. STOUT)
(prod. Supa Dave West)",,,,Album Track,Yes,
Cabin In The Sky,"Yours
(feat. Slick Rick 👑 & Common)
(prod. Pete Rock)",,,,Album Track,Yes,
Cabin In The Sky,"Palm Of His Hands
(feat. Bilal)
(prod. Pete Rock)",,,,Album Track,Yes,
Cabin In The Sky,"Cabin In The Sky
(prod. Supa Dave West)",,,,Album Track,Yes,
Cabin In The Sky,"Dont Push Me 🕊
(prod. Trugoy The Dove)",,,,Album Track,Yes,
Cabin In The Sky,ignore him he kikiwi,,,,Other,,
