Era,Name,Description,Designer,Art Type,Image,Project Type,Use,Link(s)
Exclusive Audio Footage,The Funeral,"The cover for the digital re-issue for ""The Funeral"".",Unknown,Digital,,Front Cover,Used,https://i.discogs.com/K89DCOCndtWLdDrLyrG3wQwdb1n5E76m7rOG1FPMoEk/rs:fit/g:sm/q:90/h:600/w:600/czM6Ly9kaXNjb2dz/LWRhdGFiYXNlLWlt/YWdlcy9SLTE3Njc4/MzAyLTE2MTQ4MTMw/NTktNDA1NS5qcGVn.jpeg
Lord Willin',Lord Willin',"The front album cover for ""Lord Willin'""",Vicki Berndt,Digital,,Front Cover,Used,
Lord Willin',Lord Willin' (Clean),Same as the Lord Willin' front cover but is missing the parental advisory label.,Vicki Berndt,Digital,,Front Cover,Alternate,
Lord Willin',Lord Willin',"The back cover for ""Lord Willin'"".",Unknown,Scan,,Back Cover,Used,
Lord Willin',When The Last Time,"The front cover for the single ""When The Last Time"", photo likely took around a similar time to the back cover of ""Lord Willin'"".",Unknown,Scan,,Front Cover,Used,https://i.discogs.com/MJLxvx5WHAXW2PdMf6N477dcgMPjdfTvanjm2WSEh9s/rs:fit/g:sm/q:90/h:594/w:600/czM6Ly9kaXNjb2dz/LWRhdGFiYXNlLWlt/YWdlcy9SLTM2NzU4/NTItMTU5OTI3NjU1/OS02MTg0LmpwZWc.jpeg
Lord Willin',When The Last Time,"The back cover for the single ""When The Last Time"".",Unknown,Scan,,Back Cover,Used,https://i.discogs.com/Bs0J4XSEmO28-WsdZ5J0paZTM3ff07XOzyaXfTTL84U/rs:fit/g:sm/q:90/h:594/w:600/czM6Ly9kaXNjb2dz/LWRhdGFiYXNlLWlt/YWdlcy9SLTM2NzU4/NTItMTU5OTI3NjU4/Ny02Mzk0LmpwZWc.jpeg
Lord Willin',When The Last Time,"Disc design for the single ""When The Last Time"".",Unknown,Scan,,Physical Packaging,Used,https://i.discogs.com/fRoIA5xM3YMtWv5x83yp1ncgWLHIu809X9IV83NQp8E/rs:fit/g:sm/q:90/h:598/w:600/czM6Ly9kaXNjb2dz/LWRhdGFiYXNlLWlt/YWdlcy9SLTM2NzU4/NTItMTU5OTI3NjYx/MS03MTc2LmpwZWc.jpeg
Lord Willin',When The Last Time,"Spine and likely inside of the single ""When The Last Time"".",Unknown,Scan,,Physical Packaging,Used,https://i.discogs.com/cTd2bVM1mO0elhs1S-tC1GRZYbfyUq97KnvbE7kOUhs/rs:fit/g:sm/q:90/h:467/w:600/czM6Ly9kaXNjb2dz/LWRhdGFiYXNlLWlt/YWdlcy9SLTM2NzU4/NTItMTU5OTI3NjY1/Ni0zMjQyLmpwZWc.jpeg
Lord Willin',"Ma, I Don't Love Her
(feat. Faith Evans)","The front cover for the ""Ma, I Don't Love Her"" single.",Unknown,Digital,,Front Cover,Used,
Lord Willin',"Ma, I Don't Love Her
(feat. Faith Evans)","The back cover for the ""Ma, I Don't Love Her"" single.",Unknown,Scan,,Back Cover,Used,https://i.discogs.com/KQF-Uo4-GwBfn_cW_r4GuEpRqQg82m7hK_t46ZW-Ei0/rs:fit/g:sm/q:90/h:597/w:600/czM6Ly9kaXNjb2dz/LWRhdGFiYXNlLWlt/YWdlcy9SLTMzNDMz/Ny0xMzQwMDM3NTg2/LTQ2NzYuanBlZw.jpeg
Lord Willin',"Ma, I Don't Love Her
(feat. Faith Evans)","The inside and spine for the ""Ma, I Don't Love Her"" single.",Unknown,Scan,,Physical Packaging,Used,https://i.discogs.com/rnEzoea7u8i2KHIkYaTeEdl70CT6TX3DGE9S9tFy0c8/rs:fit/g:sm/q:90/h:467/w:600/czM6Ly9kaXNjb2dz/LWRhdGFiYXNlLWlt/YWdlcy9SLTMzNDMz/Ny0xMzQwMDM3NjEx/LTc5NjkuanBlZw.jpeg
Lord Willin',"Ma, I Don't Love Her
(feat. Faith Evans)","The disc for the ""Ma, I Don't Love Her"" single.",Unknown,Scan,,Physical Packaging,Used,https://i.discogs.com/_YUcYpy8P9O0ubmJp0h4HMNBcUyvoLRRkQ4DD0vLAdw/rs:fit/g:sm/q:90/h:600/w:600/czM6Ly9kaXNjb2dz/LWRhdGFiYXNlLWlt/YWdlcy9SLTMzNDMz/Ny0xMzQwMDM3NTk3/LTEyMjUuanBlZw.jpeg
Lord Willin',"Kelis - Good Stuff
(feat. Terrar)","The front cover for the single ""Good Stuff"" by Kelis.",Unknown,Digital,,Front Cover,Used,https://a1.mzstatic.com/r40/Music126/v4/a6/78/6a/a6786a50-38e6-232e-3f84-934f4f4f0142/5400863044954_cover.jpg
Lord Willin',"Kelis - Good Stuff
(feat. Terrar)","The back cover for the single ""Good Stuff"" by Kelis.",Unknown,Scan,,Back Cover,Used,https://i.discogs.com/D2wHtj1RFYIj8pYz7DHQzcaVC-ytGql4RQ3fdV7s_8w/rs:fit/g:sm/q:90/h:600/w:598/czM6Ly9kaXNjb2dz/LWRhdGFiYXNlLWlt/YWdlcy9SLTkyNDky/NC0xNjg5MzEzNjE2/LTMyOTAuanBlZw.jpeg
Lord Willin',"Kelis - Good Stuff
(feat. Terrar)","Side A disc design for the single ""Good Stuff"" by Kelis.",Unknown,Scan,,Physical Packaging,Used,https://i.discogs.com/Bqg_dOQ6Qn69uZF_vW_Xd7XF1Avx6VOfypXQSCIf5LU/rs:fit/g:sm/q:90/h:600/w:600/czM6Ly9kaXNjb2dz/LWRhdGFiYXNlLWlt/YWdlcy9SLTkyNDky/NC0xNjg5MzEzNjE2/LTM5MTYuanBlZw.jpeg
Lord Willin',"Kelis - Good Stuff
(feat. Terrar)","Side B disc design for the single ""Good Stuff"" by Kelis.",Unknown,Scan,,Physical Packaging,Used,https://i.discogs.com/fhZ7w9Sq8_1sOOOnC9AA4wCKNwHT_dG_d_tDE0-BHrg/rs:fit/g:sm/q:90/h:600/w:600/czM6Ly9kaXNjb2dz/LWRhdGFiYXNlLWlt/YWdlcy9SLTkyNDky/NC0xNjg5MzEzNjE2/LTY5MTIuanBlZw.jpeg
Lord Willin',"Ice Cube - In The Late Night Hour
(feat. Pusha T)","The front cover for ""In the Late Night Hour"" by Ice Cube, featuring Pusha T.",Unknown,Digital,,Front Cover,Used,https://i.discogs.com/TKjAw4D8k8oXyVHJ5I47wU1BrSKWpK3AAl5S63ueBS4/rs:fit/g:sm/q:90/h:470/w:600/czM6Ly9kaXNjb2dz/LWRhdGFiYXNlLWlt/YWdlcy9SLTQxMTQw/MjctMTYwMDAyNTgx/OC02NjE1LmpwZWc.jpeg
Lord Willin',"Ice Cube - In The Late Night Hour
(feat. Pusha T)","The disc design for ""In The Late Night Hour"" by Pusha T.",Unknown,Scan,,Physical Packaging,Used,https://i.discogs.com/htGLQWQWgVzYxJwkSwZzpbZiVMeV_fLGgo4ppYD6hKk/rs:fit/g:sm/q:90/h:598/w:600/czM6Ly9kaXNjb2dz/LWRhdGFiYXNlLWlt/YWdlcy9SLTQxMTQw/MjctMTYwMDAyNTc3/OS0xNDI5LmpwZWc.jpeg
Lord Willin',"Ice Cube - In The Late Night Hour
(feat. Pusha T)","The small sticker on the 12"" vinyl presses of ""In The Late Night Hour"" by Ice Cube, featuring Pusha T.",Unknown,Scan,,Physical Packaging,Used,https://i.discogs.com/OiIuL_FpJZ3t5HQVdKa9hKzHT6z3dDi5SkEGo7S0-i0/rs:fit/g:sm/q:90/h:600/w:600/czM6Ly9kaXNjb2dz/LWRhdGFiYXNlLWlt/YWdlcy9SLTIyMzA4/MjItMTU1MDE4Mjkx/MS01MjIxLmpwZWc.jpeg
Hell Hath No Fury,Hell Hath No Fury,"The front cover for ""Hell Hath No Fury"".",Unknown,Digital,,Front Cover,Used,
Hell Hath No Fury,"Mr. Me Too
(feat. Pharrell Williams)","The front cover for the single ""Mr. Me Too"".",Unknown,Digital,,Front Cover,Used,https://i.scdn.co/image/ab67616d000082c1d7a91eca0f630e9e3b3d1de9
Hell Hath No Fury,"Mr. Me Too
(feat. Pharrell Williams)","The promo disc for the single ""Mr. Me Too"".",Unknown,Scan,,Physical Packaging,Used,https://i.discogs.com/3LseGljwYgtyXQ-Aeo-JSQq-98BzNswRdqSWtDv99uo/rs:fit/g:sm/q:90/h:600/w:600/czM6Ly9kaXNjb2dz/LWRhdGFiYXNlLWlt/YWdlcy9SLTUwNzUw/MDAtMTM4NDEwMDYy/My0xOTQzLmpwZWc.jpeg
Hell Hath No Fury,"We Got It 4 Cheap, Vol. 1","The front cover for ""We Got It 4 Cheap, Vol. 1"".",Illusive Media,Scan,,Front Cover,Used,https://i.discogs.com/ENwwRvEobIQYKvn3PmUVG395ijLSlIjwUvh6hJMRkTo/rs:fit/g:sm/q:90/h:600/w:596/czM6Ly9kaXNjb2dz/LWRhdGFiYXNlLWlt/YWdlcy9SLTIyNjU5/NDEtMTU1NDUyMjgw/OC04NTU0LmpwZWc.jpeg
Hell Hath No Fury,"We Got It 4 Cheap, Vol. 1","The back cover for ""We Got It 4 Cheap, Vol. 1"".",Illusive Media,Scan,,Back Cover,Used,https://i.discogs.com/RgAA-hykb5khJZcWq6pyW1I7QEMgYSGj9SPl0uonZ3s/rs:fit/g:sm/q:90/h:600/w:596/czM6Ly9kaXNjb2dz/LWRhdGFiYXNlLWlt/YWdlcy9SLTIyNjU5/NDEtMTU1NDUyMjg1/Mi02MzUzLmpwZWc.jpeg
Hell Hath No Fury,"We Got It 4 Cheap, Vol. 2","The front cover for ""We Got It 4 Cheap, Vol. 2"".",Unknown,Scan,,Front Cover,Used,https://i.discogs.com/3GcJuqQZ8FvQ1iMN0JCxrhGQt9Ikkyuk8-X6dlqJIoM/rs:fit/g:sm/q:90/h:580/w:599/czM6Ly9kaXNjb2dz/LWRhdGFiYXNlLWlt/YWdlcy9SLTE5NzI4/MTktMTI1NTk3NDcx/Ny5qcGVn.jpeg
Hell Hath No Fury,"We Got It 4 Cheap, Vol. 2","The back cover for ""We Got It 4 Cheap, Vol. 2"".",Unknown,Scan,,Back Cover,Used,https://i.discogs.com/t-soQRCMKbTGlC2L2TCBONedP2gIzXViLs3bfn6gUQ4/rs:fit/g:sm/q:90/h:591/w:599/czM6Ly9kaXNjb2dz/LWRhdGFiYXNlLWlt/YWdlcy9SLTE5NzI4/MTktMTI1NTk3NDcy/NS5qcGVn.jpeg
Til the Casket Drops,Til the Casket Drops,"The front album cover for ""Til the Casket Drops""",KAWS,Digital,,Front Cover,Used,
Til the Casket Drops,"Kinda Like A Big Deal
(feat. Kanye West)","The front cover for the single ""Kinda Like A Big Deal"" featuring Kanye West.",KAWS,Digital,,Front Cover,Used,https://i.scdn.co/image/ab67616d000082c1d8d36f9762d2f99a52761cb6
Til the Casket Drops,"I'm Good
(feat. Pharrell Williams)","The front cover for the single ""I'm Good"" featuring Pharrell Williams.",KAWS,Digital,,Front Cover,Used,https://i.scdn.co/image/ab67616d000082c145454dd6557b5ee2a9e4edb8
Til the Casket Drops,"Popular Demand (Popeyes)
(feat. Cam'ron)","The front cover for the single ""Popular Demand (Popeyes)"" featuring Cam'ron.",KAWS,Digital,,Front Cover,Used,https://i.scdn.co/image/ab67616d000082c114394f944fbaa3637441dd27
Til the Casket Drops,"We Got It 4 Cheap, Volume 3","The front cover for ""We Got It 4 Cheap, Volume 3"".",Unknown,Scan,,Front Cover,Used,https://i.discogs.com/P_LZ5pLLs1mkdc3kdk2l4LTUZYPAHS3HgB-uQPgK-cE/rs:fit/g:sm/q:90/h:600/w:600/czM6Ly9kaXNjb2dz/LWRhdGFiYXNlLWlt/YWdlcy9SLTM3Njc2/NTgtMTc1MDg3MTM1/MC0yNjEwLnBuZw.jpeg
Til the Casket Drops,"We Got It 4 Cheap, Volume 3","The back cover for ""We Got It 4 Cheap, Volume 3"".",Unknown,Scan,,Back Cover,Used,https://i.discogs.com/V0YkYhczxcxoKkHSoCrFnFLhyppJlQWnJVKcUhm92Vc/rs:fit/g:sm/q:90/h:600/w:600/czM6Ly9kaXNjb2dz/LWRhdGFiYXNlLWlt/YWdlcy9SLTM3Njc2/NTgtMTc1MDg3MTM1/Mi01ODgzLnBuZw.jpeg
Fear Of God,Fear Of God,"The front cover for ""Fear Of God"".",Unknown,Digital,,Front Cover,Used,https://i.discogs.com/fEGg-TXoqcP0ATYjEUVtZ7QJhXk1kfkKgHCJoWpZtRc/rs:fit/g:sm/q:90/h:600/w:600/czM6Ly9kaXNjb2dz/LWRhdGFiYXNlLWlt/YWdlcy9SLTMwMTk5/MjMtMTczNDAwNzQw/Ni01NTg3LnBuZw.jpeg
Fear Of God,Fear Of God,"The back cover for ""Fear of God"".",Unknown,Photo,,Back Cover,Used,
Fear Of God,My God,"The front cover for the single ""My God"".",Unknown,Digital,,Front Cover,Used,
Fear Of God,My God,"The back cover for the physical releases of ""My God"".

tuff",Unknown,Scan,,Back Cover,Used,
Hear Ye Him,Hear Ye Him,"The front cover for ""Hear Ye Him"".",Desmond P. Artist,Digital,,Front Cover,Used,https://i.scdn.co/image/ab67616d000082c17b777a32f918ef8396c469b0
Hear Ye Him,Hear Ye Him,"The tracklist for ""Hear Ye Him"", likely meant to be on the back cover.",Desmond P. Artist,Digital,,Back Cover,Used,https://web.archive.org/web/20130912150729im_/http://www.2dopeboyz.com/wp-content/uploads/2013/07/no-malice-hear-ye-him-back.jpg
Hear Ye Him,"June
(feat. Eric David)","Promo cover for the single ""June"" featuring Eric David.",Unknown,Digital,,Front Cover,Used,https://web.archive.org/web/20120620010810im_/http://rapradar.files.wordpress.com/2012/06/june-cover.png?w=391&h=536
Hear Ye Him,Unforgettable,"Cover for the single ""Unforgettable"".",Unknown,Digital,,Front Cover,Used,https://s11279.pcdn.co/wp-content/uploads/2012/07/unforgettable-cover1.jpg
Hear Ye Him,"Smoke & Mirrors
(feat. Ab-Liva)","Cover for the single ""Smoke & Mirrors"" featuring Ab-Liva.",Unknown,Digital,,Front Cover,Used,https://web.archive.org/web/20130130065622im_/http://rapradar.files.wordpress.com/2013/01/smoke-mirrors-cover.jpg?w=540
Fear Of God II,Fear Of God II: Let Us Pray,"The front cover for ""Fear Of God II: Let Us Pray"".",Unknown,Digital,,Front Cover,Used,https://i.scdn.co/image/ab67616d000082c12749e1b9049f703e43ece068
Fear Of God II,Fear Of God II: Let Us Pray,"The back cover for ""Fear Of God II: Let Us Pray"".",Unknown,Scan,,Back Cover,Used,
Fear Of God II,Fear Of God II: Let Us Pray,"The CD disc cover for ""Fear Of God II: Let Us Pray"".",Unknown,Photo,,Physical Packaging,Used,
Fear Of God II,"Trouble On My Mind
(feat. Tyler, the Creator)","The front cover for the single ""Trouble On My Mind"".",Unknown,Digital,,Front Cover,Used,https://i.discogs.com/ylw49jqOWU_VU9RNNgxgWbKkcHoA2gOLHBmGpqZ3_wg/rs:fit/g:sm/q:90/h:600/w:600/czM6Ly9kaXNjb2dz/LWRhdGFiYXNlLWlt/YWdlcy9SLTUzOTU4/ODYtMTY0NTIxMDE2/OC0yMTE5LmpwZWc.jpeg
Fear Of God II,Amen,"The front cover for the single ""Amen"".",Unknown,Digital,,Front Cover,Used,
Fear Of God II,What Dreams Are Made Of,"The front cover for the single ""What Dreams Are Made Of"".",Unknown,Digital,,Front Cover,Used,
Fear Of God II,Peso (Freestyle),"The front cover for the ""Peso (Freestyle)"" single.",Unknown,Digital,,Front Cover,Used,
Fear Of God II,"Pixie Lott - What Do You Take Me For?
(feat. Pusha T)","The front cover for Pixie Lott's single ""What Do You Take Me For?"", featuring Pusha T.",Unknown,Digital,,Front Cover,Used,
Wrath of Caine,Wrath of Caine,"The front cover for ""Wrath of Caine"".",Joe Perez,Digital,,Front Cover,Used,https://i.discogs.com/gfWTCL-RgOPB6ClNzqZXnDN3ZvYwLyXFq_zp6KHjWj4/rs:fit/g:sm/q:90/h:600/w:600/czM6Ly9kaXNjb2dz/LWRhdGFiYXNlLWlt/YWdlcy9SLTY2MTM5/NTMtMTQyODU2NDcy/NS0zNTY0LmpwZWc.jpeg
Wrath of Caine,Wrath of Caine,"The back cover for ""Wrath of Caine"".",Joe Perez,Digital,,Back Cover,Used,
Wrath of Caine,New God Flow,"The front cover for ""New God Flow""",Unknown,Digital,,Front Cover,Used,https://i.scdn.co/image/ab67616d000082c125b48af98f6a17dce6ca5082
Wrath of Caine,"Millions
(feat. Rick Ross)","The front cover for the single ""Millions"" featuring Rick Ross.",Unknown,Digital,,Front Cover,Used,https://i.scdn.co/image/ab67616d000082c164e5ee5d301b5bd8daf59801
My Name Is My Name,My Name Is My Name,"The cover for the explicit version of ""My Name Is My Name"".

The cover contains the barcode number 602537411016, which points to a CD listing for the album.",Kanye West,Digital,,Front Cover,Used,https://i.scdn.co/image/ab67616d000082c1861ecd2783b33bde98760364
My Name Is My Name,My Name Is My Name (Clean),"The front cover for the clean version of ""My Name Is My Name"", showing Pusha T in black and white looking up, mainly to differeniate between both explicit and clean versions.",Unknown,Digital,,Front Cover,Alternate,https://i.scdn.co/image/ab67616d000082c1afbed78b30c2024a866de072
My Name Is My Name,My Name Is My Name,"The back cover for ""My Name Is My Name"".",Unknown,Scan,,Back Cover,Used,https://i.discogs.com/v0mW3iW_-EldhqDsVdW7WswcfvqydspuaxdTehHeOnA/rs:fit/g:sm/q:90/h:598/w:600/czM6Ly9kaXNjb2dz/LWRhdGFiYXNlLWlt/YWdlcy9SLTUwMjk1/NDEtMTQ2MzQ1ODEy/NS03MDI4LmpwZWc.jpeg
My Name Is My Name,"Pain
(feat. Future)","The front cover for the single ""Pain"".",Unknown,Digital,,Front Cover,Used,https://i.scdn.co/image/ab67616d000082c113380a6bfafb9b01a72ecc94
My Name Is My Name,Numbers On The Board,"The front cover for the single ""Numbers On The Board"".

A white background with a parental advisory label on the bottom and the text ""NO ARTWORK"" in the middle in black.",Unknown,Digital,,Front Cover,Used,
My Name Is My Name,Sweet Serenade,"The front cover for the single ""Sweet Serenade"" featuring Chris Brown.

Features a grayscaled lizard on a white background with the Parental Advisory logo on the bottom.",Unknown,Digital,,Front Cover,Used,https://i.discogs.com/07-tt9hYbU51JG6sUEbb0lqRZHga9P5NTDql3AEFG_E/rs:fit/g:sm/q:90/h:600/w:600/czM6Ly9kaXNjb2dz/LWRhdGFiYXNlLWlt/YWdlcy9SLTExNjc0/MzkwLTE1NzE1ODky/OTQtNTg3NS5qcGVn.jpeg
My Name Is My Name,Nosetalgia,"The front cover for the single ""Nosetalgia"" featuring Kendrick Lamar.

Features Pusha T on a white background. The Parental Advisory logo is on the bottom.",Unknown,Digital,,Front Cover,Used,https://i.discogs.com/Oufy__cCb-3vCKUXouFwvoJ0fk7JgpFkGbysfuGMtEU/rs:fit/g:sm/q:90/h:600/w:600/czM6Ly9kaXNjb2dz/LWRhdGFiYXNlLWlt/YWdlcy9SLTE1NzY4/NjgwLTE1OTc0NDIz/NTgtODg3Mi5qcGVn.jpeg
My Name Is My Name,My Name Is My Name [Card],"The front side of the card for 2024 re-issues of ""My Name Is My Name"", for Def Jam's 40th anniversary.",Unknown,Photo,,Other,Used,https://i.discogs.com/jldZfADXKYPWzisCm_7yA261vEthTS9eMQ-5yixkNnU/rs:fit/g:sm/q:90/h:600/w:449/czM6Ly9kaXNjb2dz/LWRhdGFiYXNlLWlt/YWdlcy9SLTMwNzI3/NTk1LTE3MTY3Mjkw/ODAtOTc3MS5qcGVn.jpeg
My Name Is My Name,My Name Is My Name [Card],"The back side of the card for 2024 re-issues of ""My Name Is My Name"".",Unknown,Photo,,Other,Used,https://i.discogs.com/Do-H2gb9Gskf-FV8JTMJCV3G0k8ri2nS1JRuhbKwZVs/rs:fit/g:sm/q:90/h:600/w:461/czM6Ly9kaXNjb2dz/LWRhdGFiYXNlLWlt/YWdlcy9SLTMwNzI3/NTk1LTE3MTY3Mjkw/ODAtNTUxMy5qcGVn.jpeg
My Name Is My Name,"DJ Absolut - Untouchable
(feat. Ace Hood, Pusha T, French Montana & Nathaniel)","The front cover for the single ""Untouchable"" by DJ Absolut.",Unknown,Digital,,Front Cover,Used,https://i.scdn.co/image/ab67616d000082c13fdd85e6ea8b46a09ea351f9
My Name Is My Name,"The-Dream - Dope Bitch
(feat. Pusha T)","Single cover for ""Dope Bitch"" by The-Dream, featuring Pusha T.",Unknown,Digital,,Front Cover,Used,
King Push: The Prelude,King Push - Darkest Before Dawn: The Prelude,"The front cover for ""King Push - Darkest Before Dawn: The Prelude"".",Unknown,Digital,,Front Cover,Used,https://i.scdn.co/image/ab67616d000082c116f96f33365e0ae909f75698
King Push: The Prelude,Untouchable,"The front cover for the single ""Untouchable"".",Unknown,Digital,,Front Cover,Used,https://i.discogs.com/jdfEtVySNC4ixpOd6J4mQ35W9sbW1qtR5gxRagC8-bc/rs:fit/g:sm/q:90/h:600/w:600/czM6Ly9kaXNjb2dz/LWRhdGFiYXNlLWlt/YWdlcy9SLTE1NzY4/NzEyLTE1OTc0NDI2/NDAtMTQ0Mi5qcGVn.jpeg
King Push: The Prelude,Untouchable,"Animated GIF version of the cover for ""Untouchable"".",Unknown,Digital,,Front Cover,Used,
King Push: The Prelude,Untouchable (Animated Cover),"Animated cover for ""Untouchable"" from Pusha T's website.",Unknown,Digital,,Front Cover,Used,
King Push: The Prelude,Spotify Sessions,"The front cover of ""Spotify Sessions"".",Unknown,Digital,,Front Cover,Used,https://i.scdn.co/image/ab67616d000082c1e13dbfdd05b83b1ed435b458
King Push: The Prelude,Lunch Money,"The front cover for the single ""Lunch Money"".",Unknown,Digital,,Front Cover,Used,https://a1.mzstatic.com/r40/Music123/v4/56/0c/b8/560cb88a-47b1-58bc-1ed3-b06a9bd67b22/14UMGIM50743.rgb.jpg
King Push: The Prelude,Lunch Money (Clean),"Clean version of the front cover for ""Lunch Money"".",Unknown,Digital,,Front Cover,Used,https://i.scdn.co/image/ab67616d000082c10ab4bc417c32d042a5e38c56
King Push: The Prelude,Lunch Money,"Alternate cover for Lunch Money. Has a darker gray version of the parental advisory logo. Posted by Kanye West on November 19, 2014.",Unknown,Digital,,Front Cover,Alternate,https://pbs.twimg.com/media/B20xPysIcAA_Yf0.jpg
Let the Dead Bury the Dead,Let the Dead Bury the Dead,"The front cover for ""Let the Dead Bury the Dead"".",Unknown,Digital,,Front Cover,Used,https://i.scdn.co/image/ab67616d000082c1e7723af215d393a6f49701a3
Let the Dead Bury the Dead,Jesus Christ,"The front cover for the single ""Jesus Christ"".",Unknown,Digital,,Front Cover,Used,https://i.scdn.co/image/ab67616d000082c1b958ffe300301b272778b849
Let the Dead Bury the Dead,Fake News,"The front cover for the single ""Fake News"".",Unknown,Digital,,Front Cover,Used,https://i.scdn.co/image/ab67616d000082c150987d35d6b18fdde05281b5
Let the Dead Bury the Dead,So Woke,"The front cover for the single ""So Woke"".",Unknown,Digital,,Front Cover,Used,https://i.scdn.co/image/ab67616d000082c1d2c427a39d770cb5b104d0f2
DAYTONA,DAYTONA,"The front cover for ""DAYTONA"".

The artwork is the drug paraphernalia filled bathroom of the deceased singer Whitney Houston after a drug-related death as you can guess. Kanye West bought the photo for $85,000 dollars and the album fell into a small controversy with Bobby Brown, Whitney's ex-husband, criticizing it and saying it was in bad taste. ",Unknown,Digital,,Front Cover,Used,https://i.scdn.co/image/ab67616d000082c1263555eebbe2b375593aa31e
DAYTONA,Drug Dealers Anonymous,"The front cover for the single ""Drug Dealers Anonymous"".",Unknown,Digital,,Front Cover,Used,https://i.scdn.co/image/ab67616d000082c1bfcd61a7e812238851963b32
DAYTONA,Drug Dealers Anonymous (Clean),"Clean version of the front cover for ""Drug Deals Anonymous"".",Unknown,Digital,,Front Cover,Alternate,https://i.scdn.co/image/ab67616d000082c1b3e15e4bf208906f30f058e3
DAYTONA,H.G.T.V Freestyle,"The front cover for the single ""H.G.T.V Freestyle"".",Unknown,Digital,,Front Cover,Used,https://i.scdn.co/image/ab67616d000082c10227d95aa092e76872feaf42
DAYTONA,H.G.T.V Freestyle (Clean),"Clean version of the front cover for ""H.G.T.V Freestyle"".",Unknown,Digital,,Front Cover,Used,https://i.scdn.co/image/ab67616d000082c131f9dc326c8a31dfc56a5fcd
DAYTONA,"Circles
(feat. Ty Dolla $ign & Desiigner)","The front cover for the single ""Circles"" featuring Ty Dolla $ign & Desiigner.",Unknown,Digital,,Front Cover,Used,ahttps://i.scdn.co/image/ab67616d000082c1ac392604077a0c7f81eb9e31
It's Almost Dry,It's Almost Dry,"The front cover for ""It's Almost Dry"", designed by Sterling Ruby.",Sterling Ruby,Digital,,Front Cover,Used,https://i.scdn.co/image/ab67616d000082c1e27dfef438562f2ecb98a642
It's Almost Dry,Diet Coke,"The front cover for the single ""Diet Coke"".",Sterling Ruby,Digital,,Front Cover,Used,https://i.scdn.co/image/ab67616d000082c11265910eee79b4764d7891f5
It's Almost Dry,Hear Me Clearly,"The front cover for the single ""Hear Me Clearly"".",Unknown,Digital,,Front Cover,Used,https://i.scdn.co/image/ab67616d000082c13677afdd1fc70c6d045db3b3
It's Almost Dry,Neck & Wrist,"The front cover for the single ""Neck & Wrist"".",Sterling Ruby,Digital,,Front Cover,Used,https://i.scdn.co/image/ab67616d000082c10628be7a2a8b60f99113c367
It's Almost Dry,The Story of Adidon,"The cover for ""The Story of Adidon"".

The picture used here is Drake in blackface with a Jim Crow shirt circa 2007 taken by David Leyes.

Drake responded to the cover by saying it wasn't from a brand shoot or his music career, but from an acting project about ""young black actors struggling to get roles, being stereotyped and type cast."" It was to highlight the frustrations for African American actors ""not always getting a fair chance in the industry"" and how these struggles have not changed since.",Unknown,Digital,,Front Cover,Used,
It's Almost Dry,The Story of Adidon,"A wider version of ""The Story of Adidon"" cover, posted on Twitter by Pusha T saying the following and linking a website:

""Please stop referring to this picture as “artwork”...I’m not an internet baby, I don’t edit images...this is a REAL picture...these are his truths, see for yourself davidleyes.com/portraits.html""",Unknown,Digital,,Front Cover,Alternate,
It's Almost Dry,No Problem,"The front cover for the single ""No Problem"".",Unknown,Digital,,Front Cover,Used,https://i.scdn.co/image/ab67616d000082c12f706175b01fe64f01164527
It's Almost Dry,"Sociopath
(feat. Kash Doll)","The front cover for the single ""Sociopath"" featuring Kash Doll.",Unknown,Digital,,Front Cover,Used,https://i.scdn.co/image/ab67616d000082c1309c20545e7ee8b967ca4159
It's Almost Dry,"Sociopath (Clean)
(feat. Kash Doll)","Clean version of the front cover for ""Sociopath"" featuring Kas Doll.",Unknown,Digital,,Front Cover,Used,https://i.scdn.co/image/ab67616d000082c1a6e94ca3f8c574c40b712157
It's Almost Dry,"Coming Home
(feat. Ms. Lauryn Hill)","The front cover for the single ""Coming Home"" featuring Ms. Lauryn Hill.",Unknown,Digital,,Front Cover,Used,https://i.scdn.co/image/ab67616d000082c14c67db8957750881bf2c0231
It's Almost Dry,"Coming Home (Clean)
(feat. Ms. Lauryn Hill)","Clean version of the cover for ""Coming Home"" featuring Ms. Lauryn Hill.",Unknown,Digital,,Front Cover,Used,https://i.scdn.co/image/ab67616d000082c11a3defce3ea31b7a3ca4b39f
It's Almost Dry,Puppets (Succession Remix),"The front cover for the single ""Puppets (Succession Remix)"".",Unknown,Digital,,Front Cover,Used,https://i.scdn.co/image/ab67616d000082c1ae3d15e4bcb61a31441ef07d
It's Almost Dry,Misfit Toys,"The front cover for the single ""Misfit Toys"".",Unknown,Digital,,Front Cover,Used,https://i.scdn.co/image/ab67616d000082c11cf0815a0d7310568149932c
It's Almost Dry,Rap's Villain,"The front cover of the compilation album ""Rap's Villain"".",Unknown,Digital,,Front Cover,Used,https://i.scdn.co/image/ab67616d000082c1c214a044312157eedbf5568e
It's Almost Dry,Rags To Riches,"The front cover for the compilation album ""Rags To Riches"".",Unknown,Digital,,Front Cover,Used,https://i.scdn.co/image/ab67616d000082c1b68eac1385568a1bd02d0942
It's Almost Dry,G.O.O.D.,"The front cover for the compilation album ""G.O.O.D.""",Unknown,Digital,,Front Cover,Used,https://i.scdn.co/image/ab67616d000082c150ff076934366091764d1a09
It's Almost Dry,Push And P,"The front cover for the compilation album ""Push And P"".",Unknown,Digital,,Front Cover,Used,https://i.scdn.co/image/ab67616d000082c1b6789196224190e8e7bfbbe2
It's Almost Dry,"Babyface Ray - Dancing with the Devil
(feat. Pusha T & Landstrip Chip)","The front cover for the single ""Dancing with the Devil"" by Babyface Ray featuring Pusha T.",Unknown,Digital,,Front Cover,Used,
Let God Sort 'Em Out,Let God Sort 'Em Out,"The front cover for ""Let God Sort 'Em Out"".",KAWS,Digital,,Front Cover,Used,
Let God Sort 'Em Out,Let God Sort 'Em Out,"The back cover for ""Let God Sort 'Em Out"".",KAWS,Scan,,Back Cover,Used,
Let God Sort 'Em Out,Let God Sort 'Em Out,"The back cover for ""Let God Sort 'Em Out"", now including ""So Be It"" & Tyler's feature on ""P.O.V.""",KAWS,Scan,,Back Cover,Used,https://i.discogs.com/Ww_STebfE_wSo5xV7hlbj3zg6fF8fRkGbPV8KCmwgM0/rs:fit/g:sm/q:90/h:600/w:600/czM6Ly9kaXNjb2dz/LWRhdGFiYXNlLWlt/YWdlcy9SLTM0NTA5/ODU5LTE3Njc5Njk4/MjQtNDczNy5qcGVn.jpeg
Let God Sort 'Em Out,Let God Sort 'Em Out,"CD design for ""Let God Sort 'Em Out"".",KAWS,Scan,,Physical Packaging,Used,https://i.discogs.com/ZE7euXp6s1p0AHe47YROY-ZEH5YTta5I08EuS2uGu-s/rs:fit/g:sm/q:90/h:600/w:597/czM6Ly9kaXNjb2dz/LWRhdGFiYXNlLWlt/YWdlcy9SLTM0NTEw/NTU1LTE3NTI0NDky/NjYtMjQ1My5qcGVn.jpeg
Let God Sort 'Em Out,Let God Sort 'Em Out,"Alternate cover for ""Let God Sort 'Em Out"" by Verdy. Used for the Verdy physical editions and on uploads of the audio on Pusha T's channel.",Verdy,Digital,,Front Cover,Alternate,
Let God Sort 'Em Out,Let God Sort 'Em Out,"Alternate cover for ""Let God Sort 'Em Out"" by Josh Sperling, used on Josh Sperling physical editions of the album. Cover is used on uploads of the album on Malice's channel.

Josh Sperling said this about the covers:
""The Cross and the Anchor. 
The Cross to represent sin, death and faith. 
The Anchor to represent strength and stability in unknown waters. 
Two symbols for two brothers.""",Josh Sperling,Digital,,Front Cover,Alternate,
Let God Sort 'Em Out,Let God Sort 'Em Out,"Alternate cover for ""Let God Sort 'Em Out"" by Josh Sperling used on Josh Sperling physical editions.",Josh Sperling,Digital,,Front Cover,Alternate,
Let God Sort 'Em Out,Ace Trumpets - A COLORS SHOW,"The front cover for the single ""Ace Trumpets - A COLORS SHOW"".",COLORS,Digital,,Front Cover,Used,
PT5,Danger Danger,"The front cover for the single ""Danger Danger"" with Swizz Beatz & Jadakiss.",Unknown,Digital,,Front Cover,Used,
PT5,"IDK - LiFE 4 A LiFE
(feat. Pusha T)","Front cover for the single ""LiFE 4 A LiFE"" by IDK featuring Pusha T.",,Digital,,Front Cover,Used,https://i.scdn.co/image/ab67616d000082c111ea33ef814aabd14bc6c688
M3,Give 'Em Game,"Cover for the single ""Give 'Em Game"".",Unknown,Digital,,Front Cover,Used,https://a1.mzstatic.com/r40/Music125/v4/8a/81/8f/8a818f9d-e442-f28a-0469-6d5af5cd9b03/888915666524_cover.jpg
