Era,Name,Notes,Image / Length,Date Made,Type,Portion,Quality,Link(s)
,Music Videos,,,,,,,
Exclusive Audio Footage,"The Funeral [Music Video]
(dir. Marc Klasfeld)","Music video for ""The Funeral"".",3:25,1999,Music Video,Full,High Quality,https://www.youtube.com/watch?v=P8NnDbfd4yc&pp=ygUSY2xpcHNlIHRoZSBmdW5lcmFs
,Music Videos,,,,,,,
Lord Willin',"Grindin' [Music Video]
(feat. Pharrell Williams) (dir. Bucky Chrome)","Music video for ""Grindin'"" featuring Pharrell Williams.",4:13,2002,Music Video,Full,High Quality,https://www.youtube.com/watch?v=TjWAWcx4xdE
Lord Willin',"When The Last Time [Music Video]
(dir. Bucky Chrome)","Music video for ""When The Last Time""",4:29,2002,Music Video,Full,High Quality,https://www.youtube.com/watch?v=d6VuYsNpYg8
Lord Willin',"Hot Damn [Music Video]
(feat. Ab-Liva, Pharrell Williams & Rosco P. Coldchain) (dir. Benny Boom)","Music video for ""Hot Damn"" featuring Ab-Liva, Pharrell Williams & Rosco P. Coldchain.",4:11,2003,Music Video,Full,High Quality,https://www.youtube.com/watch?v=vRMQExIxwss
Lord Willin',"Ma, I Don't Love Her [Music Video]
(feat. Faith Evans) (dir. Little X)","Music video for ""Ma, I Don't Love Her"" featuring Faith Evans.",3:57,2002,Music Video,Full,High Quality,https://www.youtube.com/watch?v=kWLXkBnc5zs
Lord Willin',"Kelis - Good Stuff [Music Video]
(feat. Terrar)","Music video for ""Good Stuff"" by Kelis featuring Terrar.",4:17,1999,Music Video,Full,High Quality,https://www.youtube.com/watch?v=jHYFgP4Btrc
Lord Willin',"Nivea - Run Away (I Wanna Be U) [Music Video]
(feat. Pusha T)","Music video for ""Run Away (I Wanna Be U)"" by Nivea featuring Pusha T.",3:37,2001,Music Video,Full,High Quality,https://www.youtube.com/watch?v=NegW8h9nHig&pp=ygUgbml2ZWEgcnVuIGF3YXkgaSB3YW5uYSBiZSB3aXRoIHU%3D
,Never Recorded,,,,,,,
Lord Willin',"???
(prod. The Neptunes)
(Head Bussa)","In an interview with Fam-Lay, he stated that the beat for Head Bussa was passed to various artists, including Clipse who didn't use it.

""Any records that we want, we get. Pharrell don’t be like, “Oh, this is so-and-so’s record.” Like for instance, “Head Bussa.” First of all, when Pharrell made that record, it was for the Clipse. They didn’t use it. Then it went to, I think, Jadakiss. He put down verses to it, but he didn’t use it. Jay-Z had it, he laid verses down to it, but then at the end, he didn’t use it.""",,,Never Recorded,Never Recorded,Not Available,https://respect-mag.com/2012/05/34420/
,Music Videos,,,,,,,
Hell Hath No Fury,"Mr. Me Too [Music Video]
(feat. Pharrell Williams) (dir. R. Malcolm Jones)","Music video for ""Mr. Me Too"" featuring Pharrell Williams.",3:48,2006,Music Video,Full,High Quality,https://www.youtube.com/watch?v=TdJjqApa3e0
Hell Hath No Fury,"Wamp Wamp (What It Do) [Music Video]
(feat. Slim Thug) (dir. R. Malcolm Jones)","Music video for ""Wamp Wamp (What It Do)"" featuring Slim Thug.",4:04,2006,Music Video,Full,High Quality,https://www.youtube.com/watch?v=mZ0iUNI0ncc&pp=0gcJCQwKAYcqIYzv
Hell Hath No Fury,"702 - Star [Music Video]
(feat. Clipse)","Music video for ""Star"" by 702 featuring Clipse.",4:06,2002,Music Video,Full,High Quality,https://www.youtube.com/watch?v=iJJ_9nvGG-w&pp=ygUINzAyIHN0YXI%3D
Hell Hath No Fury,"Birdman - What Happened To That Boy [Music Video]
(feat. Clipse) (dir. Benny Boom)","Music video for ""What Happened To That Boy"" by Birdman AKA Baby featuring Clipse.",4:22,2006,Music Video,Full,High Quality,https://www.youtube.com/watch?v=MX6rC1krGp0&pp=ygUIImNsaXBzZSI%3D
Hell Hath No Fury,"E-40 - Quarterbackin' [Music Video]
(feat. Clipse)","Music video for ""Quarterbackin'"" by E-40 featuring Clipse.",3:46,2003,Music Video,Full,High Quality,https://www.youtube.com/watch?v=sxXsBTMuZgU&pp=ygUSZS00MCBxdWFydGVyYmFja2lu
Hell Hath No Fury,"Justin Timberlake - Like I Love You [Music Video]
(feat. Clipse) (dir. Diane Martel)","Music video for ""Like I Love You"" by Justin TImberlake featuring Clipse.",4:44,2002,Music Video,Full,High Quality,https://www.youtube.com/watch?v=FQ3slUz7Jo8&pp=ygUhanVzdGluIHRpbWJlcmxha2UgbGlrZSBpIGxvdmUgeW91
,Never Recorded,,,,,,,
Hell Hath No Fury,"Royce Da 5'9"" - Mr. Baller
(feat. Clipse, Pharrell Williams & Tre Little)","A music video was planned for ""Mr. Baller"", but never happened for unknown reasons.",,,Never Recorded,Never Recorded,Not Available,
Hell Hath No Fury,"Foxy Brown - ???
(feat. Slim Thug) (prod. The Neptunes)
(Wamp Wamp (What It Do))","The beat for ""Wamp Wamp (What It Do)"" was originally given to Foxy Brown with Slim Thug on the hook. She declined and gave the beat to Clipse due to her hearing loss.",,,Never Recorded,Never Recorded,Not Available,https://hiphopdx.com/news/id.4332/title.the-clipse-sound-off-on-neptunes-beat-controversy
,Music Videos,,,,,,,
Til the Casket Drops,"I'm Good [Music Video]
(feat. Pharrell Williams) (dir. Dayo)","Music video for the single ""I'm Good"" featuring Pharrell Williams.",4:00,2009,Music Video,Full,High Quality,https://www.youtube.com/watch?v=-WElkxS2LkI
Til the Casket Drops,"Kinda Like A Big Deal [Music Video]
(feat. Kanye West) (dir. Bernard Gourley)","Music video for ""Kinda Like A Big Deal"" featuring Kanye West.",3:07,2009,Music Video,Full,High Quality,https://www.youtube.com/watch?v=3LD98c-9fGY
Til the Casket Drops,"Popular Demand (Popeyes) [Music Video]
(dir. Rik Cordero)","Music video for ""Popular Demand (Popeyes)"".",4:00,2009,Music Video,Full,High Quality,https://www.youtube.com/watch?v=s5DnESRMUs8
Til the Casket Drops,"Kardinal Offishall - Set It Off
(feat. Clipse)","Music video for ""Set It Off"" by Kardinal Offishall featuring Clipse.",4:28,2008,Music Video,Full,High Quality,https://www.youtube.com/watch?v=ZMg3cvn1b9c&pp=ygUfS2FyZGluYWwgT2ZmaXNoYWxsIC0gU2V0IEl0IE9mZg%3D%3D
,Never Recorded,,,,,,,
Til the Casket Drops,"BMV9
(prod. RZA)","OG Filename: BMV9 Pusha Kanye
RZA produced instrumental for Kanye West's ""Good Ass Job"", either had or was meant to have Pusha T on it according to the filename. Was given to Killah Priest for ""Fire Stone"".",1:49,,Never Recorded,Never Recorded,Not Available,https://pillows.su/f/1e0e513ec1bf04d871db939e12207461
,Music Videos,,,,,,,
Fear Of God,"My God [Music Video]
(dir. Nabil)","Music video for ""My God"".",3:44,"Apr 18, 2011",Music Video,Full,High Quality,https://www.youtube.com/watch?v=te_9JiSeUt0
Fear Of God,Can I Live (Freestyle) [Music Video],"Music video for ""Can I Live (Freestyle)"".",2:34,,Music Video,Full,High Quality,https://www.youtube.com/watch?v=74niHnKDLcw
Fear Of God,"Open Your Eyes [Music Video]
(dir. Orson Whales)","Music video for ""Open Your Eyes"".",3:01,"May 10, 2011",Music Video,Full,High Quality,https://www.youtube.com/watch?v=gZwAgHmcj2s
Fear Of God,"Blow (Freestyle) [Music Video]
(dir. Mike Carson & Mike Waxx)","Music video for ""Blow (Freestyle)"".",2:18,"May 16, 2011",Music Video,Full,High Quality,https://www.youtube.com/watch?v=_RTnpR6s1wg
Fear Of God,"Alone In Vegas [Music Video]
(dir. Orson Whales)","Music video for ""Alone In Vegas"".",3:20,"Jun 6, 2011",Music Video,Full,High Quality,https://www.youtube.com/watch?v=o011Uuqe_Q4&pp=0gcJCcEJAYcqIYzv
Fear Of God,"Kanye West - Runaway
(feat. Pusha T)","Music video for ""Runaway"" by Kanye West.",4:38,2010,Music Video,Full,High Quality,https://www.youtube.com/watch?v=Bm5iA4Zupek&pp=ygUSa2FueWUgd2VzdCBydW5hd2F5
,Live Performances,,,,,,,
Fear Of God,My God [Live at Los Angeles],"A live performance of ""My God"" in LA.",1:45,"Feb 23, 2011",Live Performance,Full,High Quality,https://www.youtube.com/watch?v=q93fpJlDNc0
Fear Of God,My God [VEVO Presents],"Live performance of ""My God"" in VEVO.",2:05,"Jul 12, 2011",Live Performance,Full,CD Quality,https://www.youtube.com/watch?v=Y1POMdKiZgs
Fear Of God,"Kanye West - Runaway [Live at SNL]
(feat. Pusha T)","SNL live performance of ""Runaway"" in 2010.",,,Live Performance,Full,High Quality,https://streamable.com/gn433c
Fear Of God,"Kanye West - Runaway [Live at Chile]
(feat. Pusha T)","Live performance of ""Runaway"" in Chile.",1:32,"Apr 3, 2011",Live Performance,Full,High Quality,https://www.youtube.com/watch?v=z0WpbEQH4SM
,Other,,,,,,,
Fear Of God,2010 BET Hip-Hop Awards: Cypher 5,"The 5th and final cypher from the 2010 BET Hip-hop Awards, hosted by DJ Premier. Kanye spits verses alongside Pusha T, Big Sean, Common, and Cyhi The Prynce.",5:28,,Freestyle,Full,High Quality,https://www.youtube.com/watch?v=fGaj47G5hy0
Fear Of God,Ustream Livestream,"Livestream of Kanye interviewing callers as well as giving info about the album. Big Sean, CyHi, and Pusha T all make appearances. ""Kanye To The"" gets a namedrop. It is very clear from facial expressions and disinterest that he is all too familiar with the site",,,Other,Full,High Quality,https://drive.google.com/file/u/1/d/1WgtNu2slRnvbmlz3Y6pUD3sT66XjgdR0/view
,Music Videos,,,,,,,
Hear Ye Him,"June [Music Video]
(feat. Eric David) (dir. Shomi Patwary & Gene Thorton)","Music video for ""June"" featuring Eric David.",3:28,"Jul 11, 2012",Music Video,Full,High Quality,https://www.youtube.com/watch?v=iWOF4MsH-qo
Hear Ye Him,"Unforgettable [Music Video]
(feat. Life Dutchee)","Music video for ""Unforgettable"".",3:04,"Oct 16, 2012",Music Video,Full,High Quality,https://www.youtube.com/watch?v=dwlV6NxjaUU
Hear Ye Him,"Smoke & Mirrors [Music Video]
(feat. Ab-Liva)","Music video for ""Smoke & Mirrors"".",3:53,"Sep 6, 2013",Music Video,Full,High Quality,https://www.youtube.com/watch?v=WsXRKlk1V9o
Hear Ye Him,"Bury That [Music Video]
(feat. Jon Bibbs)","Music video for ""Bury That"".",3:01,"Nov 26, 2013",Music Video,Full,High Quality,https://www.youtube.com/watch?v=RanNgjTeSs0
Hear Ye Him,"Bury That [Music Video Behind The Scenes]
(feat. Jon Bibbs)","Behind the scenes video for the ""Bury That"" music video.",2:26,"Sep 10, 2013",Music Video,Full,High Quality,https://www.youtube.com/watch?v=K7-UYNSMNGI
Hear Ye Him,"Blasphemy [Music Video]
(feat. Fam-Lay) (dir. Abraham Vilchez-Moran & No Malice)","Music video for ""Blasphemy"".",3:36,"Nov 17, 2014",Music Video,Full,High Quality,https://www.youtube.com/watch?v=3QHySsIGewg
,Videos,,,,,,,
Hear Ye Him,Hear Ye Him [Album Trailer],"Album trailer for ""Hear Ye Him""",1:44,"May 21, 2013",Video,Full,High Quality,https://www.youtube.com/watch?v=zTm1U4RqwMc
Hear Ye Him,Hear Ye Him [Album Trailer #2],"Second album trailer for ""Hear Ye Him"".",1:46,"Jun 6, 2013",Video,Full,High Quality,https://www.youtube.com/watch?v=CDzK9o6UjLs
,Music Videos,,,,,,,
Fear Of God II,Tony Montana (Freestyle) [Music Video],"Music video for ""Tony Montana (Freestyle)""",2:35,"Nov 7, 2011",Music Video,Full,CD Quality,https://www.youtube.com/watch?v=jVKY_cdyaBM
Fear Of God II,"Trouble On My Mind [Music Video]
(feat. Tyler, the Creator) (dir. Jason Goldwatch)","Music video for ""Trouble On My Mind"" featuring Tyler, the Creator.",3:54,"Jul 20, 2011",Music Video,Full,CD Quality,https://www.youtube.com/watch?v=2GKL_ZoJQjc&pp=ygUacHVzaGEgdCB0cm91YmxlIG9uIG15IG1pbmQ%3D
Fear Of God II,"What Dreams Are Made Of [Music Video]
(dir. Jason Goldwatch)","Music video for ""What Dreams Are Made Of"".",2:58,"Jan 5, 2012",Music Video,Full,CD Quality,https://www.youtube.com/watch?v=BzZ0LIOJ4iI&pp=ygUfcHVzaGEgdCB3aGF0IGRyZWFtcyBhcmUgbWFkZSBvZtIHCQk5CwGHKiGM7w%3D%3D
Fear Of God II,"Pixie Lott - What Do You Take Me For? [Music Video]
(feat. Pusha T)","Music video for ""What Do You Take Me For?"" by Pixie Lott featuring Pusha T.",3:00,"Oct 6, 2011",Music Video,Full,CD Quality,https://www.youtube.com/watch?v=OQCcwNMp830&pp=ygUicGl4aWUgbG90dCB3aGF0IGRvIHlvdSB0YWtlIG1lIGZvcg%3D%3D
,Videos,,,,,,,
Fear Of God II,Trouble On My Mind [Behind The Scenes],"Behind the scenes on the music video for ""Trouble On My Mind"".",4:42,"Jul 15, 2011",Video,Full,CD Quality,
,Live Performances,,,,,,,
Fear Of God II,Live at Coachella 2011 [Video],"Performance from Coachella 2011, when Kanye headlined. Features very different versions of some songs. Setlist:

1. Dark Fantasy (with Justin Vernon)
2. Power
 3. Jesus Walks
4. Can't Tell Me Nothing
 5. Diamonds From Sierra Leone (Partial)
6. Hell Of A Life
7. Monster (with Justin Vernon) (Partial) 
8. Flashing Lights
9. Good Life (with ""P.Y.T."" by Michael Jackson intro)
10. Love Lockdown (with ""Sirius"" by The Alans Parsons Project intro)
11. Say You Will
12. Heartless
13. Swagga Like Us (JAY‐Z cover) (Partial)
14. Run This Town (JAY‐Z cover) (Partial)
15. E.T. (Katy Perry cover) (Partial)
16. Homecoming (Partial)
17. Through The Wire (Partial)
18. All Falls Down (Partial)
19. Touch The Sky
20. Gold Digger
21. All Of The Lights
22. Stronger
23. Chariots Of Fire (Vangelis song)
24. Runaway (with Pusha T)
25. Lost In The World (with Justin Vernon)
26. Hey Mama",,,Live Performance,Full,High Quality,https://big.fileditchstuff.me/b22/UkhgrUxZUEPjDmoaUcZY.mov
,Never Recorded,,,,,,,
Fear Of God II,"Niggas In Paris
(prod. Kanye West)","The beat for ""Niggas In Paris"" was originally given to Pusha T to record on, but Pusha T allegedly passed on the beat rather quickly. It's likely he never recorded on the song.",,,Other,Never Recorded,Not Available,
,Music Videos,,,,,,,
My Name Is My Name,"Exodus 23:1 [Music Video]
(dir. Samuel Rogers)","Music for ""Exodus 23:1"".",4:22,"May 29, 2012",Music Video,Full,CD Quality,https://www.youtube.com/watch?v=-Evs0wwnuak
My Name Is My Name,"Sweet (Freestyle) [Music Video]
(dir. Samuel Rogers)","Music video for ""Sweet (Freestyle)"".",1:48,"Jan 10, 2012",Music Video,Full,CD Quality,https://www.youtube.com/watch?v=_lRMebiTnNk
My Name Is My Name,Numbers On The Boards [Music Video],"Music video for ""Numbers On The Boards"".",2:43,"May 9, 2013",Music Video,Full,CD Quality,https://www.youtube.com/watch?v=DawrlSwHUiM
My Name Is My Name,King Push [Music Video],"Music video for ""King Push"".",3:03,"Sep 30, 2013",Music Video,Full,CD Quality,https://www.youtube.com/watch?v=l6C5XUU2Vtc&pp=0gcJCTkLAYcqIYzv
My Name Is My Name,"Sweet Serenade [Music Video]
(feat. Chris Brown)","Music video for ""Sweet Serenade"" featuring Chris Brown.",3:59,"Oct 7, 2013",Music Video,Full,CD Quality,https://www.youtube.com/watch?v=lmgEoh_r_XM
My Name Is My Name,"Hold On [Music Video]
(feat. Rick Ross)","Music video for ""Hold On"" featuring Rick Ross.",4:54,"Nov 13, 2013",Music Video,Full,CD Quality,https://www.youtube.com/watch?v=NWwbr-1tAVA
My Name Is My Name,"Suicide [Music Video]
(feat. Ab-Liva) (dir. Nathan Brown)","Music video for ""Suicide"" featuring Ab-Liva.",3:28,"Jan 17, 2014",Music Video,Full,CD Quality,https://www.youtube.com/watch?v=P-9nMimalyU
My Name Is My Name,"Pain [Music Video]
(feat. Future)","Music video for ""Pain"" featuring Future.",4:21,"Oct 10, 2013",Music Video,Full,CD Quality,https://www.youtube.com/watch?v=JoIY1Q9wW_U&pp=ygUMcHVzaGEgdCBwYWlu
My Name Is My Name,"Alley Boy - Your Favorite Rapper [Music Video]
(feat. Pusha T)","Music video for ""Your Favorite Rapper"" by Alley Boy.",4:14,"Sep 20, 2012",Music Video,Full,CD Quality,https://www.youtube.com/watch?v=nxAwcMXlL8g&pp=ygUeYWxsZXkgYm95IHlvdXIgZmF2b3JpdGUgcmFwcGVy0gcJCTkLAYcqIYzv
My Name Is My Name,"Colin Munroe - The Fight of My Life [Music Video]
(feat. Pusha T) (dir. Philip Sportel)","Music video for ""The Fight of My Life"" by Colin Munroe featuring Pusha T.",3:56,"Sep 26, 2012",Music Video,Full,CD Quality,https://www.youtube.com/watch?v=YDxSj8pnxqY&pp=ygUhY29saW4gbXVucm9lIHRoZSBmaWdodCBvZiBteSBsaWZl
My Name Is My Name,"DJ Absolut - Untouchable [Music Video]
(feat. Pusha T, French Montana & Ace Hood)","Music video for ""Untouchable"" by DJ Absolut featuring Pusha T, French Montana & Ace Hood.",4:08,"Jun 14, 2012",Music Video,Full,CD Quality,https://www.youtube.com/watch?v=TwCl4g-W_3s&pp=ygUWREogQWJzb2x1dCBVbnRvdWNoYWJsZQ%3D%3D
My Name Is My Name,"Gillie Da Kid - Tryna Get Me One
(feat. Pusha T) (dir. Bobby Yan)","Music video for ""Tryna Get Me One"" featuring Pusha T.",4:28,"Jul 18, 2013",Music Video,Full,CD Quality,https://www.youtube.com/watch?v=wA4mNXWXkM4&pp=ygUgR2lsbGllIERhIEtpZCAtIFRyeW5hIEdldCBNZSBPbmU%3D
My Name Is My Name,"N.O.R.E. - Scared Money [Music Video]
(feat. Pusha T & Meek Mill)","Music video for ""Scared Money"" by N.O.R.E. featuring Pusha T & Meek Mill.",6:58,,Music Video,Full,CD Quality,https://www.youtube.com/watch?v=lAU20iMhz2c
My Name Is My Name,"N.O.R.E. - Tadow [Music Video]
(feat. Pusha T, 2 Chainz & French Montana)","Music video for ""Tadow"" by N.O.R.E. featuring Pusha T, 2 Chainz & French Montana.",4:41,"Jan 10, 2013",Music Video,Full,CD Quality,https://www.youtube.com/watch?v=Y5jW-oMc65o&pp=ygUQTi5PLlIuRS4gLSBUYWRvdw%3D%3D
My Name Is My Name,"Omarion - Know You Better [Music Video]
(feat. Pusha T & Fabolous)","Music video for ""Know You Better"" by Omarion featuring Pusha T & Fabolous.",5:30,"Sep 16, 2013",Music Video,Full,CD Quality,https://www.youtube.com/watch?v=rODCQnIn87c&pp=ygUZT21hcmlvbiAtIEtub3cgWW91IEJldHRlctIHCQk5CwGHKiGM7w%3D%3D
My Name Is My Name,"The-Dream - Dope Bitch [Music Video]
(feat. Pusha T)","Music video for ""Dope Bitch"" by The-Dream featuring Pusha T.",4:40,"Aug 26, 2012",Music Video,Full,CD Quality,https://www.youtube.com/watch?v=PtTdQzR43Nk&pp=ygUUdGhlLWRyZWFtIGRvcGUgYml0Y2g%3D
,Videos,,,,,,,
My Name Is My Name,My Name Is My Name [Trailer],"Album trailer video for ""My Name Is My Name"".",2:16,"Oct 7, 2013",Video,Full,CD Quality,https://www.youtube.com/watch?v=GFmaFEt5wos
,Never Recorded,,,,,,,
My Name Is My Name,"Kanye West - ???
(prod. Knottz)
(Nosetalgia)","According to Pusha T, the beat for ""Nosetalgia"" was sent to Kanye for My Beautiful Dark Twisted Fantasy. Unknown if Kanye recorded anything.",,,Never Recorded,Never Recorded,Not Available,https://pillows.su/f/26cccd8c20ed0e297d86b92c83b5ead7
,Music Videos,,,,,,,
Wrath of Caine,"Blocka [Music Video]
(feat. Popcaan & Travis Scott) (dir. Orson Whales)",Music video for Blocka.,4:04,"Dec 11, 2012",Music Video,Full,CD Quality,https://www.youtube.com/watch?v=KRRbtbilLcM
Wrath of Caine,"Millions [Music Video]
(feat. Rick Ross) (dir. Samuel Rogers)",Music video for Millions.,5:21,"Dec 11, 2012",Music Video,Full,CD Quality,https://www.youtube.com/watch?v=hU6VqlnrQhM
,Videos,,,,,,,
Wrath of Caine,Wrath of Caine [Mixtape Trailer],"Trailer for ""Wrath of Caine"".",0:41,"Dec 7, 2012",Video,Full,High Quality,https://www.youtube.com/watch?v=V43KvXWrQxU
Wrath of Caine,Wrath of Caine [Mixtape Trailer #2],"Second trailer for ""Wrath of Caine"".",0:57,"Jan 20, 2012",Video,Full,High Quality,https://www.youtube.com/watch?v=_gP7kPj7S-c
,Music Videos,,,,,,,
King Push: The Prelude,"Lunch Money [Music Video]
(dir. Emil Nava)","Music video for the single ""Lunch Money"".",3:13,"Dec 16, 2014",Music Video,Full,CD Quality,https://www.youtube.com/watch?v=axYiOWGfs48
King Push: The Prelude,"Untouchable [Music Video]
(dir. Harrison Boyce)","Music video for ""Untouchable"".",3:10,"Nov 20, 2015",Music Video,Full,CD Quality,https://www.youtube.com/watch?v=NPI_6MX74j4
King Push: The Prelude,"Crutches, Crosses, Caskets [Music Video]","Music video for ""Crutches, Crosses, Caskets"".",2:41,"Dec 14, 2015",Music Video,Full,CD Quality,https://www.youtube.com/watch?v=crCFDQyfORM&pp=0gcJCTkLAYcqIYzv
King Push: The Prelude,"M.F.T.R. [Music Video]
(feat. The-Dream) (dir. Kid Art)","Music video for ""M.F.T.R.""",4:24,"Dec 22, 2015",Music Video,Full,CD Quality,https://www.youtube.com/watch?v=5q5qLlGvQcc
King Push: The Prelude,"M.P.A. [Music Video]
(feat. Kanye West, A$AP Rocky & The-Dream) (dir. Shomi Patwary)","Music video for ""M.P.A.""",4:46,"Jan 1, 2016",Music Video,Full,CD Quality,https://www.youtube.com/watch?v=R0NpahenvAg
King Push: The Prelude,"Future - Move That Dope [Music Video]
(feat. Pusha T & Pharrell Williams)","Music video for ""Move That Dope"" by Future featuring Pusha T & Pharrell Williams.",4:04,"Mar 6, 2014",Music Video,Full,CD Quality,https://www.youtube.com/watch?v=wHguy4xHGSg&pp=ygUXRnV0dXJlIC0gTW92ZSBUaGF0IERvcGU%3D
King Push: The Prelude,"Future - Move That Dope [Extended Music Video]
(feat. Pusha T, Pharrell Williams & Casino)","Extended music video for ""Move That Dope"" by Future, now featuring Casino.",5:46,"Mar 13, 2014",Music Video,Full,CD Quality,https://www.youtube.com/watch?v=ksxbIY-EAzU&pp=ygUXRnV0dXJlIC0gTW92ZSBUaGF0IERvcGU%3D
King Push: The Prelude,"Teyana Taylor - Maybe [Music Video]
(feat. Pusha T & Yo Gotti)","Music video for ""Maybe"" by Teyana Taylor featuring Pusha T & Yo Gotti.",4:08,"Aug 22, 2014",Music Video,Full,CD Quality,https://www.youtube.com/watch?v=kPnzXYrxoJA&pp=ygUVVGV5YW5hIFRheWxvciAtIE1heWJl
,Videos,,,,,,,
King Push: The Prelude,Lunch Money [Music Video Teaser],"Teaser video for the ""Lunch Money"" music video.",0:15,"Dec 12, 2014",Video,Full,CD Quality,https://www.youtube.com/watch?v=_7W814JmWsQ
King Push: The Prelude,Darkest Before Dawn [Film Trailer],Trailer for the Darkest Before Dawn film.,1:20,"Nov 26, 2015",Video,Full,CD Quality,https://www.youtube.com/watch?v=u3nVALU76yY
King Push: The Prelude,M.F.T.R. [Studio Session Clip],"Clip of a studio session for ""M.F.T.R.""",1:29,"Dec 8, 2015",Video,Full,CD Quality,https://www.youtube.com/watch?v=TEnq1FhGM9k
King Push: The Prelude,King Push - Darkest Before Dawn: The Prelude [Photo Shoot],Photo shoot video for the covers.,1:03,"Dec 9, 2015",Video,Full,CD Quality,https://www.youtube.com/watch?v=7jHdtD00q88
King Push: The Prelude,"Crutches, Crosses, Caskets [Studio Session Clip]","Clip of a studio session for ""Crutches, Crosses, Caskets"".",1:24,"Dec 11, 2015",Video,Full,CD Quality,https://www.youtube.com/watch?v=a86rEiexPKM
King Push: The Prelude,1 Day Away From #DarkestBeforeDawn,Video celebrating one day before Darkest Before Dawn.,2:46,"Dec 17, 2015",Video,Full,CD Quality,https://www.youtube.com/watch?v=fkh2wmvT15g
King Push: The Prelude,"Darkest Before Dawn
(dir. Kid Art)",Darkest Before Dawn film.,22:01,"Dec 17, 2015",Video,Full,CD Quality,https://www.youtube.com/watch?v=o4bEwg5dB60
King Push: The Prelude,Darkest Before Dawn [New York City Release Day],Release day video in New York City.,2:33,"Dec 18, 2015",Video,Full,CD Quality,https://www.youtube.com/watch?v=RoS74rV_v24
,Lyric/Music Videos,,,,,,,
Let the Dead Bury the Dead,"Best Believe It [Music Video]
(feat. MD Uno)","Music video for ""Best Believe It"".",3:45,"May 2, 2016",Music Video,Full,CD Quality,https://www.youtube.com/watch?v=1SNYPOKdaQ8
Let the Dead Bury the Dead,Fake News [Music Video],"Music video for ""Fake News"".",3:11,"Jun 13, 2017",Music Video,Full,CD Quality,https://www.youtube.com/watch?v=q6DdNbcpESM
,Lyric/Music Videos,,,,,,,
DAYTONA,"H.G.T.V. Freestyle [Music Video]
(dir. Yung Jake)","Music video for ""H.G.T.V. Fresstyle"".",2:10,"Oct 24, 2016",Music Video,Full,CD Quality,https://www.youtube.com/watch?v=7s63y_kfWt4
DAYTONA,If You Know You Know [Lyric Video],"Lyric video for ""If You Know You Know"".",3:26,"Jun 11, 2018",Lyric Video,Full,CD Quality,https://www.youtube.com/watch?v=x2q74zv6yHg
DAYTONA,If You Know You Know [Music Video],"Music video for ""If You Know You Know"".",3:57,"Jun 19, 2018",Music Video,Full,CD Quality,https://www.youtube.com/watch?v=L7-0ugujS2U
DAYTONA,"Linkin Park - Good Goodbye [Music Video]
(feat. Pusha T & Stormzy) (dir. Isaac Rentz)","Music video for ""Good Goodbye"" by Linkin Park featuring Pusha T & Stormzy.",3:55,"May 5, 2017",Music Video,Full,CD Quality,https://www.youtube.com/watch?v=phVQZrb2AdA&pp=ygUaTGlua2luIFBhcmsgLSBHb29kIEdvb2RieWU%3D
DAYTONA,"Thirdstory - G Train [Music Video]
(feat. Pusha T) (dir. Austin S. Winchell)","Music video for ""G Train"" by Thirdstory featuring Pusha T.",4:22,"Nov 17, 2016",Music Video,Full,CD Quality,https://www.youtube.com/watch?v=_OhUIVsUkxg&pp=ygUUVGhpcmRzdG9yeSAtIEcgVHJhaW4%3D
DAYTONA,"Valee - Miami [Music Video]
(feat. Pusha T)","Music video for ""Miami"" by Valee featuring Pusha T.",3:04,"Feb 27, 2018",Music Video,Full,CD Quality,https://www.youtube.com/watch?v=OmYiyuzsTcE&pp=ygUNVmFsZWUgLSBNaWFtaQ%3D%3D
,Live Performances,,,,,,,
DAYTONA,If You Know You Know [Live at Jimmy Kimmel Live],"Jimmy Kimmel Live performance of ""If You Know You Know"".",3:34,"Jun 1, 2018",Live Performance,Full,CD Quality,https://www.youtube.com/watch?v=zGchOptfU-Q
,Never Recorded,,,,,,,
DAYTONA,"What Would Meek Do?
(feat. Meek Mill & Kanye West) (prod. Kanye West)","Pusha T wanted Meek Mill on ""What Would Meek Do?"", but Meek was in jail so he couldn't record.",,,Other,Never Recorded,Not Available,https://www.youtube.com/watch?v=g309T2rLOKk
,Other,,,,,,,
DAYTONA,Blowbama,An early copy and tracklists state the name to be Blowbama. Also mentioned in H.G.T.V. Freestyle.,,,Alternate Era Name,Confirmed,Not Available,
DAYTONA,Blobama,"Some tracklists state the title to be Blobama, could be a typo.",,,Alternate Era Name,Confirmed,Not Available,
DAYTONA,King Push,"Originally, the title of the album was King Push, given how his second studio album is ""King Push - Darkest Before Dawn: The Prelude"". In a Billboard article, Pusha T explains why the name was changed.

“I changed the album title from ‘King Push’ to ‘DAYTONA’ because I felt it didn’t represent the overall message of this body of work,” Push explained in a tweet, adding that “DAYTONA represents the fact that I have the luxury of time. That luxury only comes when u have a skill set that your confident in.”",,,Alternate Era Name,Confirmed,Not Available,https://www.billboard.com/music/rb-hip-hop/pusha-t-changes-album-title-king-push-daytona-track-list-8457628/
,Music Videos,,,,,,,
It's Almost Dry,"Diet Coke [Music Video]
(dir. Omar Jones & Onda)","Music video for ""Diet Coke"". Features Kanye West dancing in the video.",3:09,"Feb 8, 2022",Music Video,Full,CD Quality,https://www.youtube.com/watch?v=HFrwm6oRYJg
It's Almost Dry,Diet Coke [Behind The Scenes Photos],"Behind the scenes photos of the ""Diet Coke"" music video shoot. Shared by the video's director on Instagram.",,,Other,Full,High Quality,https://www.instagram.com/p/CZuZM9PJL9f/?utm_source=ig_web_copy_link&img_index=2
It's Almost Dry,Diet Coke [Colored Music Video],"Original colored version of the music video for ""Diet Coke"". Previewed in February 2023.",,,Music Video,Snippet,High Quality,https://mega.nz/folder/CIlTVKAD#i2umxZDL49vSwubH-N4Chw
It's Almost Dry,Hear Me Clearly [Music Video],"Music video for ""Hear Me Clearly"".",2:21,"Mar 30, 2022",Music Video,Full,CD Quality,https://www.youtube.com/watch?v=zgLYhRVoL0g
It's Almost Dry,"Call My Bluff [Music Video]
(dir. Omar Jones & Onda)","Music video for ""Call My Bluff"".",3:28,"Apr 27, 2022",Music Video,Full,CD Quality,https://www.youtube.com/watch?v=G8rdT-KPPX8
It's Almost Dry,"Babyface Ray - Dancing With The Devil [Music Video]
(feat. Landstrip Chip & Pusha T)","Music video for ""Dancing With The Devil"" by Babyface Ray.",3:17,"Jan 14, 2022",Music Video,Full,CD Quality,https://www.youtube.com/watch?v=z3gYcNm5epE&pp=ygUlQmFieWZhY2UgUmF5IC0gRGFuY2luZyB3aXRoIHRoZSBEZXZpbA%3D%3D
,Lyric Videos,,,,,,,
It's Almost Dry,"Sociopath [Lyric Video]
(feat. Kash Doll)","Lyric video for ""Sociopath"" featuring Kash Doll.",2:42,"Sep 19, 2019",Lyric Video,Full,CD Quality,https://www.youtube.com/watch?v=ZJIYZoB1D7w
It's Almost Dry,Hear Me Clearly [Lyric Video],"Lyric video for ""Hear Me Clearly"".",2:17,"Mar 3, 2022",Lyric Video,Full,CD Quality,https://www.youtube.com/watch?v=XeB5GlXqD9I
It's Almost Dry,Neck & Wrist [Lyric Video],"Lyric video for ""Neck & Wrist""",3:29,"Apr 5, 2022",Lyric Video,Full,CD Quality,https://www.youtube.com/watch?v=sETAgLQCDL4
It's Almost Dry,Brambleton [Lyric Video],"Lyric video for ""Brambleton"".",2:51,"Apr 21, 2022",Lyric Video,Full,CD Quality,https://www.youtube.com/watch?v=M6apli5j43Q
It's Almost Dry,Let The Smokers Shine The Coupes [Lyric Video],"Lyric video for ""Let The Smokers Shine The Coupes"".",2:30,"Apr 21, 2022",Lyric Video,Full,CD Quality,https://www.youtube.com/watch?v=WMFm99d6t9M
It's Almost Dry,Dreamin Of The Past [Lyric Video],"Lyric video for ""Dreamin Of The Past"".",2:54,"Apr 21, 2022",Lyric Video,Full,CD Quality,https://www.youtube.com/watch?v=cuzQqfRGUi0
It's Almost Dry,Just So You Remember [Lyric Video],"Lyric video for ""Just So You Remember"".",2:59,"Apr 22, 2022",Lyric Video,Full,CD Quality,https://www.youtube.com/watch?v=ZIaRsy9_JeU
It's Almost Dry,Rock N Roll [Lyric Video],"Lyric video for ""Rock N Roll"".",3:54,"Apr 21, 2022",Lyric Video,Full,CD Quality,https://www.youtube.com/watch?v=dH1tsRbbEig
It's Almost Dry,Call My Bluff [Lyric Video],"Lyric video for ""Call My Bluff"".",2:48,"Apr 21, 2022",Lyric Video,Full,CD Quality,https://www.youtube.com/watch?v=PqAF80EX7TI&pp=0gcJCTkLAYcqIYzv
It's Almost Dry,Scrape It Off [Lyric Video],"Lyric video for ""Scrape It Off"".",2:32,"Apr 21, 2022",Lyric Video,Full,CD Quality,https://www.youtube.com/watch?v=aXH_zcwiY84&pp=0gcJCTkLAYcqIYzv
It's Almost Dry,Open Air [Lyric Video],"Lyric video for ""Open Air"".",2:13,"Apr 21, 2022",Lyric Video,Full,CD Quality,https://www.youtube.com/watch?v=rroB5g4dU6Y
It's Almost Dry,I Pray For You [Lyric Video],"Lyric video for ""I Pray For You"".",4:22,"Apr 21, 2022",Lyric Video,Full,CD Quality,https://www.youtube.com/watch?v=ks46NGPS00k
,Visualizers,,,,,,,
It's Almost Dry,Brambleton [Visualizer],"Visualizer for ""Brambleton"".",2:51,"Apr 21, 2022",Visualizer,Full,CD Quality,https://www.youtube.com/watch?v=gXU5xsazHWc
It's Almost Dry,Brambleton [Alternate Visualizer],"Alternate visualizer for ""Brambleton"".",2:51,"Apr 26, 2022",Visualizer,Full,CD Quality,https://www.youtube.com/watch?v=0iCwjfrkmzc
It's Almost Dry,Let The Smokers Shine The Coupes [Visualizer],"Visualizer for ""Let The Smokers Shine The Coupes"".",2:30,"Apr 21, 2022",Visualizer,Full,CD Quality,https://www.youtube.com/watch?v=xu1uxT_rHEA
It's Almost Dry,Let The Smokers Shine The Coupes [Alternate Visualizer],"Alternate visualizer for ""Let The Smokers Shine The Coupes"".",2:30,"Apr 26, 2022",Visualizer,Full,CD Quality,https://www.youtube.com/watch?v=TqrEkdS9T6Y
It's Almost Dry,Dreamin Of The Past [Visualizer],"Visualizer for ""Dreamin Of The Past"".",2:45,"Apr 21, 2022",Visualizer,Full,CD Quality,https://www.youtube.com/watch?v=3Ir7B6z0kkA
It's Almost Dry,Dreamin Of The Past [Alternate Visualizer],"Alternate visualizer for ""Dreamin Of The Past"".",2:45,"Apr 26, 2022",Visualizer,Full,CD Quality,https://www.youtube.com/watch?v=JrB3Tkt_y5I
It's Almost Dry,Just So You Remember [Visualizer],"Visualizer for ""Just So You Remember"".",2:59,"Apr 21, 2022",Visualizer,Full,CD Quality,https://www.youtube.com/watch?v=r0B-x0Cx7Zw
It's Almost Dry,Just So You Remember [Alternate Visualizer],"Alternate visualizer for ""Just So You Remember"".",2:59,"Apr 26, 2022",Visualizer,Full,CD Quality,https://www.youtube.com/watch?v=7pYXSUYDQ1w
It's Almost Dry,Rock N Roll [Visualizer],"Visualizer for ""Rock N Roll"".",3:54,"Apr 21, 2022",Visualizer,Full,CD Quality,https://www.youtube.com/watch?v=0vkFnBuGNPA
It's Almost Dry,Rock N Roll [Alternate Visualizer],"Alternate visualizer for ""Rock N Roll"".",3:54,"Apr 26, 2022",Visualizer,Full,CD Quality,https://www.youtube.com/watch?v=9gWAdccs8rI
It's Almost Dry,Call My Bluff [Visualizer],"Visualizer for ""Call My Bluff"".",2:49,"Apr 21, 2022",Visualizer,Full,CD Quality,https://www.youtube.com/watch?v=-WND-KTHH0o
It's Almost Dry,Call My Bluff [Alternate Visualizer],"Alternate visualizer for ""Call My Bluff"".",2:49,"Apr 26, 2022",Visualizer,Full,CD Quality,https://www.youtube.com/watch?v=SJJMRIY4W7w
It's Almost Dry,Scrape It Off [Visualizer],"Visualizer for ""Scrape It Off"".",2:33,"Apr 21, 2022",Visualizer,Full,CD Quality,https://www.youtube.com/watch?v=BySMBliqjE8
It's Almost Dry,Scrape It Off [Alternate Visualizer],"Alternate visualizer for ""Scrape It Off"".",2:33,"Apr 26, 2022",Visualizer,Full,CD Quality,https://www.youtube.com/watch?v=tbavMM98I2A
It's Almost Dry,Open Air [Visualizer],"Visualizer for ""Open Air"".",2:13,"Apr 21, 2022",Visualizer,Full,CD Quality,https://www.youtube.com/watch?v=K1yAatPVdNE
It's Almost Dry,Open Air [Alternate Visualizer],"Alternate visualizer for ""Open Air"".",2:13,"Apr 26, 2022",Visualizer,Full,CD Quality,https://www.youtube.com/watch?v=ZFqDVbVdmTI
It's Almost Dry,I Pray For You [Visualizer],"Visualizer for ""I Pray For You"".",4:22,"Apr 21, 2022",Visualizer,Full,CD Quality,https://www.youtube.com/watch?v=ZIFv88xmL0o
It's Almost Dry,I Pray For You [Alternate Visualizer],"Alternate visualizer for ""I Pray For You"".",4:22,"Apr 26, 2022",Visualizer,Full,CD Quality,https://www.youtube.com/watch?v=dVnBv3AMnwo
,Videos,,,,,,,
It's Almost Dry,It's Almost Dry [Trailer],"Album trailer for ""It's Almost Dry"".",0:34,"Apr 18, 2022",Video,Full,CD Quality,https://www.youtube.com/watch?v=QpxDg1piPmg
It's Almost Dry,It's Almost Dry [New York City Clips],"Compilation of clips from the New York City listening event for ""It's Almost Dry"".",2:30,"Apr 26, 2022",Video,Full,CD Quality,https://www.youtube.com/watch?v=8EDRmPJrPVk&t=19s
It's Almost Dry,Call My Bluff [Music Video Teaser],"Music video teaser for ""Call My Bluff"".",0:11,"Apr 27, 2022",Video,Full,CD Quality,https://www.youtube.com/watch?v=Eay5gHKn52E
It's Almost Dry,It's Almost Dry x Something In The Water,Compilation of clips from the It's Almost Dry & Something In The Water event.,0:50,"Jun 22, 2022",Video,Full,CD Quality,https://www.youtube.com/watch?v=NTkE1SG74tE
It's Almost Dry,It's Almost Dry Tour Recap (Episode 1),Episode one of the recaps for It's Almost Dry.,2:34,"Jun 27, 2022",Video,Full,CD Quality,https://www.youtube.com/watch?v=Uuwwu42Ha40
It's Almost Dry,It's Almost Dry Tour Recap (Episode 2),Episode two of the recaps for It's Almost Dry.,3:12,"Jul 4, 2022",Video,Full,CD Quality,https://www.youtube.com/watch?v=GhoS4kIsGKk
It's Almost Dry,It's Almost Dry Tour Recap (Episode 3),Episode three of the recaps for It's Almost Dry.,4:30,"Jul 11, 2022",Video,Full,CD Quality,https://www.youtube.com/watch?v=6yTANq9lfGE
It's Almost Dry,It's Almost Dry Tour Recap (Episode 4),Episode four of the recaps for It's Almost Dry.,4:07,"Jul 18, 2022",Video,Full,CD Quality,https://www.youtube.com/watch?v=OnOz5eDXEU0
,Live Performances,,,,,,,
It's Almost Dry,Diet Coke (From Paris),"Live performance of ""Diet Coke"" in Paris.",2:05,"Feb 15, 2022",Live Performance,Full,CD Quality,https://www.youtube.com/watch?v=SMIM2BLFDrQ
It's Almost Dry,Let The Smokers Shine The Coupes [Live from Jimmy Kimmel Live!],"Jimmy Kimmel Live performance of ""Let The Smokers Shine The Coupes"".",2:46,"Jun 6, 2022",Live Performance,Full,CD Quality,https://www.youtube.com/watch?v=gs2TQ9sDEnY
It's Almost Dry,Brambleton [Live Session with Vevo Ctrl],"Live performance of ""Brambleton"" with Vevo Ctrl.",3:01,"Aug 18, 2022",Live Performance,Full,CD Quality,https://www.youtube.com/watch?v=BZIgjKXZUIE
It's Almost Dry,Dreamin Of The Past [Live Session with Vevo Ctrl],"Live performance of ""Dreamin Of The Past"" with Vevo Ctrl.",2:39,"Aug 18, 2022",Live Performance,Full,CD Quality,https://www.youtube.com/watch?v=LgJzOsBVCTQ
It's Almost Dry,Just So You Remember [Live on Late Night With Seth Meyers],"Late Night With Seth Meyers live performance of ""Just So You Remember""",2:53,"Oct 19, 2022",Live Performance,Full,CD Quality,https://www.youtube.com/watch?v=jU9teCh8NiA&pp=0gcJCTkLAYcqIYzv
,Never Recorded,,,,,,,
It's Almost Dry,"Hear Me Clearly
(with Nigo) (feat. Nas) (prod. Kanye West, ThaMyind, Luca Starz & BoogzDaBeast)","Pusha T stated Nas was going to be on the third verse, but never happened.",,,Never Recorded,Never Recorded,Not Available,https://x.com/TwitterMusic/status/1517576868224028672
It's Almost Dry,Rock N Roll [Music Video],"A music video for ""Rock N Roll"" was supposed to be shot, but Kid Cudi refused due to Ye's involvement in the song and, likely, video.",,,Never Recorded,Never Recorded,Not Available,
,Lyric/Music Videos,,,,,,,
Let God Sort 'Em Out,Ace Trumpets [Lyric Video],"Lyric video for ""Ace Trumpets"".",2:34,"Jun 4, 2025",Lyric Video,Full,CD Quality,https://www.youtube.com/watch?v=JayCuiHERUQ
Let God Sort 'Em Out,"So Be It [Music Video]
(dir. Hannan Hussain)","Music video for ""So Be It"".",3:18,"Jun 17, 2025",Music Video,Full,CD Quality,https://www.youtube.com/watch?v=URlPXepBZdo
Let God Sort 'Em Out,The Birds Don't Sing [Lyric Video],"Lyric video for ""The Birds Don't Sing"".",4:01,"Jul 11, 2025",Lyric Video,Full,CD Quality,https://www.youtube.com/watch?v=mh61DsXSLmk
Let God Sort 'Em Out,Chains & Whips [Lyric Video],"Lyric video for ""Chains & Whips"".",4:04,"Jul 11, 2025",Lyric Video,Full,CD Quality,https://www.youtube.com/watch?v=P-9aHIcg1Vc
Let God Sort 'Em Out,P.O.V. [Lyric Video],"Lyric video for ""P.O.V.""",4:19,"Jul 11, 2025",Lyric Video,Full,CD Quality,https://www.youtube.com/watch?v=7dI5837ktzc
Let God Sort 'Em Out,So Be It [Lyric Video],"Lyric video for ""So Be It"".",3:17,"Jul 11, 2025",Lyric Video,Full,CD Quality,https://www.youtube.com/watch?v=dBy5jtsS-D8
Let God Sort 'Em Out,All Things Considered [Lyric Video],"Lyric video for ""All Things Considered"".",3:10,"Jul 11, 2025",Lyric Video,Full,CD Quality,https://www.youtube.com/watch?v=Db58uf0DlEw
Let God Sort 'Em Out,M.T.B.T.T.F. [Lyric Video],"Lyric video for ""M.T.B.T.T.F.""",2:37,"Jul 11, 2025",Lyric Video,Full,CD Quality,https://www.youtube.com/watch?v=5lDVpyjkuhE
Let God Sort 'Em Out,E.B.I.T.D.A. [Lyric Video],"Lyric video for ""E.B.I.T.D.A.""",2:00,"Jul 11, 2025",Lyric Video,Full,CD Quality,https://www.youtube.com/watch?v=T9nq6-2a7Nw
Let God Sort 'Em Out,F.I.C.O. [Lyric Video],"Lyric video for ""F.I.C.O.""",3:22,"Jul 11, 2025",Lyric Video,Full,CD Quality,https://www.youtube.com/watch?v=KLpOjdp0KO4
Let God Sort 'Em Out,Inglorious Bastards [Lyric Video],"Lyric video for ""Inglorious Bastards"".",2:34,"Jul 11, 2025",Lyric Video,Full,CD Quality,https://www.youtube.com/watch?v=0nJjB-egwmo
Let God Sort 'Em Out,So Far Ahead [Lyric Video],"Lyric video for ""So Far Ahead"".",3:23,"Jul 11, 2025",Lyric Video,Full,CD Quality,https://www.youtube.com/watch?v=P1iatNHHtiU
Let God Sort 'Em Out,Let God Sort Em Out/Chandaliers [Lyric Video],"Lyric video for ""Let God Sort Em Out/Chandaliers"".",2:33,"Jul 11, 2025",Lyric Video,Full,CD Quality,https://www.youtube.com/watch?v=qQH24C1Jrx0
Let God Sort 'Em Out,By The Grace Of God [Lyric Video],"Lyric video for ""By The Grace of God"".",3:07,"Jul 11, 2025",Lyric Video,Full,CD Quality,https://www.youtube.com/watch?v=TNf1N0X3FLo
Let God Sort 'Em Out,"Chains & Whips [Music Video]
(dir. Gabriel Moses)","Music video for ""Chains & Whips"". Kendrick's verse is sung by other people, Kendrick doesn't physically appear.",4:42,"Jul 14, 2025",Music Video,Full,CD Quality,https://www.youtube.com/watch?v=ecIH-4RbbOk
Let God Sort 'Em Out,"Tyler, the Creator - STOP PLAYING WITH ME [Music Video]
(feat. Clipse, LeBron James 🐐 & Mav Carter) (dir. Tyler, the Creator)","Music video for ""STOP PLAYING WITH ME"" by Tyler, the Creator for the album ""DON'T TAP THE GLASS"". Clipse is featured in the video together at various points in the video.",2:29,"Jul 21, 2025",Music Video,Full,CD Quality,https://www.youtube.com/watch?v=pmlqEKklWqs
Let God Sort 'Em Out,"The Birds Don't Sing [Music Video]
(dir. Brendan O'Connor)","Music video for ""The Birds Don't Sing"".",5:38,"Sep 30, 2025",Music Video,Full,CD Quality,https://www.youtube.com/watch?v=kt64MDdjtR8
Let God Sort 'Em Out,"F.I.C.O. [Music Video]
(dir. Hannah Hussain)","Music video for ""F.I.C.O.""",3:44,"Nov 12, 2025",Music Video,Full,CD Quality,https://www.youtube.com/watch?v=veSg0RjgbX4
Let God Sort 'Em Out,"P.O.V. [Music Video]
(feat. Tyler, the Creator) (dir. Cole Bennett)","Music video for ""P.O.V."" featuring Tyler, the Creator. Can you survive five nights with the Clipse?",5:20,"Dec 10, 2025",Music Video,Full,CD Quality,https://youtube.com/watch?v=tX7RDvVkxzU
,Videos,,,,,,,
Let God Sort 'Em Out,Let God Sort 'Em Out [Album Trailer],"Album trailer for ""Let God Sort 'Em Out"".",2:09,"May 29, 2025",Video,Full,CD Quality,https://www.youtube.com/watch?v=aMTM4nhQwws
Let God Sort 'Em Out,"""Chains & Whips"" Lyrics and Meanings","Video made in collaboration with Genius for #ClipseWeek, explaining the lyrics to ""Chains & Whips"".",6:59,"Jul 11, 2025",Video,Full,CD Quality,https://www.youtube.com/watch?v=5jixr3Z6dnw
Let God Sort 'Em Out,"""Ace Trumpets"" Lyrics and Meanings","Video made in collaboration with Genius for #ClipseWeek, explaining the lyrics to ""Ace Trumpets"".",7:54,"Jul 14, 2025",Video,Full,CD Quality,https://www.youtube.com/watch?v=q77WBiOqsII
Let God Sort 'Em Out,"""So Far Ahead"" Lyrics and Meanings","Video made in collaboration with Genius for #ClipseWeek, explaining the lyrics to ""So Far Ahead"".",9:34,"Jul 16, 2025",Video,Full,CD Quality,https://www.youtube.com/watch?v=mWt49EIOkAE&t=3s&pp=ygURY2xpcHNlIGdlbml1c3dlZWs%3D
Let God Sort 'Em Out,Boston & Philadelphia [Let God Sort Em Out Tour Recap],Let God Sort Em Out tour recap for Boston and Philadelphia.,2:11,"Aug 9, 2025",Video,Full,CD Quality,https://www.youtube.com/watch?v=dFI8sG6KwkA
Let God Sort 'Em Out,New York & Brooklyn [Let God Sort Em Out Tour Recap],Let God Sort Em Out tour recap for New York & Brooklyn.,1:47,"Aug 13, 2025",Video,Full,CD Quality,https://www.youtube.com/watch?v=OD6Pd2EH5Xk
Let God Sort 'Em Out,Fairfax & Virginia Beach [Let God Sort Em Out Tour Recap],Let God Sort Em Out tour recap for Fairfax & Virginia Beach.,2:07,"Aug 16, 2025",Video,Full,CD Quality,https://www.youtube.com/watch?v=adYYHJhrPpg
Let God Sort 'Em Out,"Miami, Orlando & Atlanta [Let God Sort Em Out Tour Recap]","Let God Sort Em Out tour recap for Miami, Orlando & Atlanta.",2:09,"Aug 20, 2025",Video,Full,CD Quality,https://www.youtube.com/watch?v=nfgs9ST62ps
Let God Sort 'Em Out,"Cleveland, Milwaukee, Chesterfield & Fayetteville [Let God Sort Em Out Tour Recap]","Let God Sort Em Out tour recap for Cleveland, Milwaukee, Chesterfield & Fayetteville.",2:07,"Sep 2, 2025",Video,Full,CD Quality,https://www.youtube.com/watch?v=147ogDKRZY4
Let God Sort 'Em Out,"San Francisco, Tempe & Las Vegas [Let God Sort Em Out Tour Recap]","Let God Sort Em Out tour recap for San Francisco, Tempe & Las Vegas.",1:58,"Sep 8, 2025",Video,Full,CD Quality,https://www.youtube.com/watch?v=IT5IDAbhucw
Let God Sort 'Em Out,Let God Sort Em Out (For Your Consideration),Video showing off the reception to the album. Description shows what Clipse submitted to the Grammys.,2:00,"Oct 3, 2025",Video,Full,CD Quality,https://www.youtube.com/watch?v=8TmDJmMwLtM
Let God Sort 'Em Out,The Birds Don't Sing [Tour Video],"A video for ""The Birds Don't Sing"" that contains various clips of live performances like of the tour and the Vatican performances.",4:13,"Oct 13, 2025",Video,Full,CD Quality,https://www.youtube.com/watch?v=yl0oFzsEJqg
Let God Sort 'Em Out,"Houston, Oklahoma City, Dallas & Kansas City [Let God Sort Em Out Tour Recap]","Let God Sort Em Out tour recap for Houston, Oklahoma City, Dallad & Kansas City.",2:08,"Nov 8, 2025",Video,Full,CD Quality,https://www.youtube.com/watch?v=fBoqU11HJuw
Let God Sort 'Em Out,Tilburg [Let God Sort Em Out Tour Recap],Let God Sort Em Out tour recap for Tilburg.,0:55,"Nov 8, 2025",Video,Full,CD Quality,https://www.youtube.com/watch?v=ZRbuQKluRfY
Let God Sort 'Em Out,Paris [Let God Sort Em Out Tour Recap],Let God Sort Em Out tour recap for Paris.,1:01,"Nov 11, 2025",Video,Full,CD Quality,https://www.youtube.com/watch?v=-dqUvSUGDO0
Let God Sort 'Em Out,F.I.C.O. [Music Video Trailer],"A trailer for the music video for ""F.I.C.O.""",0:22,"Nov 11, 2025",Video,Full,CD Quality,https://www.youtube.com/watch?v=I4PUtwWnEKE
Let God Sort 'Em Out,Manchester [Let God Sort Em Out Tour Recap],Let Got Sort Em Out tour recap for Manchester.,1:04,"Nov 19, 2025",Video,Full,CD Quality,https://www.youtube.com/watch?v=tOZvp_Nf4nk
,Live Performances,,,,,,,
Let God Sort 'Em Out,Grindin' [BET Hip Hop Awards],"Live performance of ""Grindin'"" with No Malice. Video title also states ""Diet Coke"" & ""Just So You Remember"", but both do not appear.",2:24,"Oct 11, 2022",Live Performance,Full,CD Quality,https://www.youtube.com/watch?v=fIroe38LuVQ
Let God Sort 'Em Out,Ace Trumpets - A COLORS SHOW,"COLORS SHOW performance of ""Ace Trumpets"".",2:34,"Jun 26, 2025",Live Performance,Full,CD Quality,https://www.youtube.com/watch?v=8WbOY6Hx1XU
Let God Sort 'Em Out,Tiny Desk Concert,"A live performance for Tiny Desk, posted on the NPR Music channel.",22:36,"Jul 11, 2025",Live Performance,Full,CD Quality,https://www.youtube.com/watch?v=f7gIBB7jKc0
Let God Sort 'Em Out,So Be It [Live at Jimmy Kimmel],"Jimmy Kimmel Live performance of ""So Be It"".",3:24,"Oct 14, 2025",Live Performance,Full,CD Quality,https://www.youtube.com/watch?v=8NNOrwmDsFU&pp=ygUIImNsaXBzZSI%3D
Let God Sort 'Em Out,So Be It [Live at Amazon Music: In The Paint],"Amazon Music Presents: In The Paint performance of ""So Be It"".",3:23,"Dec 6, 2025",Live Performance,Full,CD Quality,https://www.youtube.com/watch?v=eoAkHlujv4Q&pp=ygUIImNsaXBzZSI%3D
Let God Sort 'Em Out,P.O.V. [Live at Rap Life Review],"Rap Life Review performance of ""P.O.V.""",3:07,"Dec 11, 2025",Live Performance,Full,CD Quality,https://www.youtube.com/watch?v=-bdveA08xZ4
Let God Sort 'Em Out,"So Far Ahead [Live at the 2026 Grammys]
(feat. Pharrell Williams & Voices of Fire)","2026 Grammys performance of ""So Far Ahead"".",3:48,"Feb 12, 2026",Live Performance,Full,CD Quality,https://www.youtube.com/watch?v=_UGqnpOm_Ac
,Interviews,,,,,,,
Let God Sort 'Em Out,Elliott Wilson Experience Interview,Interview with Elliott Wilson Experience (EWE).,39:53,"Jul 8, 2025",Interview,Full,CD Quality,https://www.youtube.com/watch?v=OssQ4Wj5ick
Let God Sort 'Em Out,Complex Interview,Interview with Complex.,47:00,"Jul 11, 2025",Interview,Full,CD Quality,https://www.youtube.com/watch?v=CPV6T5EFRe0
Let God Sort 'Em Out,The Breakfast Club Interview,Interview with The Breakfast Club.,1:02:41,"Jul 11, 2025",Interview,Full,CD Quality,https://www.youtube.com/watch?v=lCkZPi6Y-bg
Let God Sort 'Em Out,COVER LINES Interview,Interview with COVER LINES.,49:29,"Jul 14, 2025",Interview,Full,CD Quality,https://www.youtube.com/watch?v=z0VLTqXR93Q
Let God Sort 'Em Out,Effective Immediately Interview,Interview with Effective Immediately.,1:00:10,"Jul 21, 2025",Interview,Full,CD Quality,https://www.youtube.com/watch?v=_gL73ZhCZUw
Let God Sort 'Em Out,GQ Interview,Interview with GQ.,37:49,"Nov 7, 2025",Interview,Full,CD Quality,https://www.youtube.com/watch?v=DcmAkKR7nbA
Let God Sort 'Em Out,GRAMMY Museum Interview,Interview with GRAMMY Museum.,53:25,"Dec 19, 2025",Interview,Full,CD Quality,https://www.youtube.com/watch?v=UmwUv7UMMMg
,Never Recorded,,,,,,,
Let God Sort 'Em Out,"Chains & Whips
(feat. JAY-Z & Kendrick Lamar) (prod. Pharrell Williams)","JAY-Z was given the entire album to work with, but Pusha T specifically stated ""Chains & Whips"", ""So Be It"" and ""M.T.B.T.T.F."" as the options, but there are likely other options considered by JAY-Z. Kendrick Lamar was likely on the song at that point.",,,Never Recorded,Never Recorded,Not Available,https://www.youtube.com/watch?v=lCkZPi6Y-bg&t=1625s
Let God Sort 'Em Out,"So Be It
(feat. Kendrick Lamar) (prod. Pharrell Williams)","In a Spotify interview, Pusha T said that Kendrick wanted to do two songs as features, one of these is ""Chains & Whips"". Pusha T confirmed in an episode of The Joe Budden Podcast that he wanted to be on ""So Be It"" as well. Unknown if Kendrick recorded vocals for it so it is here.",,,Never Recorded,Never Recorded,Not Available,https://www.youtube.com/watch?v=JaabjrIlqUg&t=2277s
Let God Sort 'Em Out,"So Be It
(feat. JAY-Z) (prod. Pharrell Williams)","JAY-Z was given the entire album to work with, but Pusha T specifically stated ""Chains & Whips"", ""So Be It"" and ""M.T.B.T.T.F."" as the options, but there are likely other options considered by JAY-Z.",,,Never Recorded,Never Recorded,Not Available,https://www.youtube.com/watch?v=lCkZPi6Y-bg&t=1625s
Let God Sort 'Em Out,"M.T.B.T.T.F.
(feat. JAY-Z) (prod. Pharrell Williams)
(Mike Tyson, Mike Tyson Blow To The Face)","JAY-Z was given the entire album to work with, but Pusha T specifically stated ""Chains & Whips"", ""So Be It"" and ""M.T.B.T.T.F."" as the options, but there are likely other options considered by JAY-Z.",,,Never Recorded,Never Recorded,Not Available,https://www.youtube.com/watch?v=lCkZPi6Y-bg&t=1625s
,Other,,,,,,,
Let God Sort 'Em Out,Passwords,"Stated in a Genius annotation by Malice, their dad's passwords for paperwork are known as “Ilovemytwosons!” or “Iluvmy2son$”",,,Other,Confirmed,Not Available,
,Lyric/Music Videos,,,,,,,
PT5,"Danger Danger [Music Video]
(with Swizz Beatz & Jadakiss)","Music video for ""Danger Danger"".",3:46,"Apr 17, 2025",Music Video,Full,CD Quality,https://www.youtube.com/watch?v=asVmpLRVk-A&pp=ygUhZGFuZ2VyIGRhbmdlciBnb2RmYXRoZXIgb2YgaGFybGVt0gcJCTkLAYcqIYzv
PT5,"CyHi - Mr. Put That Shit On [Music Video]
(feat. Pusha T)","Music video for ""Mr. Put That Shit On"" by CyHi featuring Pusha T.",6:18,"Nov 16, 2023",Music Video,Full,CD Quality,https://www.youtube.com/watch?v=jVEhAHlZeNw&pp=ygUYY3loaSBtciBwdXQgdGhhdCBzaGl0IG9u
PT5,"Khi Infinite - LIGHTS PLEASE [Music Video]
(feat. Pusha T & Chase B) (dir. Farnorth)","Music video for ""LIGHTS PLEASE"" by Khi Infinite featuring Pusha T & Chase B.",2:52,"Jun 17, 2023",Music Video,Full,CD Quality,https://www.youtube.com/watch?v=fI5mWg-dLxU&pp=ygUaa2hpIGluZmluaXRlIGxpZ2h0cyBwbGVhc2XSBwkJOQsBhyohjO8%3D
PT5,"Ray Vaughn - Problems (Triangle Park Mix) [Music Video]
(feat. Pusha T)","Music video for ""Problems (Triangle Park Mix)"" by Ray Vaughn featuring Pusha T.",3:50,"Feb 23, 2024",Music Video,Full,CD Quality,https://www.youtube.com/watch?v=mj3KWloa5N8&pp=ygUTcmF5IHZhdWdobiBwcm9ibGVtcw%3D%3D
M3,,,,,,Full,Not Available,
,Lyric/Music Videos,,,,,,,
C5,"JID - Community [Music Video]
(feat. Clipse) (dir. Omar Jones)","Music video for ""Community"" by JID.",,"Aug 29, 2025",Video,Full,CD Quality,https://www.youtube.com/watch?v=-V4jiPcNUjg
