Era,Name,Notes,Track Length,File Date,Leak Date,Available Length,Quality,Link(s)
"2 Full
0 Tagged
0 Partial
0 Snippet
0 Unavailable",Apocalypse,Apocalypse is the second studio album by American musician Thundercat. It was released in July 2013 under the label Brainfeeder.,,,,,,
Apocalypse,"Mac Miller - The Sun Room (Somewhere In Space)
(prod. Thundercat)","Shares lyrics with ""The Star Room""",3:03,,7/22/2019,Full,CDQ,https://pillowcase.su/f/eb929dec29b7821637e6f0ba468ecb2c
Apocalypse,"Mac Miller - Cpt. Red Beard
(prod. Thundercat)
(Track 06)","Track from the 2014 copy of Maclib. Transitions into Number 7. Recorded on June 14, 2014",,,"Apr 25, 2024",Full,Losless,https://krakenfiles.com/view/LEZ3iXGq9t/file.html
"18 Full
0 Tagged
1 Partial
2 Snippet
11 Unavailable",The Beyond / Where the Giants Roam,"The Beyond / Where the Giants Roam is an EP by American musician Thundercat. It was released on June 22, 2015 via Brainfeeder. Most stuff here is from TPAB",,,,,,
The Beyond / Where the Giants Roam,"A Fan's Mail
(prod. Thundercat & Flying Lotus)","OG Filename: 08 THUNDERCAT - a fans mail ruff (TDE)
OG file for Thundercat's ""A Fan's Mail (Tron Song Suite II)"". It's unclear if this was intended for TPAB or simply a track originally recorded during the album sessions like the other ones, as the filename mentions Thundercat as the song's artist. Later ended up onto Thundercat's 2017 album Drunk.",2:40,,10/11/2023,Full,CDQ,https://pillowcase.su/f/3c280940548b8bf697f11a70594b44d5
The Beyond / Where the Giants Roam,Expect,"OG Filename: Expect_VOX.wav
Throwaway from ~2015. 34 seconds of the track were sold to a PBer. Currently to remain vaulted",,,,Partial,Losless,N/A
The Beyond / Where the Giants Roam,Love & War,"OG Filename: Love_And_War.mp3
Throwaway from ~2015. track was sold to a PBer. Currently to remain vaulted",2:06,,,Full,CDQ,N/A
The Beyond / Where the Giants Roam,"Big Sean x ThunderCat - Black
(prod. ThunderCat & Tame Impala)",,,,11/30/2023,Full,HQ,https://pillowcase.su/f/160cf33f8df87e77d72fdfb7677eb67b
The Beyond / Where the Giants Roam,"Kendrick Lamar - ???
(prod. Thundercat)","An unreleased instrumental produced by Thundercat that was featured in the intro of Kendrick's ""i"" music video. It is unknown if this is a different song or a different intro to ""i"".",?:??,,11/4/2014,Snippet,CDQ,https://pillowcase.su/f/b372eecac8ebb28244c01121710d895f
The Beyond / Where the Giants Roam,"Kendrick Lamar - Bingo
(ref. Thundercat) (prod. Thundercat)","OG Filename: Bingo (TDE)
Very short instrumental track from Kendrick's To Pimp A Butterfly era.",0:34,,10/11/2023,Beat Only,CDQ,https://pillowcase.su/f/707834f140aa7c968f8f2c6d09f268a0
The Beyond / Where the Giants Roam,"Kendrick Lamar - Blue Faces [V3]
(feat. Thundercat) (prod. Mono/Poly & Thundercat)
(Funk, untitled 08)","Original version of ""untitled 08"" with the ""I love God, I love speed"" line from The Tonight Show performance. Notably different compared to the released version. Song leaked in full on October 11, 2023.",4:21,,10/11/2023,Full,CDQ,https://pillowcase.su/f/346115817d7b94ac696d0f77616493fb
The Beyond / Where the Giants Roam,"Kendrick Lamar - Digi East
(ref. Thundercat) (prod. Thundercat)","OG Filename: digi east (TDE)
Riff idea made during Kendrick's To Pimp A Butterfly sessions.",,,,Beat Only,Losless,https://pillowcase.su/f/9f61774501905f2d89f330ea39e9a476
The Beyond / Where the Giants Roam,"Kendrick Lamar  - Funk [V1]
(ref. Thundercat) (prod. Mono/Poly & Thundercat)
(Blue Faces, untitled 08)","OG Filename: Funk2 Thundercat
Beat for ""Blue Faces"" was originally created on Kendrick's To Pimp A Butterfly sessions, entitled simply as ""Funk"", as it was the idea on reflecting funk inspired sounds for the album.",14:56,,10/11/2023,Beat Only,CDQ,https://pillowcase.su/f/33245adf0f27b57c9e7308eb30ee5d16
The Beyond / Where the Giants Roam,"Kendrick Lamar - Happy For You
(feat. Thundercat & Chantal Kreviazuk) (prod. Sounwave & Thundercat)","Unheard TPAB-era song confirmed to exist by Chantal. Made right after her addition to ""Pay For It"" by Jay Rock. First mentioned in an interview to Q with Tom Power aired on June 15, 2016, where she describes the song as a ""very beautiful romantic jazzy thing that he [Kendrick] heard it and flipped it into a very political thing"". The track was also said by her to have been originally followed by a movie-like script. Later in March 2023, on an article by Complex Canada, Chantal revealed that ""Happy For You"" was massively centered around Trayvon Martin murder, and that was supposed to be the track performed live on SNL in November 2014 instead of ""Pay For It"" before being cut at the very last minute. Discussion for Q's Magazine begins at 9:34s.",?:??,,,Confirmed,Not Available,"https://youtu.be/BrnrxXtiZno
https://www.complex.com/music/a/brokencool/drake-over-my-dead-body-chantal-kreviazuk-backstory"
The Beyond / Where the Giants Roam,"Kendrick Lamar - Kenshiro
(ref. Thundercat) (prod. Thundercat & Flying Lotus)","OG Filename: Kenshiro Thundercat
Riff idea made during Kendrick's To Pimp A Butterfly sessions.",1:33,,10/11/2023,Beat Only,CDQ,https://pillowcase.su/f/0719722bb4e989a63f7d6c8498959d67
The Beyond / Where the Giants Roam,"Kendrick Lamar - King Kunta [V2]
(ref. Pharrell Williams) (prod. Sounwave & Thundercat)","Later version of ""King Kunta"" with Pharrell doing the song flow already adding Thundercat's groove.",,,,Confirmed,Not Available,https://open.spotify.com/episode/5QX81LIqjZhNXpeYFv8Sct?si=i_qQP3hWRCGtCvQ9gsGrog&utm_source=copy-link
The Beyond / Where the Giants Roam,"Kendrick Lamar - Muff Cuffs
(ref. Thundercat) (prod. Thundercat)","OG Filename: muff cuffs (TDE)
Riff idea made during Kendrick's To Pimp A Butterfly sessions.",2:06,,10/11/2023,Beat Only,CDQ,https://pillowcase.su/f/8b5baaefa05c391093f39ba5ddb388b2
The Beyond / Where the Giants Roam,"Kendrick Lamar - Stand Down
(prod. Sounwave & Thundercat)
(Dead Homies, Butterflies)","OG Filename: Stand Down CLICK REFF LIMITER
The music video version of ""Alright"" features an unreleased intro. It's possible that a full version of this pre-chorus exists. Most commonly named ""Dead Homies"" but it was discovered through an ""Alright"" MV timelapse that the song is officially called ""Stand Down"". It seems to sample Thundercat's ""Tron Song"". Sounwave once told in a 2019 interview to Red Bull Music Academy that this record may end up in an album of his.",?:??,,6/30/2015,Snippet,CDQ,https://pillowcase.su/f/99e05e87293e0829fc9205d50c7f172d
The Beyond / Where the Giants Roam,"Kendrick Lamar - Trunk Space
(ref. Thundercat) (prod. Thundercat)","OG Filename: trunk space (TDE) checking out
A demo created during Kendrick's TPAB sessions featuring vocals from Thundercat.",1:04,,10/11/2023,Full,CDQ,https://pillowcase.su/f/bc039b975ae6a3346bad3e8ba12c38fd
The Beyond / Where the Giants Roam,"Kendrick Lamar - untitled 08 [Inst.]
(prod. Mono/Poly & Thundercat)
(Funk, Blue Faces)","OG Filename: Funk2 Thundercat
Beat for ""Blue Faces"" was originally created on To Pimp A Butterfly sessions, entitled simply as ""Funk"", as it was the idea on reflecting funk inspired sounds for the album. Leaked by Zaytop on October 11st, 2023.",14:56,,"Oct 11, 2023",Full,CD Quality,https://pillowcase.su/f/197818e1da53fe474aec3abdb313bb98
The Beyond / Where the Giants Roam,"Kendrick Lamar - XXX
(ref. Thundercat) (prod. Thundercat)","OG Filename: XXX (TDE)
Riff idea made during Kendrick's To Pimp A Butterfly sessions.",0:57,,10/11/2023,Beat Only,CDQ,https://pillowcase.su/f/73fff22811d818b6c31e9b4069603298
The Beyond / Where the Giants Roam,"Mac Miller - Cocaine Is...
(prod. Flying Lotus & Thundercat)",a helluva drug. 2013. Shares the same instrumental as Wesley's Theory by Kendrick Lamar and Shares the same Chorus as Ticonderogas,3:55,,4/10/2024,Full,HQ,https://pillowcase.su/f/867dc989bc0b0d68275c60925c324b87
The Beyond / Where the Giants Roam,"Mac Miller - Colors And Shapes
(prod. Larry Fisherman & Thundercat)","Track 7 on the OG Balloonerism TL. Exported August 13, 2013.
Features slightly different production compared to the released version. Track 6 on a TL for Balloonerism",,,7/1/2019,Full,CDQ,https://pillowcase.su/f/aa3e0d508944921b9a46c9fc4e796b8c
The Beyond / Where the Giants Roam,"Mac Miller - Falling Apart
(prod. Thundercat)","Recorded April 19, 2014. 
Track 11 on a TL for GOOD A.M., October 16th, 2014
Sold by GucciTunes, then groupbought on April 19, 2024",4:26,,4/19/2024,Full,CDQ,https://pillowcase.su/f/94872b6ce645392c06f1a45477cca173
The Beyond / Where the Giants Roam,"Mac Miller - Inside Outside [V1]
(prod. Thundercat)",Track 1 on Yes Faces TL,2:02,,,Confirmed,Not Available,
The Beyond / Where the Giants Roam,"Mac Miller - It Gets Better
(prod. Thundercat)","Track 12 on a TL for GO:OD AM, April 14th 2015",3:07,,11/23/2019,Full,CDQ,https://pillowcase.su/f/fd2a3f38ebcbe993388b98c5fa27f29f
The Beyond / Where the Giants Roam,"Mac Miller - Lightning Dog
(feat. Thundercat)","(2020) OG Filename: 06_Lightning Dog - MMS V3 ADD 01_Pass 02.mp3
(2014)OG Filename:  Maclib - Track 18 Lightening Dog.mp3
Track 6th on Maclib 2020.
Track 7 on a TL for Good Morning, September 29th 2014
Track 2 on a 2 TLs for GOOD A.M., Oct 16 & 18, 2014
Track 7 on a TL for GOOD A.M., Nov 11, 2014
Track 11 on a TL for Good Morning, Sep 29 2014
Recorded in 2014, mastered in 2020.
Track 18 in the Maclib beatpack on some vaulters' copies.",2:01,,9/1/2022,Full,CDQ,https://pillowcase.su/f/8a1dee4322a713f9f8516c2e9bb59b8d
The Beyond / Where the Giants Roam,"Mac Miller - Poyzin Arrow [V1]
(prod. Thundercat)
(Birthday Mathematiks, Time Travel)",mid-2014. Good Morning-era song that was scrapped super early. Potentially reworked into Telescope/Came Alone,3:05,,"Apr 7, 2024",Full,CDQ,https://pillowcase.su/f/54e4355a688923e9fbebd06556f4652a
The Beyond / Where the Giants Roam,"Mac Miller - She Knows Too Much 
(feat. Thundercat)
(FANTASTIC!)","Track 6 on a TL for Good Morning, September 29th 2014
Track 10 on a TL for Good Morning, September 29th 2014",3:33,,1/1/2020,Full,CDQ,https://pillowcase.su/f/797aa8da06a3daa4b0e950b343c805e5
The Beyond / Where the Giants Roam,"Mac Miller - Sweet Dreams
(prod. Flying Lotus & Thundercat)","OG Filename: mac miller - sweet dreams W VOX.mp3
The original intro track to GO:OD AM. Leaked by King Bob.",3:02,,"Dec 25, 2022",Full,CDQ,https://pillowcase.su/f/f4e3a32f35cdfb37f011d6c409ac1b92
The Beyond / Where the Giants Roam,"Mac Miller - The Song That Changed Everything
(feat. SZA) (prod. Larry Fisherman & Thundercat)
(DJs Chord Organ)","OG Filename:  3. DJs Chord Organ (The Song That Changed Everything) ft. SZA.wav
Track 3 on the OG Balloonerism TL. Exported March 8, 2014.
Track 2 on a TL for Balloonerism, 2013
Track 1 on a TL for Balloonerism, September 29th 2014",5:45,,2/21/2020,Full,Losless,https://pillowcase.su/f/926331bbf595e5982aba3225feae7eb6
The Beyond / Where the Giants Roam,"SZA - Sobriety [V1]
(prod. Chris Calor, CoDy, LoveDragon, Thundercat & Sounwave)","OG Filename: SZA_Sobriety G-Mix
This version has bass playing throughout the whole track, around the end of the second pre-chorus, we can hear SZA talking in the background until the end of the song. File date shows 2014.",,,7/16/2023,Full,CDQ,https://pillowcase.su/f/a35028020c58547d9f9222d494326d55
The Beyond / Where the Giants Roam,"SZA - Sobriety [V2]
(prod. Chris Calor, CoDy, LoveDragon, Thundercat & Sounwave)","OG Filename: SZA_Sobriety_111214
This version also has bass playing throughout the whole track, the outro is slightly different. SZA says ""I don't know man."" at the end. File date shows 2014.",,,7/16/2023,Full,CDQ,https://pillowcase.su/f/0103dbc632d6d638354f74d26544a7fb
The Beyond / Where the Giants Roam,"SZA - Sobriety [V3]
(prod. Chris Calor, CoDy, LoveDragon, Thundercat & Sounwave)","This version doesn't have bass playing throughtout the whole song but only at some parts including the pre-chorus, the chorus and the outro. It was released as a SoundCloud exclusive but later deleted. File date shows 2014.",,,,Full,HQ,https://pillowcase.su/f/4e93f636af67b3e333fac54637ece303
The Beyond / Where the Giants Roam,"SZA - Thundercat Outro
(prod. Thundercat)",Seen on an SZA's 'A' tracklist.,,,,Confirmed,Not Available,
The Beyond / Where the Giants Roam,Unknown [Chantal Kreviazuk & Kendrick Lamar Collaborations],"In an interview for Complex Canada made on March 9th, 2023, Chantal revealed there were ""a couple of others [songs]"" worked on during the To Pimp A Butterfly sessions. She also mentioned being a lot in the studio with Thundercat.",,,,Confirmed,Not Available,https://www.complex.com/music/a/brokencool/drake-over-my-dead-body-chantal-kreviazuk-backstory
"6 Full
0 Tagged
0 Partial
2 Snippet
0 Unavailable",Drunk,"Drunk is the third studio album by American musician Thundercat, released on February 24, 2017, by Brainfeeder. It features guest appearances from Kenny Loggins, Michael McDonald, Kendrick Lamar, Wiz Khalifa, Mac Miller, and Pharrell. It was released nearly four years after his previous studio album, Apocalypse.",,,,,,
Drunk,"Walk On By [V1]
(feat. Kendrick Lamar) (prod. Thundercat & Flying Lotus)","OG Filename: WALK ON BY Kdot ruff 1
Solo version of ""Walk On By"" that contains the exact same Kendrick verse from release which reuses lyrics from ""Crooked"". Made in 2016 according to its metadata. Leaked on October 12nd, 2023.",1:23,,10/12/2023,Full,CDQ,https://pillowcase.su/f/e5e17d1b38af50f77b37db3685083a4e
Drunk,"Kendrick Lamar - Heroin [V2]
(ref. Thundercat) (prod. Thundercat)
(Just Like...)","Thundercat reference version of ""Heroin"" which had its snippet forceleaked on April 21, 2024. Made in 2016. Had the possibility to be GB, but seller removed that offer after snippet leaked",?:??,,4/21/2024,Snippet,CDQ,https://pillowcase.su/f/797a9bce31305f691175211a42cc1e73
Drunk,"Black Hippy - Heroin [V3]
(feat. Kendrick Lamar, SZA, Isaiah Rashad, Punch, Jay Rock & Lance Skiiiwalker) (prod. Thundercat)
(Just Like...)","Song was recorded for a scrapped Black Hippy 2 album. Leaked on September 29, 2018 as part of the fan-made ""EP"" collection of leaks, ""Bad Kid, Chill City"".",4:00,,4/21/2024,Full,HQ,https://pillowcase.su/f/44781f26257a45a0470ecd0c55a32c40
Drunk,"Black Hippy - Just Like... [V4]
(feat. Kendrick Lamar, SZA, Isaiah Rashad, Punch, Jay Rock, Lance Skiiiwalker & Ab-Soul) (prod. Thundercat)
(Heroin)","OG Filename: just like... mix1
Version of ""Heroin"" with a different name, better mix, more unheard Jay Rock vocals, different structure with Kendrick's verse split into different parts, SZA's hook having more background vocals, and a verse at the end by Ab-Soul. Snippet leaked on January 17, 2024. Leaked in full on January 27, 2023 after a flash buy. Made in 2016.",4:35,,1/27/2024,Full,HQ,https://pixeldrain.com/u/ddE3CaPM
Drunk,"Mac Miller - Dang! (feat. Anderson .Paak) [Session]
(prod. Pomo, Thundercat, Danny McKinnon, Braxton Cook, Julian Lee, Jeffrey Oliver & Enrique Sanchez)","Leaked on January 2, 2023 by Scrapbeak on leaked.cx. Contains the whole Ableton session.",,,1/2/2023,Full,Losless,https://mega.nz/file/VXNUlZYA#l71x-p-7qhtb4s3JNttOWKwkgNsGSYs0T0YRvfAf1u4
Drunk,"Mac Miller -  Deliveriesly
(prod. DJ Dhai & Thundercat)",2017. Sold to a private buy group.,,,"Jan 15, 2023",Snippet,CDQ,https://pillowcase.su/f/145636de59c452926df006bf047b9ebc
Drunk,"Mac Miller - Mononghela
(prod. Flying Lotus & Thundercat)
(Post Requisite OG, Monongahela)",Sold by GucciTunes to a private buy group.,2:23,,"Mar 19, 2023",Full,CDQ,https://pillowcase.su/f/58ee9b3821d9301fa294a18a85bde976
Drunk,"Travis Scott - ASTROTHUNDER [V2]
(prod. Frank Dukes, Thundercat, John Mayer, Matty, River Tiber & Vegyn)","OG Filename: TS - Astrothunder
Later version much closer to the final, sold on The Source. Has a slightly different instrumental and an extra verse, with a mix of finished lyrics and mumble throughout. Leaked September 6, 2021.",3:40,,9/6/2021,Full,CDQ,https://pillowcase.su/f/692bae636600836ecde06a9ec241a660
"8 Full
1 Tagged
0 Partial
1 Snippet
4 Unavailable",It Is What It Is,"It Is What It Is is the fourth studio album by American musician Thundercat, released through Brainfeeder on April 3, 2020",,,,,,
It Is What It Is,Erykah Badu x Thundercat [Inst.],An unreleased instrumental produced by Thundercat. Was previewed by Erykah Badu on IG lives a few times,,,,Beat Only,HQ,https://www.youtube.com/watch?v=v-Qt15XH5nw
It Is What It Is,"Isaiah Rashad - Dare [V1]
(prod. Kenny Beats,Thundercat)
(Fingernails)","Leaked in full on October 31st, 2022. Originally previewed via Kenny Beats' Twitch livestream (very briefly). More of the song was previewed via Isaiah's IG Live on April 1st, 2020.",2:27,,"Oct 31, 2022",Full,CDQ,https://pillowcase.su/f/0781adad8b4251abf18f1213a452b1bd
It Is What It Is,"Isaiah Rashad - Dare [V2]
(feat. Childish Major) (prod. Kenny Beats)
(Fingernails)","Confirmed by Isaiah to exist when he was on Kenny Beats' Twitch livestream, though no audio of this version has ever surfaced.",,,,Confirmed,Not Available,
It Is What It Is,"Kendrick Lamar/MF DOOM - ???
(ref. Thundercat) (prod. Flying Lotus)
(Lunch Break, Slumpy)","Thundercat reference track from the Mr. Morale sessions meant for Kendrick and later re-used for MF DOOM's ""Lunch Break"". Leaked sometime in January 2021.",?:??,,,Tagged,CDQ,https://pillowcase.su/f/4e03a232511011094d6e9304952eff61
It Is What It Is,Mac Miller - CAM TONY 26 [Session],"Mac DeMarco livestreamed a session with him, Thundercat, and Mac Miller on his youtube channel ""CAM TONY""",,,"Jul 11, 2018",Full,Recording,https://mega.nz/file/MSt1lJqL#E9uwykHf-PaUB9mQcy9kI-Atg2iuwsQVQvfpZbNKWtA
It Is What It Is,"Mac Miller - No Bye Gones
(prod. Flying Lotus & Thundercat)
(Flying Lotus - Black Balloons Reprise (feat. Mac Miller))",Solo version of Black Balloons Reprise.,2:55,,"Jul 23, 2020",Full,CDQ,https://pillowcase.su/f/1ee15b9696c0ee80e62546dfe21d715f
It Is What It Is,"Flying Lotus - Black Balloons Reprise
(feat. Denzel Curry & Mac Miller)
(prod. Flying Lotus & Thundercat)
(No Bye Gones [V2])",,,,,Full,CDQ,NEED LINK
It Is What It Is,"Ty Dolla $ign - Track 5 [V2]
(feat. Kanye West, Anderson .Paak & Thundercat) (prod. Audio Anthem, damn james!, Ty Dolla $ign & BoogzDaBeast)
(Thank You (Vol. 2), Track 6)","OG Filename: Track5_4424-REF_15Oct2020
Filename shown by Alek. Is said to be similar to release with a completely different mix. Leaked on 1/27/2024.",2:40,,1/27/2024,Full,Losless,https://pillowcase.su/f/928dd454e6182d12420fee8693f338c4
It Is What It Is,"Ty Dolla $ign - Track 5 [V3]
(feat. Kanye West, Anderson .Paak & Thundercat) (prod. Audio Anthem, damn james!, Ty Dolla $ign & BoogzDaBeast)
(Thank You (Vol. 2), Track 6)","OG Filename: Track5_4424-REF_16Oct2020
Filename shown by Alek. Another mix of ""Track 5"". Leaked on 1/27/23.",2:40,,1/27/2024,Full,Losless,https://pillowcase.su/f/a626fc25f473edb0be3614bde2ce505b
It Is What It Is,"Ty Dolla $ign - Track 5 [V4]
(feat. Kanye West, Anderson .Paak & Thundercat) (prod. Audio Anthem, damn james!, Ty Dolla $ign & BoogzDaBeast)
(Thank You (Vol. 2), Track 6)","OG Filename: 06 Track5 2444-REF Afternoon 16Oct2020
Another mix of ""Track 5"". Leaked on 1/27/2024",2:40,,1/27/2024,Full,Losless,https://pillowcase.su/f/0889d4aea3f82a5462df6b36a659b63a
It Is What It Is,"Ty Dolla $ign - Track 6 [V5]
(feat. Kanye West, Anderson .Paak & Thundercat) (prod. BoogzDaBeast, Ty Dolla $ign, Audio Anthem & damn james!)
(Thank You (Vol. 2), Track 5)","Reworked version of ""Thank You (Vol. 2)"" without Kid Cudi. A censored version was released on Ty Dolla $ign's album, Featuring Ty Dolla $ign, but this version was explicit. Sold on TheSource.",,,8/9/2020,Snippet,CDQ,https://pillowcase.su/f/c99c1a019ba9cc0fb1757ea62ec3bc28
It Is What It Is,"Ty Dolla $ign - Why Wait
(feat. Thundercat)","Leaked on LEAKED.IS by Luh on Mar. 4, 2021. Presumed to be from 2020 as this is the only time they've ever collaborated as far as the public knows.",,,3/4/2021,Full,HQ,https://pillowcase.su/f/abdd36df769732b78c72205f67aeca6c
It Is What It Is,Unknown [Kendrick Lamar Collaboration],"In a video interview with Japanese fashion brand Neet Tokyo on March 27, 2020, Thundercat explained how it was to work alongside Kendrick Lamar and stated he worked ""a little bit"" on Kendrick's new project. Thundercat is most likely referencing his untitled reference track.",,,,Confirmed,Not Available,https://youtu.be/_SRBK8NuomM
It Is What It Is,Unknown [Mac Miller x Post Malone x Thundercat Collaboration],Producer Frank Dukes confirms Mac Miller x Post Malone x Thundercat exists while drunk,,,,Confirmed,Not Available,https://www.youtube.com/watch?time_continue=334&v=LAkRE7HxxVc&source_ve_path=MjM4NTE&feature=emb_title
"2 Full
0 Tagged
0 Partial
4 Snippet
0 Unavailable",Ongoing,everything post 2020,,,,,,
Ongoing,"Funny Friends
(feat. A$AP Rocky) (prod. Thundercat)
(Until The End)","A collaboration between Rocky and Thundercat said to be titled ""Funny Friends"". The track is said to be Thundercat's song made in 2020 and has vocals from another artist than Rocky which may just be Thundercat.  A snippet leaked on July 30th, 2023 by action bastard.",,,7/30/2023,Snippet,CDQ,https://pillowcase.su/f/4d6fc068ab04d52742c7571ecdcac252
Ongoing,Satellite Space Age Edition,"Was being sold by ATTAM, Has alt inst.",,,,Snippet,CDQ,https://pillowcase.su/f/3d4bfbd03793f1036d450de2fccdf3d9
Ongoing,"A$AP Rocky - Same Problems? [V2]
(feat. Miguel & Lil Yachty) (prod. A$AP Rocky, Tyler, The Creator, Hector Delgado & Thundercat)
(How Many Problems)","After Miguel made a reference track for ""Same Problems?"" which was possibly titled ""How Many Problems"" Rocky took the song for himself. This early version of the song that is owned by Mod is said to feature sample clearance tags all over the song, no first verse, some different lyrics and bars in the verses, big structure changes, more Lil Yachty vocals on the hook, added outro with Rocky vocals, beat switch with production by Tyler, The Creator but it is short at the end and fades away.",,,,Snippet,HQ,https://pillowcase.su/f/4b74ade4201e1574a017747e57329ab1
Ongoing,"JID - Houses [V1]
(feat. 21 Savage, Thundercat(?))
(Surround Sound)","Original version of ""Surround Sound"", featuring a completely different intro aswell as beat-switches into the ""Surround Sound"" beat but no 2nd beat-switch found in the final version. most likely thundercat playing bass at start",,,,Full,CDQ,https://pillowcase.su/f/50abeeaa80f83e0c54ab78af377cd7a6
Ongoing,"JID - Rappity Raps
(feat. Kenny Mason) (prod. Thundercat)",A throwaway from the 'The Forever Story' sessions.,2:40,,,Full,CDQ,https://pillowcase.su/f/78747fa99d9f5d5f28817b7848d192ea
Ongoing,"Mac Miller - Complicated [V1] 
(feat. ???) (prod. Mac Miller, Jon Brion & Thundercat)
(mac4)",Unknown who is featured. Has a Thundercat bass solo and some fills. Previewed by shogani/hell in June and September 2021.,,,"Jun 1, 2021",Snippet,CDQ,"https://pillowcase.su/f/4b2d0769634630ba4debcc300a85d331
https://pillowcase.su/f/d65f2c0d3d97397862d948c0f3bbc5b7 
https://pillowcase.su/f/094170d52c7adf8258e3719deb38421a"
"0 Full
2 Tagged
0 Partial
4 Snippet
1 Unavailable",Unknown,,,,,,,
Unknown,"Anderson Paak -  Board of Trustees
(feat. Thundercat)",,,,,Tagged,CDQ,https://pillowcase.su/f/d59c0e07934b4830ae5aee9c3a506f91
Unknown,???,,,,,Tagged,CDQ,https://pillowcase.su/f/e273e8bf7d4db3492d0bb58eb898b9f0
Unknown,???,Was being sold by ATTAM,,,,Snippet,CDQ,https://pillowcase.su/f/4b521a152af37911c7fc6714a6d87cfc
Unknown,???,Was being sold by ATTAM,,,,Snippet,CDQ,https://pillowcase.su/f/ea642e45ec9fcad2fcf7862b20bff15f
Unknown,???,Was being sold by ATTAM,,,,Snippet,CDQ,https://pillowcase.su/f/328bc4f26f809b21571b860d08857466
Unknown,Thundercat x Katranada,Was being sold by ATTAM,,,,Snippet,CDQ,
Unknown,Mono/Poly x Thundercat Album song,An apparent song from the album,,,,Rumored,Not Available,https://dropbay.net/1Kmr/thundercat.mp3
