Type,Word/Person/Name,Defintion,Link(s)//Other,PFP//Image
,,✨: Notable // ⭐: Best - Outstanding,,
Adjective/Noun,"GB/Fundraisers
(Group Buy)","A group buy is when a song file is bought by the community, via the community members contributing individual amounts of money via discord, until the full price is reached in sort of a fundraiser. Once the goal is reached, the song file is leaked to the public. Usually made through temporary Discord Servers.",,
Adjective/Noun,Insider,Usually means that is someone part of the Artist's production who has actual real files from session folders.,,
Adjective/Noun,Forceleak,Song initially posted to be bought by the community (gb) but suddendly leaks before it even finishes.,,
Adjective/Noun,"PB
(Private Buy, Bought)","Acronym used to indicate a Private Buy, that means the seller directly sends the file/song to someone on a DMs.",,
Adjective/Noun,"Larp
(Larper)","Concept brought initially in the sharty during 2020, which mean't Live Action RolePlay, consisting on basically, what the name said, pretending to be someone you dont as in a roleplay context. But has now turned into a recent slang about pretending to be part off a fandom/interest/community and basically knowing nothing but surface. Usually people who larp, do it to something that's popular on that moment. On this leaks community, it means usually someone who have faked a groupbuy, scammed or pretends to be an Insider.",,
Adjective/Noun,Leaker Tag,"Tag-External sound that is added when some Insider is Hosting a GroupBuy, usually made to snippets before it's fully surfaced.",,
Discord Server,YZYCORD,"Discord server where they mainly announce GroupBuys, Linked on Websites tab.",,
Person,Orpheus,"Owner of YZYCORD, also a trustful source due to being the main host for groupbuys (Not a main leaker itself, just the person who usually promotes servers where it happens).",Discord: @_orpheus_,
Person,OnThatNote,"Youtuber who has been reacting and documenting Ye Leaks on his channel, with also doing usual streams.",,
Person,"yeunrlsd
(YeUnreleased)","User who posts leaks from Ye Tracker onto Youtube, within adding some mockups to them have a great visualizer. A very funny incident that happened, was that one of his videos were ripped and posted onto the first released version of VULTURES 2 (530), which generated hate on it instantly from fans who noticed it.",,
Person,JesusIsKing,"Dude who hosted a GB for JIK versions of City In The Sky, turns out after that he started to hang out with people on the leaks community and also got to be a staff on Temu Tracker and Temu #2 Tracker (SUZYCORD) discord servers. Trustful and a good pal gng",Discord: @jesusisking_yeezy,
Person,Auger,"One of the notable people on the Ye community, has involvement through leakers or actual known Ye collaborators and has been into this community since 2024, he also knows about this tracker!",,
Leaker,"Crave
(Elijah)","Person who usually hosts Groupbuys or Private Buys. known for being one of the Trustful sources for Ye information due to him having contacts with insiders, has a questionable past of scamming roxblox kids for thousands of dollars, being exposed by NoTextToSpeech. Also nuked Temu Tracker server and made ScalderM be out of the leaks community after spreading the hard r in the daily allegations from him in the YZYCORD server",@crave19 (No Leaker Tag),
Leaker,El Gusto,Recent trending leaker who has been hosting few questionable groupbuys like an IAPW bundle. known on YZYCORD. some of the files were later debunked to be a larp.,Leaker Tag: https://pillows.su/f/6da1e178791a1f26db704e4882a70539,
Leaker,"ElijahGives
(TheSource, LilGoblin)",Leaker that was around hosting groupbuys on 2020 - 2022. Unrelated to Crave because of the similar name. Tag consists on repeating the website's name.,Leaker Tag: https://pillows.su/f/500239b98507c667ff0b8d4c55fa290b,
Leaker,GUCCI TUNES,Leaker that is seen on mostly leak.this forums. has a simple tag with an AI TTS spelling it's name.,Leaker Tag: https://pillows.su/f/cdb38919ce18e87df76d9fc5ac07a01f,
Leaker,⭐ MUSIC MAFIA,"Important group of leakers who changed industry of unreleased music, they were around on the internet from 2016 to 2018. They had a Website where people could privately buy their song files they got by hacking big artists emails at the time, but eventually, few people did. Also known for hosting the first groupbuy ever for the song Pressure by Ye (CAN U BE) for 2 BTC, 5000$ at the time.",Leaker Tag: https://pillows.su/f/29f481a5b2e231ebf2c1b2f748a7a7e7,
Leaker,YZYJOHNNY,"Leaker from 2024 - 2025, has been later retired from leaking and just went active on twitter.",Leaker Tag: https://pillows.su/f/236fcb124a35a70ab2eda4de2b7c408a,
Leaker,Waterfalls,"Leaker that was one of the biggest ones during 2022, within releasing multiple Ye grails from the time with also snippets that are still wanted as today. his whereabouts are unknown, but it's estimated he got over 60.000$ on hosted Groupbuys.",Leaker Tag: https://pillows.su/f/2efd4eee25116dcdb5970b5040727bd4,
Leaker,"WorldPremiere
(YoungMoneyHD.com)","Not a Leaker itself, but a radio station that revealed an early version off All Of The Lights on 2010. Tag can be heard at the start.",Leaker Tag: https://pillows.su/f/cae92179019fd340d7bbf669710f4233,
Place,[IMGUR.GG],"Site hosted by Elijah(AKA Crave) that is used for hosting music files. Isnt very limited as it supports every single type of file, you can upload 500mb files, 50gb if you have an account. Design is possibly inspired off cobalt.tools.",imgur.gg,
Place,[PILLOWCASE],"Current website used for file hosting at Ye Tracker and most of Trackers. Very limited compared to IMGUR as it has an upload limit of 200mb unless you pay, and it supports a limited amount of file types.",pillows.su,
Place,TheSource,"An extinct 2020-ish website made specifically for buying and selling that claimed having exclusive material that cannot be found anywhere else.
They stated on their site that, “The Source is not about leaks.
It is a platform that specializes in providing the best and
most secure environment possible"".
Hosted by ElijahGives. DEAD",www.thesource.to,
Place,[FILES.YETRACKER.ORG],"Website that was used from the temu tracker during January 2025 to May 2025, possibly to be more independent from the other trackers, only the editors from that tracker could upload files there, included a threatening message to the YEEZY LLC Team as a way to avoid takedowns. DEAD",files.yetracker.org,
Place,[PIXELDRAIN],Site very used on the Ye Tracker on early 2024. It's still up and it's used on some cases to host .ZIP files.,pixeldrain.com,
Place,[KRAKENFILES],Site used on all the way of 2023. highly popular aswell on the leaks community. went unused due to the DMCA takedowns after.,krakenfiles.com,
Place,[ONLYFILES.IO],Site used on Ye tracker during late 2021 to sometime in 2022. Design was an obvious mimic to OnlyFans. DEAD,onlyfiles.io,
Place,[DBREE] (Revival),"Revival of the same site seen on late 2020 to early 2021 Ye tracker. Nothing else is known nor what was it's design. Was dead and taken down but seemingly, has been bought by external people that now redirect it to another file hosting website.",dbree.org,
Place,[WITO],"Site used on mid 2020, anything else is unknown. DEAD",wi.to,
Place,[CATBOX],Site used on mid 2020. Still up to this day.,files.catbox.moe,
Place,[GOOGLE DRIVE],"Yup, this was used for file hosting on Ye Tracker on early 2020 to mid 2020.
obviously still alive. google itself",drive.google.com,
Place,[MEGA],Site used sometime on 2019-2020 and removed completly on 2021 on the Ye Tracker due to takedowns.,mega.nz,
Place,[DBREE] (Original Iteration),"Now this is when it gets interesting. This was a site used on early Ye Tracker years (Circa 2018 - March 2019). It was also used on a vast majority of trackers on the leaks community but it was shutdown because it reportedly was used to host CP and illegal stuff, so they had to move to another site right after. DEAD",db.ree,
Hitler,Yerlsd,"Copycat who constantly been taking our copies (still copying entries), renaming them and putting in onto an effortless "".lol TrackerArchive"" sheet. Apart from that, been a jerk and toxic to multiple unreleased community members and been banned, even from YZYCORD by past horrid actions. our first Temu Tracker i guess. (His nickname is also a copy of the user yeunrlsd)

As of Oct 4, 2026 he was nuked and kicked out of the Ye leaks comm.",,Justice for yzy
Hitler,BatYe ,"Got clowned on the Temu Tracker after getting exposed for being an homophobe with getting a .PDF leaked about his ""diary journal of thoughts after the faggot-ban from Temu Tracker""  which tells us about his vision about his perfect world... (Included on MISC below)","Gone from the internet, succesfully.",
Hitler,ScalderM,ScalderM says N's in the Daily,https://imgur.gg/f/rincYbQ,
Hitler,LeakLabz,fake asss dave blunts ref track bro :sob:,https://imgur.gg/f/zQEXfHR,
Hitler,YZYCRI/Crisaso,"a member from the Temu Tracker dungeons....
currently dead if you ask for it.",he dead,
Hitler,"Joseph Karre
(Child Rapist)",He's the man across the sea who made the first mass takedown of this shit within almost every copy!,https://drive.google.com/file/d/1nIsvbOrO-cpF9Df-7XsuslUabX1tZlya/view?usp=sharing https://drive.google.com/file/d/1ekUVuOgbgDsZzNWxsVY6QrCs_aN-0qgf/view?usp=sharing,
Hitler,V3 Tracker,"according to crave and derrick milano....... (RUMORED), (GAYKEPT)",You dont have access to it!!!!,https://drive.google.com/file/d/1vXaTWmOKIShaoJ7ionXo4zqU0bquU0Av/view?usp=sharing https://drive.google.com/file/d/1eWK3HUMmwND6GPo4ELkAVbka5jwpv7AY/view?usp=sharing
,Miscellaneous,"Have fun on these random stuff stored right there, taken from trackerhub's discord server or others.",,
Sheet,Why should i be moderator in datchias server,Author: sawduster (EXPLICIT),https://docs.google.com/presentation/d/160tbOQDhKbu0zyJVtyqNFLvorwpDcXZ29N2JrGeWYTk/edit?slide=id.p#slide=id.p,
Sheet,✨ YEDITS MOMENTS,Author: onyx. has +100 pages dedicated to it,https://docs.google.com/presentation/d/1HceY5mjNZW5MxG8o0cJBS8nSC8GhnIofOM5FCnOjDXY/edit,
Sheet,מצבי צבירה,Author: can,https://docs.google.com/presentation/d/1zf_HAavb-TqM2yO5YMU0pNfgzaxZe2Cg9U-L5nEMXiM/edit?usp=sharing,
Sheet,BatYe's Journal of thoughts ,"Author: Batye (EXPLICIT, HAS SLURS.)",https://drive.google.com/file/d/1ub6jC2H5ewUpuS7OFaS3jM56gvtg_XGS/view?usp=sharing,
Sheet,BatYe's Files ,"Author: idk who but some hero who exposed batye (EXPLICIT, HAS SLURS.)",https://docs.google.com/document/d/1cnNUaNmju0sNU7yeKZQplQLgp2ox0EFdZKeSV10k0CM/edit?tab=t.0,