Era,Name,Notes,Designer,Art Type,Image,Project Type,Use,Link(s)
Album Name 1,,,Unknown,Scan,"Art
(To add, select this box, click insert, and insert the picture)",Front Cover,Used,
I Am...,King Tut Prop Sketch,,Dave Cortes / Danny Hastings,Scan,,Concept Art,Concept Art,
Album Name 3,,,,Digital,"Art
(To add, select this box, click insert, and insert the picture)",Booklet,Unused,
God's Son,The Lost Tapes,,,Scan,,Front Cover,Unused,
God's Son,The Lost Tapes,,,Digital,,Front Cover,Used,
Album Name 5,,,,Recreation,"Art
(To add, select this box, click insert, and insert the picture)",Concept Art,Other,
Album Name 6,,,,Photo,"Art
(To add, select this box, click insert, and insert the picture)",Promo Art,Used,