Era,Name,Notes,Date,Type,Currently Available,Quality,Link(s)
"5 Full
0 Tagged
0 Partial
0 Snippet(s)
0 OG File(s)
0 Stem Bounce(s)
0 Unavailable",Illmatic,"(05/??/1991) (Nas records his ""Live At The Barbeque"" verse)
(04/19/1994) (Illmatic officially releases)",,"Following his show-stealing debut in 1991 on Main Source’s track “Live at the Barbeque,” Nas delivered his debut album Illmatic to high praise in 1994. The title was derived from a Queensbridge individual named Illmatic Ice, with “illmatic” being an adjective used to describe something extraordinary. Illmatic had an all-star lineup of East Coast producers; Large Professor, DJ Premier, Pete Rock, Q-Tip, and L.E.S. to provide the boom bap backdrop for Nas to display his “N.Y. State of Mind.” At 20 years old, Nas was praised for his storytelling and flow as he talked about life growing up in the Queensbridge projects.",,,
Illmatic,"MC Serch - Back to the Grill [Music Video]
(feat. Nas, Red Hot Lover Tone & Chubb Rock)","Official music video for ""Back to the Grill"".",,Music Video,Full,High Quality,https://www.youtube.com/watch?v=Zzf0FU41qzc&list=RDZzf0FU41qzc&start_radio=1
Illmatic,The World Is Yours [Music Video],"Official music video for ""The World Is Yours"".",,Music Video,Full,CD Quality,https://youtu.be/e5PnuIRnJW8?si=5iSzONMpqWMg5LWj
Illmatic,Halftime [Music Video],"Official music video for ""Halftime"".",,Music Video,Full,CD Quality,https://www.youtube.com/watch?v=HCDYgZM5yq0
Illmatic,One Love [Music Video],"Official music video for ""One Love"".",,Music Video,Full,CD Quality,https://www.youtube.com/watch?v=hxce_qvhi5I
Illmatic,It Ain't Hard To Tell [Music Video],"Official music video for ""It Ain't Hard To Tell"".",,Music Video,Full,CD Quality,https://youtu.be/3hOZaTGnHU4?si=lXgpSLB6giuMJkaH
"5 Full
0 Tagged
0 Partial
0 Snippet(s)
0 OG File(s)
0 Stem Bounce(s)
0 Unavailable",It Was Written,"(04/19/1994) (Illmatic officially releases)
(07/02/1996) (It Was Written officially releases)",,"Following his 1994 debut album Illmatic, Nas returned two years later with his highly anticipated sophomore album It Was Written. Despite the praise, Illmatic slowly reached platinum status as Nas watched fellow New Yorker The Notorious B.I.G. gain bigger success the same year with his debut Ready To Die a balance of hardcore rhymes and a commercial sound courtesy of producer Puff Daddy. Manager Steve Stoute and production duo The Trackmasters were brought in to try and help Nas with that balance, but the more commercial sound and Nas introducing himself with the mafioso persona Nas Escobar led to criticism at the time",,,
It Was Written,"If I Ruled The World (Imagine That) [Music Video]
(feat. Lauryn Hill)","Official music video for ""If I Ruled The World (Imagine That)"".",,Music Video,Full,CD Quality,https://www.youtube.com/watch?v=mlp-IIG9ApU&list=RDmlp-IIG9ApU&start_radio=1
It Was Written,Street Dreams [Music Video],"Official music video for ""Street Dreams"".",,Music Video,Full,CD Quality,https://www.youtube.com/watch?v=x4NtdEuJ75k&list=RDx4NtdEuJ75k&start_radio=1
It Was Written,"AZ - Mo Money, Mo Murder (Homicide) [Music Video]
(feat. Nas)","Official music video for ""Mo Money, Mo Murder (Homicide)"".",,Music Video,Full,High Quality,https://www.youtube.com/watch?v=MZmtDfcCbiA&list=RDMZmtDfcCbiA&start_radio=1
It Was Written,"Kool G Rap - Fast Life 
(feat. Nas)","Official music video for ""Fast Life"".",,Music Video,Full,CD Quality,https://www.youtube.com/watch?v=zp5EOREHcuY&list=RDzp5EOREHcuY&start_radio=1
It Was Written,"Dr Dre - East Coast/ West Coast Killas 
(with Group Therapy) (perf. RBX, KRS-One, B-Real & Nas) ","Official music video for ""East Coast/ West Coast Killas "".",,Music Video,Full,CD Quality,https://www.youtube.com/watch?v=FsbJSugZPHU&list=RDFsbJSugZPHU&start_radio=1
"4 Full
0 Tagged
0 Partial
0 Snippet(s)
0 OG File(s)
0 Stem Bounce(s)
0 Unavailable","The Album
(Collaboration with Foxy Brown, AZ & Nature as The Firm)","(07/02/1996) (It Was Written officially releases)
(10/21/1997) (The Album officially releases)",,Notes about this era.,,,
The Album,Firm Biz [Music Video],"Official music video for ""Firm Biz""",,Music Video,Full,CD Quality,https://www.youtube.com/watch?v=0F6LGmalibE&list=RD0F6LGmalibE&start_radio=1
The Album,"Phone Tap [Music Video] 
(feat. Dr. Dre)","Official music video for ""Phone Tap"".",,Music Video,Full,CD Quality,https://www.youtube.com/watch?v=tQZUedYu0Hg&list=RDtQZUedYu0Hg&start_radio=1
The Album,"Allure - Head Over Heels [Music Video] 
(feat. Nas)","Official music video for ""Head Over Heels"".",,Music Video,Full,CD Quality,https://www.youtube.com/watch?v=wbNrjVJtPjI&list=RDwbNrjVJtPjI&start_radio=1
The Album,"Mary J. Blige - Love Is All We Need [Music Video]
(feat. Nas)","Official music video for ""Love Is All We Need"".",,Music Video,Full,CD Quality,https://www.youtube.com/watch?v=ZvdtlnV9h7g&list=RDZvdtlnV9h7g&start_radio=1
"4 Full
0 Tagged
0 Partial
1 Snippet(s)
0 OG File(s)
0 Stem Bounce(s)
0 Unavailable","I Am...
(I Am... The Autobiography)","(07/02/1996) (It Was Written officially releases)
(10/21/1997) (The Album officially releases)
(02/08/1999) (Thirteen tracks meant for I Am... The Autobiography leak)
(04/06/1999) (I Am... officially releases)",,"Following the commercial and critical success of his 1996 sophomore album It Was Written, Nas returned with I Am… on April 6, 1999. Initially, he planned to release the album as a double album with the title I Am… The Autobiography, but the album was released as a single album after a number of the songs were leaked onto the Internet, one of the first albums to be bootlegged in this manner.",,,
I Am...,Nas Is Like [Music Video],"Official music video for ""Nas Is Like"".",,Music Video,Full,CD Quality,https://www.youtube.com/watch?v=VC4ORS5n9Hg&list=RDVC4ORS5n9Hg&start_radio=1
I Am...,"Hate Me Now [Music Video] [V1]
(feat. Diddy)","Original version of the ""Hate Me Now"" video shelved due to it's scene of the Diddler being crucified alongside Nas. Is partially lost media; a few clips were shown in a behind the scenes doc.",,Music Video,Snippet,High Quality,https://www.youtube.com/watch?v=4KPuOGXHMnk
I Am...,"Hate Me Now [Music Video] [V2]
(feat. Diddy)","Official music video for ""Hate Me Now"".",,Music Video,Full,CD Quality,https://www.youtube.com/watch?v=dKSJN3WWR3E&list=RDdKSJN3WWR3E&start_radio=1
I Am...,"DMX - Grand Finale [Music Video]
(feat. Ja Rule, Method Man & Nas)","Official music video for ""Grand Finale"".",,Music Video,Full,CD Quality,https://www.youtube.com/watch?v=FFr_wEk6AHc&list=RDFFr_wEk6AHc&start_radio=1
I Am...,"Fat Joe - John Blaze [Music Video] 
(feat. Nas, Big Pun, Jadakiss & Raekwon)","Official music video for ""John Blaze"".",,Music Video,Full,CD Quality,https://www.youtube.com/watch?v=sb-gh6hJr30&list=RDsb-gh6hJr30&start_radio=1
"4 Full
0 Tagged
0 Partial
0 Snippet(s)
0 OG File(s)
0 Stem Bounce(s)
0 Unavailable",Nastradamus,"(04/06/1999) (I Am... officially releases)
(11/23/1999) (Nastradamus officially releases)",,Notes about this era.,,,
Nastradamus,Nastradamus [Music Video],"Official music video for ""Nastradamus"".",,Music Video,Full,CD Quality,https://www.youtube.com/watch?v=IAPY3eimwTw&list=RDIAPY3eimwTw&start_radio=1
Nastradamus,"You Owe Me [Music Video]
(feat. Ginuwine)","Official music video for ""You Owe Me"".",,Music Video,Full,CD Quality,https://www.youtube.com/watch?v=WuAWTZ5jPxY&list=RDWuAWTZ5jPxY&start_radio=1
Nastradamus,"R. Kelly - Did You Ever Think [Music Video]
(feat. Nas)","Official music video for ""Did You Ever Think"".",,Music Video,Full,High Quality,https://www.youtube.com/watch?v=irzNRtf4wo4&list=RDirzNRtf4wo4&start_radio=1
Nastradamus,"Mobb Deep - It's Mine [Music Video]
(feat. Nas)","Official music video for ""It's Mine"".",,Music Video,Full,CD Quality,https://www.youtube.com/watch?v=bFqWsQPmHZE&list=RDbFqWsQPmHZE&start_radio=1
"4 Full
0 Tagged
0 Partial
0 Snippet(s)
0 OG File(s)
0 Stem Bounce(s)
0 Unavailable","Stillmatic
(The Death Of Escobar, Nastalgic)","(11/23/1999) (Nastradamus officially releases)
(Mid 2001) (Stillmatic begins recording)
(12/18/2001) (Stillmatic officially releases)",,"After receiving mixed reviews for his two 1999 albums, I Am… and Nastradamus, as well as receiving a jab from JAŸ-Z on “Takeover,” Nas wanted to make a statement that he was “still illmatic” with the release of his fifth album, Stillmatic. Nas responded to “Takeover” with the soul-burning “Ether,” which has now become a verb in hip-hop circles. He also re-connected with producer Large Professor, who gave Nas his first feature on Main Source’s “Live at the Barbeque” in 1991 and produced tracks on Illmatic",,,
Stillmatic,Got Ur Self A Gun [Music Video],"Official music video for ""Got Ur Self A Gun"".",,Music Video,Full,CD Quality,https://www.youtube.com/watch?v=6YiJH3-Nkb0&list=RD6YiJH3-Nkb0&start_radio=1
Stillmatic,Made You Look [Music Video],"Official music video for ""Made You Look"".",,Music Video,Full,CD Quality,https://www.youtube.com/watch?v=DhPtRA7zieE&list=RDDhPtRA7zieE&start_radio=1
Stillmatic,One Mic [Music Video],"Official music video for ""One Mic"".",,Music Video,Full,CD Quality,https://www.youtube.com/watch?v=JCOURZ-yx4E&list=RDJCOURZ-yx4E&start_radio=1
Stillmatic,"??? 
(We Gonna Make It) ","The beat for ""We Gonna Make It"" by Jadakiss & Styles P was originally made for Nas, but he (most likely) never recorded to it and gave it to Nashawn, who also isn't known to have used it.",,OG,Never Recorded,Not Available,https://www.xxlmag.com/production-credit-alchemist-recalls-shopping-jadakisss-we-gonna-make-it-instrumental/
Stillmatic,"QB Finest - Da Bridge 2001 [Music Video]
(perf. Nas, Mobb Deep, Cormega, Tragedy Khadafi, Capone, Nashawn, Nature & MC Shan)","Official music video for ""Da Bridge 2001"".",,Music Video,Full,CD Quality,https://www.youtube.com/watch?v=8vCJ2G3rFBQ&list=RD8vCJ2G3rFBQ&start_radio=1
Stillmatic,"JÄY-Z - ???
(Ether)","Ron Browz initially gave the ""Ether"" beat to JÄY-Z's camp, who turned it down.",,OG,Never Recorded,Not Available,https://www.youtube.com/watch?v=jhmkElNXXWY&t=505
"3 Full
0 Tagged
0 Partial
0 Snippet(s)
0 OG File(s)
0 Stem Bounce(s)
0 Unavailable","God's Son
(Nastalgia, Nas Writes No More)","(12/18/2001) (Stillmatic officially releases)
(Early 2002) (God's Son begins recording)
(12/13/2002) (God's Son officially releases)",,"Nas sixth studio album, God’s Son, was released during a very trying time in his life. While he was in the middle of the battle with JAŸ-Z, his mother passed away from cancer in April 2002. Both events had an influence on the content of the album—hardcore hip-hop mixed with melancholy music. ",,,
God's Son,Made You Look: God's Son Live,"Concert recorded live at Webster Hall, NYC on December 17, 2002, released on DVD and later on YouTube in 2018.",,Live Performance,Full,CD Quality,https://www.youtube.com/watch?v=ePl_uQ5tquo
God's Son,Made You Look [Music Video],"Official music video for ""Made You Look"".",,Music Video,Full,CD Quality,https://www.youtube.com/watch?v=DhPtRA7zieE
God's Son,I Can [Music Video],"Official music video for ""I Can"".",,Music Video,Full,CD Quality,https://www.youtube.com/watch?v=RvVfgvHucRY&list=RDRvVfgvHucRY&start_radio=1
"4 Full
0 Tagged
0 Partial
0 Snippet(s)
0 OG File(s)
0 Stem Bounce(s)
0 Unavailable",Street's Disciple,"(12/13/2002) (God's Son officially releases)
(07/02/2004) (Street's Disciple misses a release date)
(09/14/2004) (Street's Disciple misses a release date)
(11/30/2004) (Street's Disciple officially releases)",,"Nas seventh studio album, Street’s Disciple, was released as a double album and titled after his first two words on wax from Main Source’s 1991 track “Live at the Barbeque.” The album cover is an adaptation of Leonardo da Vinci’s painting The Last Supper.",,,
Street's Disciple,"Bridging The Gap [Music Video]
(feat. Olu Dara)","Official music video for ""Bridging The Gap"".",,Music Video,Full,CD Quality,https://www.youtube.com/watch?v=hq7z3JBKCTE&list=RDhq7z3JBKCTE&start_radio=1
Street's Disciple,Thief's Theme [Music Video],"Official music video for ""Thief's Theme"".",,Music Video,Full,CD Quality,https://www.youtube.com/watch?v=LNLFPLe1tzI&list=RDLNLFPLe1tzI&start_radio=1
Street's Disciple,"Just A Moment [Music Video]
(feat. Quan)","Official music video for ""Just A Moment"".",,Music Video,Full,CD Quality,https://www.youtube.com/watch?v=_49iKyoQcfs
Street's Disciple,Video Anthology Vol. 1 ,"An album of music videos released alongside ""Illmatic: 10th Anniversary Platinum Edition"", featuring every Nas music video from 1994-2002. Has additional commentary by Nas for each video excluding ""The World Is Yours"".",,Other,Full,High Quality,
"0 Full
0 Tagged
0 Partial
0 Snippet(s)
0 OG File(s)
0 Stem Bounce(s)
0 Unavailable",NASDAQ: Dow Jones,"(11/30/2004) (Street's Disciple officially releases)
(01/23/2006) (Nas signs to Def Jam)",,"In July 2005 Nas said the album was going to come out ""late October, maybe Halloween."" or ""Early November"". When Nas signed to Def Jam in January 2006, the album was shafted in favor of 'Hip-Hop Is Dead'.",,,
NASDAQ: Dow Jones,,,,,,,
NASDAQ: Dow Jones,,,,,,,
"0 Full
0 Tagged
0 Partial
0 Snippet(s)
0 OG File(s)
0 Stem Bounce(s)
0 Unavailable","Hip-Hop Is Dead
(Hip-Hop Is Dead... The N, The N, Nigga, Nigger)","(01/23/2006) (Nas signs to Def Jam)
(12/19/2006) (Hip-Hop Is Dead officially releases)",,"Hip Hop Is Dead is the eighth studio album by Nas, released December 19, 2006, on Def Jam Recordings. His first album for the label, it was co-financed by Nas's previous label, Columbia Records, which once distributed for Def Jam. The album's title was inspired by Nas's view of the music industry and the state of hip hop music at the time. The album features appearances from Nas' then-wife Kelis, Def Jam label-mates Kanye West, JAŸ-Z, and Chrisette Michele, as well as will.i.am, Snoop Dogg, and The Game, among others.",,,
Hip-Hop Is Dead,"???
(prod. DJ Premier)",Nas had plans to use a Preemo beat for this album but never did.,,Throwaway,Never Recorded,Not Available,https://escobartheory.blogspot.com/2006/10/roundup-pt-vi.html?m=1
Hip-Hop Is Dead,,,,,,,
"0 Full
0 Tagged
0 Partial
0 Snippet(s)
0 OG File(s)
0 Stem Bounce(s)
0 Unavailable","Nas
(Nigger, Nigga, Untitled)","(12/19/2006) (Hip-Hop Is Dead officially releases)
(10/13/2007) (Nas announces the album, then titled ""Nigger"")
(06/10/2008) (Nas changes the name to ""Untitled"")
(07/01/2008) (Missed release date)
(07/15/2008) (Nas officially releases)",,"Nas, or as it's most commonly known by, Nigger, is Nas' 9th solo studio album and released on July 7th, 2008. This album is Nas' most controversial in his entire catalogue, mostly down to its original title. Whilst various celebrities and thousands of fans defended the album's title, Nas was not allowed to release it under that name and was forced to change it to a self-titled/untitled album. The album is very political, focusing on both historic and modern day racism, as well as modern American politics, throwing shots at various politicians and TV news networks in tracks such as ""Sly Fox"".",,,
Nas,"???
(prod. DJ Premier)",Preemo gave Nas a beat for Untitled that Nas didn't end up using.,,Throwaway,Never Recorded,Not Available,https://web.archive.org/web/20091019093805/http://www.hiphopdx.com/index/news/id.8364/title.dj-premier-talks-rejected-beats-recreating-illmatic-line-up
Nas,Unknown [Bishop Lamont Collaboration],"Bishop mentioned that Mark Batson was trying to make a collaboration between him and Nas happen, and Nas already gave his blessing. Mark Batson mentioned in a live that this was supposed to happen but never ended up happening.",,Feature,Never Recorded,Not Available,
"0 Full
0 Tagged
0 Partial
0 Snippet(s)
0 OG File(s)
0 Stem Bounce(s)
0 Unavailable","Distant Relatives
(Collaboration with Damian Marley)","(07/15/2008) (Nas officially releases)
(05/18/2010) (Distant Relatives officially releases)",,Notes about this era.,,,
Distant Relatives,,,,,,,
Distant Relatives,,,,,,,
"0 Full
0 Tagged
0 Partial
0 Snippet(s)
0 OG File(s)
0 Stem Bounce(s)
0 Unavailable",Life Is Good,"(07/15/2008) (Nas officially releases)
(Early 2011) (Life Is Good begins recording)
(07/12/2012) (Life Is Good officially releases)",,"While breakups, personal struggles and tragedy can be painful events in our lives, they also bring opportunities for new beginnings and critical introspection, they also make great songwriting material. Life is Good is Nas' tenth studio album (his third under his deal with Def Jam) and features a man fresh off his divorce from Kelis, a man who has grown from the experience and is content with how things have gone since then, enough so as to have his ex-wife’s wedding dress symbolically featured on the album cover",,,
Life Is Good,,,,,,,
Life Is Good,,,,,,,
"0 Full
0 Tagged
0 Partial
0 Snippet(s)
0 OG File(s)
0 Stem Bounce(s)
0 Unavailable",Hiatus Era,"(07/12/2012) (Life Is Good officially releases)
(04/23/2018) (Kanye announces that he is executive producing Nas' next album)",,"By Summer 2016, Nas collab album with Swizz Beatz had finished which was recorded in a week. By late 2016 Nas own album was 75 - 85% finished. Nas announced multiple times throughout 2017 that the album would drop that year. Even after NASIR dropped, Nas still said that the album would come out In 2018. ""No Bad Energy"" and ""Adult Flim"" from The Lost Tapes 2 we're from the Swizz Beatz album and ""Jarreau of Rap"" and ""QueensBridge Politics"" from The Lost Tapes 2 we're from the Nas Solo album.",,,
Hiatus Era,,,,,,,
Hiatus Era,,,,,,,
"0 Full
0 Tagged
0 Partial
0 Snippet(s)
0 OG File(s)
0 Stem Bounce(s)
0 Unavailable",NASIR,"(11/30/2016) (Kanye West is released from UCLA Medical Hospital)
(04/23/2018) (Kanye announces that he is executive producing Nas' next album)
(06/15/2018) (NASIR officially releases)",,"NASIR is the eleventh studio album by legendary rapper Nas, released on June 15, 2018. Its premiere was livestreamed underneath the Queensboro Bridge in Queens, New York, where Nas is from. Nas hasn’t released an album since 2012’s Life Is Good, making this his first release after a six-year hiatus.",,,
NASIR,,,,,,,
NASIR,,,,,,,
"0 Full
0 Tagged
0 Partial
1 Snippet(s)
0 OG File(s)
0 Stem Bounce(s)
0 Unavailable","King's Disease
(Collaboration with Hit-Boy)","(06/15/2018) (NASIR officially releases)
(Late 2019) (King's Disease starts recording)
(08/21/2020) (King's Disease officially releases)",,"King’s Disease is Nas thirteenth studio album. The title refers to Gout, otherwise known as the “Disease of Kings” due to its association with gluttony and alcoholism. The project features prominent production and songwriting from Hit-Boy, Nas first teased the new record via Instagram on August 10, 2020, saying that he and Hit-Boy had been trying to collaborate “for years.” Nothing from their previous efforts officially dropped until July 2019’s The Lost Tapes 2.",,,
King's Disease,"Cobaine Ivory - Heaven 
(prod. Cobaine Ivory)
(3rd Childhood)","Sample sent to DJ Premier for the production of Light-Years, used in 3rd Childhood. Made in 2019.",,OG,Snippet,CD Quality,https://www.instagram.com/p/DSpgBEXGJ5q/
King's Disease,,,,,,,
"0 Full
0 Tagged
0 Partial
0 Snippet(s)
0 OG File(s)
0 Stem Bounce(s)
0 Unavailable","King's Disease II
(Collabortion with Hit-Boy)","(08/21/2020) (King's Disease officially releases)
(Summer 2021) (King's Disease 2 begins recording)
(08/06/2021) (King's Disease II officially releases)",,"King’s Disease II is the thirteenth studio album by Nas, released on August 6, 2021. The album serves as the sequel to his August 2020 Grammy-winning album, King’s Disease. The project was first announced on July 29, 2021, via an Instagram post revealing the album’s title, cover art, and release date. Five days later, on August 3, the full tracklist was unveiled.",,,
King's Disease II,,,,,,,
King's Disease II,,,,,,,
"0 Full
0 Tagged
0 Partial
0 Snippet(s)
0 OG File(s)
0 Stem Bounce(s)
0 Unavailable","King's Disease III / Magic 2 / Magic 3
(Collabortion with Hit-Boy)","(12/24/2021) (Magic officially releases)
(11/11/2022) (King's Disease III officially releases)
(07/21/2023) (Magic 2 officially releases)
(09/14/2023) (Magic 3 officially releases)",,"As it is extremely difficult to differentiate King's Disease III, Magic 2 and Magic 3 entries due to how close together they are made, the three projects will be condensed into this single era.",,,
KD III / Magic 2 / Magic 3,,,,,,,
KD III / Magic 2 / Magic 3,,,,,,,
"0 Full
0 Tagged
0 Partial
1 Snippet(s)
0 OG File(s)
0 Stem Bounce(s)
0 Unavailable","Light-Years
(Collaboration with DJ Premier)
(Fuck A Title, Hip Hop Is Alive, Finally)","(09/14/2023) (Magic 3 officially releases)
(04/19/2024) (Define My Name releases as a single)
(12/12/2025) (Light-Years officially releases)",,"Light-Years is the highly-anticipated collaborative album between rapper Nas and record producer DJ Premier. It originally started work in January 2006 and devolopment was on and off until the mid 2010's. Inbetween this time period at least 7 tracks were completed. In early 2024, the album recieved way more focus and was worked on a lot more with it eventually releasing on December 12, 2025 through Nas' independent record label, Mass Appeal Records.",,,
Light-Years,"Cobaine Ivory - Quick
(prod. Cobaine Ivory)
(Welcome To The Underground)","Original sample for ""Welcome To The Underground, sent to Premier for the production of Light-Years.",,OG,Snippet,CD Quality,https://www.instagram.com/p/DSXgBzNlKuo/
Light-Years,,,,,,,