Era,Name,Notes,Track Length,File Date,"Leak
Date",Type,Portion,Quality,Link(s)
NASIR,"Kanye West - Mandalay [V1]
(ref. Ant Clemons & Jeremih) (prod. Kanye West)
(I Can Explain)","Version with an Ant Clemons and Jeremih hook and no Nas vocals. Likely done alongside ""Good Morning"". Samples ""Hospital Prelude Of Love Theme"" by Willie Hutch. Snippet leaked September 29th, 2026. It's unknown when exactly this version was made.",?:??,2017-2018,"Sep 29, 2026",Ref Track,Snippet,CD Quality,https://imgur.gg/f/PfzZUkw
NASDAQ: Dow Jones,"Kanye West - Ghetto Love [V2]
(feat. The WRLDFMS Tony Williams) (prod. Kanye West)
(Everything I Love)","Original version of ""Everything I Love"" by Diddy. Has fully finished Kanye and Tony Williams vocals that were cut from release.",?:??,,"Aug 12, 2026",OG,Snippet,CD Quality,https://pillows.su/f/02d2370f5b803c17c759df98f1091e85
NASDAQ: Dow Jones,"Kanye West - Ghetto Love [V1]
(prod. Kanye West)
(Everything I Love)","Original mumble freestyle. Thought to be a reference for Diddy but this was proven false when it was revealed that the song started off as Kanye's. According to Ervin Pope, Diddy was in the same session as Kanye when he started working on Ghetto Love.",?:??,,"Jul 4, 2026",Demo,Snippet,Recording,https://pillows.su/f/ce79ebe70375b26eaf6da070c182c96e
LP18,"???
(with IDK)",Previewed by IDK in May 2026 along with photos from that session. Unknown whose song it is.,?:??,May 2026,"May 22, 2026",Unknown,Snippet,Recording,"https://pillows.su/f/7ea73eac8b832a112825446af3703cf3
https://x.com/IDK/status/2057860532208865645"
Hiatus Era,"???
(feat. THE-DREAM) (prod. Swizz Beatz)","Hitatus era throwaway, was likely made for the Swizz Beatz and Nas collaboration. Samples Paradise by Sade.",?:??,,"Apr 6, 2026",Throwaway,Snippet,Recording,https://pillows.su/f/2a34ac9c6f54e5fcc538e90a21a46fcd
It Was Written,"Mobb Deep - Eye For An Eye [V1]
(prod. Havoc)
(Eye For A Eye (Your Beef Is Mines))","Has a different Prodigy verse that is also heard on the song ""Take It In Blood"" (unrelated to the Nas track of the same name released around this time) which was an unreleased track from 'The Infamous' sessions that later released on 'The Infamous Mobb Deep'. Completely open aside from the hook and Prodigy's verse. For some reason, the hook vocals and verse vocals overlap for a few bars at the beginning and end of his verse, making it very hard to listen to. Was bounced digitally in 2013 during the making of 'The Infamous Mobb Deep', and this file was later leaked in a mass Box leak from The Engine Room recording studios in NYC in 2026. Technically HQ, but is a horrible tape rip.",5:02,1994,"Mar 14, 2026",Demo,Full,Lossless,https://pillows.su/f/50ba8523f9d558bd642cc81fdab162de
It Was Written,"Mobb Deep - Eye For An Eye [V2]
(prod. Havoc)
(Eye For A Eye (Your Beef Is Mines))","Has an earlier take of Prodigy's verse from the released version over the earlier instrumental. Completely open aside from the hook and Prodigy's verse. Was bounced digitally in 2013 during the making of 'The Infamous Mobb Deep', and this file was later leaked in a mass Box leak from The Engine Room recording studios in NYC in 2026. Technically HQ, but is a horrible tape rip.",5:02,1994,"Mar 14, 2026",Demo,Full,Low Quality,https://pillows.su/f/94f495e80523ba52e41b223cc676a4a1
It Was Written,"🗑️ Mobb Deep - Eye For An Eye [V4]
(feat. Nas & Raekwon) (prod. Havoc)
(Eye For A Eye (Your Beef Is Mines))","Has a completely different Prodigy verse that is also heard on the song ""Lifestyles Of The Infamous"" (which Havoc's verse from this track is also heard on), which was an unreleased track from 'The Infamous' sessions that later released on a reissue of the album. Has an additional Havoc verse as the outro. For some reason, a second verse from Prodigy, which is also heard on the song ""Bloodshed & War"" by Da Youngsta's, overlaps Havoc's first verse. The instrumental is more similar to the released version but retains elements of the original. Has overlapping vocals in some parts (including the overlapping Prodigy and Havoc verses) and atrocious mixing on Nas' verse, making it very hard to listen to. Was bounced digitally in 2013 during the making of 'The Infamous Mobb Deep', and this file was later leaked in a mass Box leak from The Engine Room recording studios in NYC in 2026. Technically HQ, but is a horrible tape rip.",6:22,1994,"Mar 14, 2026",Demo,Full,Low Quality,https://pillows.su/f/0e5bf00556ac7ef4f091072e54b90503
It Was Written,"Mobb Deep - Eye For An Eye [V6]
(feat. Nas & Raekwon) (prod. Havoc)
(Eye For A Eye (Your Beef Is Mines))",Identical to the previous version but has Prodigy's verse from the released version and no overlapping Prodigy vocals during Havoc's first verse.,6:22,1994,"Mar 14, 2026",Demo,Full,Lossless,https://pillows.su/f/c2d24d120663ae55e9dd22f64869f2d7
Nastradamus,"Mobb Deep - U.S.A (Aiight Then) [V1]
(feat. Nas) (prod. Epitome, Shamello & Buddah)","OG Filename: DAT 35 TRK 10 Aiight Then ft Nas
Nas was originally on U.S.A. but was removed for unknown reasons.",4:31,,"Mar 14, 2026",OG,OG File,Lossless,https://pillows.su/f/190506d6a44973c34a997aa6b81aabe2
Hiatus Era,"Jahlil Beats - Keep Talkin' That Shit [V2]
(ref. ???) (feat. French Montana, Dave East & Nas) (prod. Jahlil Beats & Automatik Beatz)","OG Filename: 2.keep talkin that shit ft. french montana x dave x nas (rough)
Originally leaked as a snippet in 2022. Track #2 on an unreleased album by Jahlil Beats from 2018 that ended up leaking in a mass Box leak from Roc Nation in 2026. The song's hook is a reference for Swizz Beatz done by who we only know as SirRenderFilms on YouTube, as confirmed by him and the track's co-producer Automatik Beatz.",4:05,2016,"Mar 14, 2026",Feature,OG File,CD Quality,https://pillows.su/f/64510daf10c1c67439871a3d94933bcf
King's Disease,"Belly - Die For It [V2]
(feat. The Weeknd) (prod. DaHeala & The ANMLS)","OG Filename: Belly _ Die For it _ Ptv1 & 01 Belly _ Die For it _ Ptv1
Alternative mix.",2:29,"Oct 11, 2019","Mar 14, 2026",OG,OG File,CD Quality,"https://pillows.su/f/ab5ebf43521392b1933f2462286638d3
https://pillows.su/f/75fd5fcc0cbe287778a119aa7d075610"
King's Disease,"Belly - Die For It [V3]
(feat. The Weeknd) (prod. DaHeala & The ANMLS)","OG Filename: 3 Die For it_ft Abel_Ptv2
Another alternative mix.",2:29,"Nov 26, 2019","Mar 14, 2026",OG,OG File,CD Quality,https://pillows.su/f/1f9985d8fe571820d1f7c1c69620ec8e
King's Disease II,"Belly - Die For It [OG File]
(feat. The Weeknd & Nas) (prod. DaHeala, The ANMLS & Skinny)","OG Filename: 08. DIE FOR IT (MAIN) HRA SING MASTER & 08. DIE FOR IT (MAIN) SING MASTER
OG file for release.",3:19,"May 18, 2021","Mar 14, 2026",OG File,OG File,Lossless,"https://pillows.su/f/cf14825340abb7501d8a5d6c23955da7
https://pillows.su/f/37efcf41c567fdc736656770ce655a33"
LP18,"Big L - u aint gotta chance [OG File]
(feat. Nas) (prod. G Koop, 2one2, Al Hug & Mike Heron)","OG Filename: _u aint gotta chance MAIN 24bit FINAL 9 18 25
OG file for the explicit mix of ""u aint gotta chance"" from Big L's posthumous album 'Harlem's Finest: Return Of The King', which was released as part of the 'Legend Has It' rollout. Leaked in a mass Box leak from The Engine Room recording studios in NYC.",2:48,"Sep 18, 2025","Mar 14, 2026",OG File,OG File,Lossless,https://pillows.su/f/37243c0f91ec46fcb6a803c57bcc1ac6
LP18,"Big L - u aint gotta chance [Dolby Atmos Mix OG File]
(feat. Nas) (prod. G Koop, 2one2, Al Hug & Mike Heron)","OG Filename: Big L_U aint Gotta Chance MAIN_ATMOS Binaural.BIN
OG file for the Dolby Atmos mix of ""u aint gotta chance"" from Big L's posthumous album 'Harlem's Finest: Return Of The King', which was released as part of the 'Legend Has It' rollout. Leaked in a mass Box leak from The Engine Room recording studios in NYC.",2:48,,"Mar 14, 2026",OG File,OG File,Lossless,
LP18,"Big L - u aint gotta chance [Clean OG File]
(feat. Nas) (prod. G Koop, 2one2, Al Hug & Mike Heron)","OG Filename: _u aint gotta chance CLEAN 24bit FINAL 9 18 25
OG file for the clean mix of ""u aint gotta chance"" from Big L's posthumous album 'Harlem's Finest: Return Of The King', which was released as part of the 'Legend Has It' rollout. Leaked in a mass Box leak from The Engine Room recording studios in NYC.",2:48,"Sep 18, 2025","Mar 14, 2026",OG File,OG File,Lossless,
LP18,"De La Soul - Run It Back!! [Dolby Atmos Mix OG File]
(feat. Nas) (prod. De La Soul & Supa Dave West)","OG Filename: De La Soul_Run It Back MAIN_ATMOS MIX_MBC_Engine Room Audio_03 04 26 - Binaural-48KHz.wav
OG file for the Dolby Atmos mix of ""Run It Back!!"" from De La Soul's album 'Cabin In The Sky', which was released as part of the 'Legend Has It' rollout. Leaked in a mass Box leak from The Engine Room recording studios in NYC.",3:30,"Mar 4, 2026","Mar 14, 2026",OG File,OG File,Lossless,https://pillows.su/f/f84452ce35a5b1dd5faf7be3a8266841
LP18,"Ghostface Killah - Love Me Anymore [OG File]
(feat. Nas) (prod. J-Black)","OG Filename: 15_LoveMeAnymore_4824-REF_22Jul2025
OG file for the explicit mix of ""Love Me Anymore"" from Ghostface Killah's album 'Supreme Clientele 2', which was released as part of the 'Legend Has It' rollout. Leaked in a mass Box leak from The Engine Room recording studios in NYC.",2:49,"Jul 22, 2025","Mar 14, 2026",OG File,OG File,Lossless,https://pillows.su/f/986a6925c1bfab4a94e8e7946d081498
LP18,"Mobb Deep - Pour The Henny [V2]
(feat. Nas) (prod. Havoc)","OG Filename: Pour The Henny MAIN 24bit FINAL  5 19 25
Earlier mix. Leaked in a mass Box leak from The Engine Room recording studios in NYC.",4:15,"May 19, 2025","Mar 14, 2026",OG,OG File,Lossless,https://pillows.su/f/78b1ba60fbe99240d01cba2f78263c0d
LP18,"Mobb Deep - Pour The Henny [OG File]
(feat. Nas) (prod. Havoc)","OG Filename: Pour the Henny MAIN 24bit FINAL 8 4 25
OG file for the explicit mix of ""Pour The Henny"" from Mobb Deep's album 'Infinite', which was released as part of the 'Legend Has It' rollout. Leaked in a mass Box leak from The Engine Room recording studios in NYC.",4:15,"Aug 4, 2025","Mar 14, 2026",OG File,OG File,Lossless,https://pillows.su/f/e4787aafc9c8b7095f5f527bec45e334
LP18,"Mobb Deep - Pour The Henny [Clean OG File]
(feat. Nas) (prod. Havoc)","OG Filename: Pour the Henny CLEAN 24bit FINAL 8 4 25
OG file for the clean mix of ""Pour The Henny"" from Mobb Deep's album 'Infinite', which was released as part of the 'Legend Has It' rollout. Leaked in a mass Box leak from The Engine Room recording studios in NYC.",4:15,"Aug 4, 2025","Mar 14, 2026",OG File,OG File,Lossless,https://pillows.su/f/581eb6d9fdc61c18314e921ddca9fef4
LP18,"Mobb Deep - Love The Way (Down For You PT2) [OG File]
(feat. Nas & H.E.R.) (prod. Havoc)","OG Filename: 14. Love The Way MAIN 24bit FINAL 8 26 25 
OG file for the explicit mix of ""Love The Way (Down For You PT2)"" from Mobb Deep's album 'Infinite', which was released as part of the 'Legend Has It' rollout. Leaked in a mass Box leak from The Engine Room recording studios in NYC.",3:44,"Aug 26, 2025","Mar 14, 2026",OG File,OG File,Lossless,https://pillows.su/f/e46326fb4bcc19c92770475fdae66f5f
LP18,"Raekwon - The Omerta [OG File]
(feat. Nas) (prod. Nottz)","OG Filename: 13. The Omerta MAIN 24bit FINAL 6 27 25
OG file for the explicit mix of ""The Omerta"" from Raekwon's album 'The Emperor's New Clothes', which was released as a part of the 'Legend Has It' rollout. Leaked in a mass Box leak from The Engine Room recording studios in NYC.",3:18,"Jun 27, 2025","Mar 14, 2026",OG File,OG File,Lossless,https://pillows.su/f/8d4169afc47c5a016b857ff12c466642
LP18,"Raekwon - The Omerta [Clean OG File]
(feat. Nas) (prod. Nottz)","OG Filename: 13. The Omerta CLEAN 24bit FINAL 6 27 25
OG file for the clean mix of ""The Omerta"" from Raekwon's album 'The Emperor's New Clothes', which was released as a part of the 'Legend Has It' rollout. Leaked in a mass Box leak from The Engine Room recording studios in NYC.",3:18,"Jun 27, 2025","Mar 14, 2026",OG File,OG File,Lossless,https://pillows.su/f/8822a2685c3998d62421195eedd24357
LP18,"Raekwon - The Omerta - Original [OG File]
(feat. Nas) (prod. Nottz)","OG Filename: The Omerta MAIN 24bit FINAL 6 18 25
OG file for the explicit mix of ""The Omerta - Original"", which was initially leaked as it was accidentally uploaded to social media instead of the released version, but was later released on the 'Feature Presentation 2025' compilation album. Leaked in a mass Box leak from The Engine Room recording studios in NYC.",3:18,"Jun 18, 2025","Mar 14, 2026",OG File,OG File,Lossless,https://pillows.su/f/2305d7e43427b8be2b4332e059463b26
LP18,"Raekwon - The Omerta - Original [Clean OG File]
(feat. Nas) (prod. Nottz)","OG Filename: The Omerta CLEAN 24bit FINAL 6 18 25
Clean mix of ""The Omerta - Original"", which was never released even though the explicit mix of the track was. Leaked in a mass Box leak from The Engine Room recording studios in NYC.",3:18,"Jun 18, 2025","Mar 14, 2026",Remix,OG File,Lossless,https://pillows.su/f/c5b371b9867aaec0fd40509aa5aae28d
KD III / Magic 2 / Magic 3,"Blue Bentley [V1]
(feat. Travis Scott) (prod. Hit-Boy)","Early version of ""Blue Bentley"" with rougher mixing, alternate Nas vocals and a cut Travis Scott feature.",?:??,,"Dec 15, 2025",Demo,Snippet,CD Quality,https://pillows.su/f/f47bc8da11cf0b9cf26bf410c981b563
Hiatus Era,"Ms. Lauryn Hill - ???
(feat. Nas)","Track was played during Lauryn Hill's Montreal stop of her ""Artist In Residence"" tour. Only a Nas verse was played. Unknown era exactly but it sounds modern so it'll be placed in this era for now.",?:??,,"Dec 3, 2025",Feature,Snippet,Recording,https://pillows.su/f/eab227840e62e3e7a005dda884de8704
Life Is Good,"Kanye West - Awesome [V1]
(feat. Beyoncé) (prod. Hit-Boy)
(No Tears)","OG Filename: Kanye West - Awesome Ruff 2.1.11
In a Jimmy Kimmel interview, Kim Kardashian says that Kanye played her a version that was made during the Watch The Throne sessions. Has completely different production compared to later versions and a female background vocalist, believed to be Beyoncé. Beat was later reused for ""No Tears"" on Magic 3. Later versions of this song can be found on yetracker.net, they will not be listed here to avoid flood.",4:38,"Feb 1, 2011","Apr 26, 2025",OG,OG File,Lossless,
Hiatus Era,"🏆 Believe [V1]
(prod. Taz Arnold & Flying Lotus)
(Falsehood)","Uses the same instrumental as ""Falsehood"" by Kendrick Lamar, a 'To Pimp A Butterfly' throwaway from early 2015. Unknown if it features Kendrick but it likely does not. Owned by GucciTunes and was planning to be sold in 2023 but fell through. Also offered as a Kendrick GB bonus.",?:??,2014,"Apr 6, 2025",OG,Snippet,CD Quality,https://pillows.su/f/d8dda5a2acf5786e135029705ff7541a
God's Son,"🏆 Crabs In A Barrel
(Crabs In The Barrel)","Track #2 on an early tracklist for 'God's Son'. Owned by GucciTunes and said to be completely finished. In an interview with Murder Dog, it is said that the track features storytelling and lyrics that make you visualise it in great detail. First snippet leaked March 23rd, 2023, with a longer snippet leaking April 5th, 2025.",2:44,2002,"Apr 5, 2025",Throwaway,Snippet,CD Quality,"https://pillows.su/f/7b9b3acadf075b6823a0baaf0dced4c9
https://web.archive.org/web/20070522064734/https://www25.brinkster.com/laza22/prikaz.asp?id=168&tabela=vesti
https://web.archive.org/web/20050207142356/http://www.murderdog.com/archives/nas/Nas_interview.html"
God's Son,"Hungry
(feat. ???)",Song from 2002 owned by GucciTunes. Has an unknown feature on the chorus.,?:??,2002,"Apr 5, 2025",Throwaway,Snippet,CD Quality,https://pillows.su/f/a3aa14835a0b65232671215d92d35dc6
God's Son,Nobody Move,Song from 2002 owned by GucciTunes.,?:??,2002,"Apr 5, 2025",Throwaway,Snippet,CD Quality,https://pillows.su/f/856eb93cc5d9211c5e790f68b2a8f575
Life Is Good,"Slow Movin'
(Platinum Pioneer)","'Life Is Good' era throwaway made around 2010. Snippet leaked April 5th, 2025. Was being sold by Max.",?:??,2010,"Apr 5, 2025",Throwaway,Snippet,CD Quality,https://pillows.su/f/b16036dd0b038fe74b1c7abbe1e8dfa5
Life Is Good,"Padded Room [V1]
(prod. Boi-1da, Jordan Evans & Matthew Burnett)
(Trust)","Original version of the iTunes bonus track ""Trust"". Has a completely different hook.",?:??,2011,"Apr 5, 2025",OG,Snippet,CD Quality,https://pillows.su/f/7daa4a122c9b2035e88bb234c45fc746
Life Is Good,"⭐ No Such Thing As White Jesus [V2]
(feat. Frank Ocean) (prod. Hit-Boy)
(No White Jesus, Royalty)","OG Filename: No Such Thing As White Jesus_ Ref Verses
The original version of ""Royalty"" from 'The Lost Tapes 2', with Frank Ocean doing the parts eventually done by RaVaughn on the released version. Has an intro from Frank that was cut from release, alternate hook lyrics about Christianity and white Jesus that were likely changed due to its controversy, alternate production and worse mixing. Leaked after a successful groupbuy.",5:02,"Aug 3, 2011","Apr 3, 2025",OG,OG File,Lossless,https://pillows.su/f/a37bc2bd2a003d3f86dcd2d9534c25cc
Hiatus Era,"???
(prod. Timbaland)",Snippet of a hiatus era throwaway with Timbo prod.,?:??,,"Mar 7, 2025",Throwaway,Snippet,High Quality,https://pillows.su/f/e4da288ff53a384dfe6473a375ebe5fd
Hiatus Era,"Freddie Gibbs - Cell [V1]
(prod. Madlib)
(JGB)",Samples a WIRED interview with Steve Lacy. Leaked for free as an apology for a scam by Mario Kart.,4:51,,"Feb 10, 2025",Throwaway,Full,CD Quality,https://pillows.su/f/2e0b3d46d389235a621372213c490005
NASIR,"Kanye West - Good Morning [V1]
(ref. Ant Clemons & Jeremih) (prod. Caroline Shaw)
(Piano Chop New, Chakras, Selah, The Chakra, I Love It (Remix))","OG FIlename: GOOD MORNING ANT JERIMIH KW
Was previously thought to be a standalone Ant song later given to Kanye, but this is incorrect. The song was recorded to help Kanye get an idea for his own version.",1:55,2017-2018,"Nov 14, 2024",Ref Track,OG File,CD Quality,https://imgur.gg/f/0kmHLRv
NASDAQ: Dow Jones,"Kanye West - You Again [V1]
(ref. The WRLDFMS Tony Williams) (prod. Kanye West, Warryn Campbell & Jon Brion)
(We Major)","OG Filename: YouAgain
Tony Williams reference track. Has different drums and some synths not present in the released version.",4:18,,"Jul 31, 2024",Ref Track,OG File,CD Quality,https://pillows.su/f/596e45e85bf3cf7e1790daf66e9e0747
King's Disease II,"Big Sean - Poor Sportsmanship 
(feat. Nas) (prod. Hit-Boy)","Nas, Big Sean, and Hit-Boy had a studio session together in Summer 2021, so this song is likely from that session.",3:40,,"Jul 17, 2024",Feature,Full,High Quality,https://pillows.su/f/6e4418fe36258adedd005a5051326974
Nas,"Dr. Dre - Topless [V2]
(feat. Sly Pyper) (prod. DJ Khalil)","OG Filename: Topless (Dre) V1 Doc Version
Has a completely different Dre verse as well as one different line in the hook. Sly's hook is slightly different than other versions. From late 2007. Leaked by Mario Kart.",1:40,2007,"Jun 7, 2024",OG,Full,High Quality,https://pillows.su/f/16c2c643cb75585571ce2cf2d0d82829
NASIR,"Piano Chop New [V2]
(ref. Kanye West) (feat. THE-DREAM) (add. Caroline Shaw) (prod. Caroline Shaw & BoogzDaBeast)
(Chakras, I Love It (Remix), Selah, The Chakra, Good Morning)","Seen an early tracklist for Nas's album NASIR tweeted by Kanye on June 13th, 2018. Has more THE-DREAM vocals not heard in any later version. Filename of the instrumental bounce indicates that this was intended for NASIR. Instrumental bounce dated June 13, 2018 with the extra THE-DREAM vocals cut was also present in the 2018 GAJ sessions. Now has added drums from BoogzDaBeast over the initial Caroline Shaw version. This version has Ye mumble freestyling on the file. Unknown if it was a reference for Nas or not but it was his song, and a similar thing allegedly occured with the original versions of ""Not For Radio"".",?:??,Jun 2018,"Jun 4, 2024",Demo,Snippet,Recording,https://imgur.gg/f/Ps23ucI
NASIR,"Kanye West - Bad People [V9]
(prod. Kanye West, BoogzDaBeast & Noah Goldstein)
(White Label)","OG Filename: Bad People REF 6.14.18
Last known Kanye version of the track. Has only unfinished Kanye vocals, and has more than any other version, having two additional verses. Kanye raps in the perspective of a misguided child with a troubled family commiting a school shooting. Bounced the day before NASIR released, likely a rebounce.",3:40	,"Jun 14, 2018","May 29, 2024",Demo,OG File,High Quality,https://pillows.su/f/deea27eab8ef8eb83bf3d739dda01da2
NASIR,"Bad People [V10]
(prod. Kanye West, BoogzDaBeast & Noah Goldstein)
(White Label)","OG Filename: Bad People BOUNCE 6.14.18
Has rougher mixing and some open sections. Bounced the day before NASIR released. Leaked after a groupbuy.",3:40	,"Jun 14, 2018","May 29, 2024",Demo,OG File,High Quality,https://pillows.su/f/ad2638dfb9523df9b3c2d71aed352177
The Album,"Creep
(perf. AZ) (feat. Ameer) (prod. Dr. Dre)",Full version was posted on YouTube after years of the tagged snippet circulating.,2:04,1997,"May 1, 2024",Throwaway,Full,High Quality,https://pillows.su/f/0f339014e785382a8499c0825b8da04b
NASIR,"Bon Iver - Bastard Child
(prod. Justin Vernon & Francis and the Lights)","OG Filename: Bastard Child (Made this week from jams and sampled)
Unreleased Bon Iver song that is sampled on ""Simple Things"", made during the Love Everyone sessions.",1:44,"Mar 8, 2018","Jan 30, 2024",Other,OG File,CD Quality,
NASIR,"Kanye West - Bad People [V7]
(ref. Malik Yusef) (feat. Bon Iver)
(White Label)","OG Filename: Bad People Verse 2
Second Malik Yusef voice memo reference track.",1:07,"May 28, 2018","Oct 29, 2023",Ref Track,OG File,Recording,https://pillows.su/f/63d1e16407a35cf3e6a3517b4de7e8a6
NASIR,"Kanye West - Everything [V1]
(feat. THE-DREAM) (prod. Kanye West)","OG Filename: Everything REF (5.12.18)
First version, when it was originally Kanye's song. The beat is just the sample looped. Has mumble Ye and THE-DREAM vocals. At the beginning of the file, you can hear someone turning off their iPhone. Original snippet leaked November 18th, 2022.",3:23,"May 12, 2018","Oct 29, 2023",Demo,OG File,Lossless,https://pillows.su/f/bad9a70910c60bae0a9d491471e01315
NASIR,"Kanye West - Cops Shot The Kid [V2]
(prod. Kanye West)","Charlamagne confirmed that a solo Kanye version of the track existed, along with another song off Nas' NASIR album. Small snippet can be heard in the 500 Days In UCLA documentary.",?:??,,"Sep 24, 2023",Demo,Snippet,Recording,https://pillows.su/f/799cf1a332c039b476aa8cf5d323d09e
NASIR,"Kanye West - Simple Things [V1]
(prod. Kanye West & Justin Vernon)
(Finding Forever)","Solo Kanye version with some mumble, is featured in the unreleased documentary 500 Days In UCLA. Nas would reuse Ye's hook for his version of the song.",?:??,,"Sep 24, 2023",Demo,Snippet,Recording,https://pillows.su/f/3c8a00985c8674670b7681721daa3e41
NASIR,"Kanye West - Bad People [V3]
(feat. Bon Iver) (prod. Kanye West, BoogzDaBeast & Noah Goldstein)
(White Label)","OG Filename: Bad People REF 05.25.18
Has a different structure and is longer than later versions. Only 24 seconds of Kanye vocals.",3:41,"May 25, 2018","Sep 22, 2023",Demo,OG File,CD Quality,https://pillows.su/f/de3be6541c36fe4f74d7aefb68d0e61c
NASIR,"Kanye West - Bad People [V5]
(prod. Kanye West, BoogzDaBeast, Rick Rubin & Noah Goldstein)
(White Label)","OG Filename: Bad People [Rick Version] REF 05.25.18
Has alternate production done by Rick Rubin. Lacks the Bon Iver vocals. Repeats the Kanye verse twice.",2:14,"May 25, 2018","Sep 22, 2023",Demo,OG File,CD Quality,https://pillows.su/f/27c18fc6f4b081b13ac80d83e98e90cf
NASIR,"Kanye West - Bad People [V6]
(ref. Malik Yusef) (feat. Bon Iver)
(White Label)","OG Filename: Bad People Verse 1
First Malik Yusef voice memo reference track.",1:12,2018,"Sep 22, 2023",Ref Track,OG File,Recording,https://pillows.su/f/4245ede765c332ff024d4577873f3f9b
King's Disease,"🏆 ???
(feat. 50 Cent) (prod. Dr. Dre)
(Sativa)","Track featuring 50 Cent previewed by Breyon Prescott. Recorded when Nas and Dre linked for Dre's part on ""Full Circle"". Shares the same lyrics as ""Heart Sweepers"". Video seems to be from August 2nd, 2020 as everyone is wearing the same outfits in the photo Slim The Mobster posted. Owned by former Dre affiliate MassV, MassV seemingly put this verse through a AI filter of Nas on a fake leak he made, though there are more lyrics which aren't shown in the snippet; it's likely these lyrics are real as one of them reuse a line from ""Heart Sweepers"". Unknown whose song this is or who else is on it besides Nas and 50, though it was most likely made for the Nas x Dr. Dre collaboration EP.",?:??,2020,"Aug 16, 2023",Feature,Snippet,Recording,https://pillows.su/f/7d22948404d14f18762b6ef69baa11e7
Life Is Good,"JAŸ-Z & Kanye West - You Missed It [V1]
(ref. John Legend) (prod. Hit-Boy)
(Another Black Girl Lost, I Know You Missed It)","OG Filename: YouMissed It_JL Voc Ideas
John Legend ""You Missed It"" reference track. Mostly open after the first minute, likely for Kanye and JAŸ-Z to record on. Was later given to Nas and then given to Tony Williams. Leaked alongside the session.",3:02,"Feb 3, 2011","Jan 8, 2023",Ref Track,OG File,Lossless,https://pillows.su/f/6086da13066cd6808b7a016667da066f
Life Is Good,"The WRLDFMS Tony Williams - You Missed It [V3]
(ref. John Legend) (prod. Hit-Boy)
(Another Black Girl Lost, I Know You Missed It)","OG Filename: JL_KW 3 - FOR TONY (with Vox Ref)
2012 version of ""You Missed It"". Very similar to the WTT version except the mix is different and the open verse is cut. Song was later released by Tony Williams on his album King or the Fool: An Opera Volume I as ""I Know You Missed It"", still featuring some John Legend vocals.",1:11,2012,"Jan 8, 2023",Ref Track,Full,High Quality,https://pillows.su/f/7828b8499c715ff2765ea683f7db6f0d
Hiatus Era,"✨ Heart Sweepers [V1]
(prod. Madlib)
(Practice, Heartsweepers)","OG Filename: Heart_Sweepers_NAS_csik_mix_1
A throwaway demo produced by Madlib. Has an open where it seems a hook would go, and is very poorly mixed, so was likely just an idea. The first verse was re-used for ""Full Circle"" from 'King's Disease', whilst the second verse was later re-used for an unreleased Dr. Dre collab during 'King's Disease' era. It's unknown when exactly this was made, but likely before 'NASIR'. Instrumental was later given to Freddie Gibbs for the song ""Practice"" in 2019.",3:10,,"Dec 22, 2022",Demo,Full,High Quality,https://pillows.su/f/cf11860b85ff4979ab14e4a25da4e4ba
King's Disease,"Black Star - JGB [V2]
(feat. Nas) (prod. Madlib)
(Cell)","OG Filename: 07_JGB
Black Star (hip hop duo of Talib Kweli and Yasiin Bey) throwaway that uses the same instrumental as ""Cell"". Was made for their Madlib collaboration album ""No Fear of Time"". Seemingly was track 7 on an original version of ""No Fear of Time"". Nas' verse could be from Hiatus era as the recording time for ""No Fear of Time"" spanned 4 years.",3:28,2019,"Dec 22, 2022",Feature,Full,CD Quality,https://pillows.su/f/1fa7c274fb4e403f903e107b93db7fa9
KD III / Magic 2 / Magic 3,"✨ Black Star - JGB [V3]
(feat. Nas & Common) (prod. Madlib)
(Cell)","OG Filename: Black_Star_-_JGB_feat._Nas__Common
Either a remix or later version of JGB. Has a new Common verse at the end that is unmixed and has bad mic peaking. Metadata says this was bounced in 2022 so it was likely sent back to Black Star too late for them to mix the verse and add it to the album.",4:28,2022,"Dec 22, 2022",Feature,Full,CD Quality,https://pillows.su/f/4586af5d3db048cd8a2053d6740b6d94
Hiatus Era,"Kendrick Lamar - Falsehood [V2]
(prod. Taz Arnold & Flying Lotus)
(Believe)","A throwaway from To Pimp A Butterfly that includes a verse that Kendrick once shared in an interview to Power 106 FM and reuses lyrics from ""i (Album Version)"", which means that it would most likely scrapped very late into the album's production. The first two verses were featured from a freestyle on BigBoyTV called Real 92.3 Freestyle. Interpolates ""The Light"" by Common and ""Golden"" by Jill Scott.",4:05,"Jan 4, 2015","Dec 10, 2022",Other,Full,CD Quality,https://pillows.su/f/48855813c7cb4955e907f231b41d787b
NASIR,"Kanye West - Bad People [V4]
(ref. Consequence) (prod. Kanye West, BoogzDaBeast & Noah Goldstein)
(White Label)","Played by Consequence in a live, he cuts off the snippet before the school shooting line.",?:??,2018,"Nov 28, 2022",Ref Track,Snippet,Recording,https://pillows.su/f/d4bfd6736db84e91ad863d193f64cf81
NASIR,"Finding Forever [V2]
(feat. Ant Clemons) (prod. Kanye West, MIKE DEAN & Noah Goldstein)
(Simple Things)","OG Filename: FINDING FOREVER NAS X ANT X BON IVER...
Features Ant Clemons and most of Nas' first verse, however it is very quiet. Has an open verse. Original VC recording snippet leaked in 2020. Leaked as a bonus for the ""This Is The Glory"" groupbuy.",2:44,2018,"Sep 22, 2022",Demo,OG File,CD Quality,https://pillows.su/f/4b404dfe451861d847d0f22a4d6450bb
KD III / Magic 2 / Magic 3,"DJ Premier - Beat Breaks [V1]
(feat. Nas) (prod. DJ Premier)","Slightly different mix; lacks the echo on the ""pavement...amazing"" rhyme.",~2:39,2022,"Jul 7, 2022",OG,Snippet,Recording,https://pillows.su/f/83b6b709ff7021eb21b2f372faaf40af
Illmatic,"Representin' [V1]
(prod. DJ Premier)
(Represent)","Original version of ""Represent"" set over a more jazzy instrumental. A version of this with a slightly higher pitch and a slightly different mix was released as a 7"" single by Columbia in 2023 as the ""Original Demo Mix"". Previewed by DJ Premier on his YouTube channel when talking about the song's creation.",~3:55,,"Sep 7, 2021",OG,Snippet,CD Quality,"So Wassup? Episode 6 | Nas ""Represent"""
King's Disease,"Belly - Die For It [V4]
(feat. The Weeknd & Nas) (prod. DaHeala, The ANMLS & Skinny)","Leaked on LEAKED.IS by eli on March 15, 2021.",3:19,2020,"Mar 15, 2021",Feature,Full,CD Quality,https://pillows.su/f/3650445d1149681d67111dac8df3eac4
NASIR,"Kanye West - Cops Shot The Kid [V3]
(feat. André 3000) (prod. Kanye West)","Version with a cut André 3000 feature, which was scrapped due to him not wanting to be on the song. This was likely done before Nas had the song, as Andre worked on Kanye and Kid Cudi's album KIDS SEE GHOSTS in 2017, and Nas didn't get the beats for the album until last minute. Played by Che Pope on Instagram Live on October 22nd, 2020.",?:??,2018,"Oct 22, 2020",Demo,Partial,Recording,https://pillows.su/f/2b016c527fc7516d17fa8052869abc97
NASIR,"everything [V2]
(feat. Kanye West, THE-DREAM & Caroline Shaw) (prod. Kanye West)","Mumble version that was later punched in by The-Dream. Was played by Che Pope on Instagram Live on October 22nd, 2020.",?:??,2018,"Oct 22, 2020",Demo,Snippet,Recording,https://pillows.su/f/f0d2f27d91d65a8ca45846e44ef03389
King's Disease,"✨ This Ain't Love, But I Love It
(feat. THE-DREAM & Charlie Wilson) (prod. Hit-Boy)","King's Disease era song. Was originally track 8 on King's Disease and only released on the Google Music version of the album by mistake but was removed hours later. It is suspected there was sample clearance issues but it's unknown why the track didn't make the cut. Interpolates ""Devil In A New Dress"" by Kanye West.",3:02,,"Aug 21, 2020",Throwaway,Full,High Quality,https://pillows.su/f/7d2e3b955f534d3ee9e7a49b686d9d52
Nas,"Dr. Dre - Topless [V5]
(ref. The D.O.C.) (feat. Slim The Mobster & Sly Pyper) (prod. DJ Khalil)",Leaked in 2020. Has The D.O.C. doing a reference for Dre and a new intro.,3:07,,"Jul 12, 2020",Ref Track,Full,High Quality,https://pillows.su/f/a5574fcf8ce144a4b9fddb9b68388e4b
King's Disease,"Belly - Die For It [V1]
(feat. The Weeknd) (prod. DaHeala & The ANMLS)","Leaked on LEAKTH.IS by Bugs on Jan. 15, 2020. Original version of Die For It without Nas.",2:29,,"Jan 15, 2020",OG,Full,High Quality,https://pillows.su/f/266237cb5842ee87d22d98aa81485b51
NASIR,"Nicki Minaj - Sorry
(feat. Nas) (prod. iLL Wayno)","Recorded sometime in 2018 after Nas and Nicki broke off their short-lived relationship. Was meant to release on Nicki's album 'Queen' in 2018 but had to be scrapped due to sample clearance. Interpolates ""Baby I Can Hold You"" by Tracy Chapman. Played by Funk Flex on Hot 97 a day after the album's release.",4:15,2018,"Aug 11, 2018",Feature,Full,High Quality,https://pillows.su/f/4752769c22ae604ec14df8e19ea94a54
NASIR,"✨ Not For Radio [V3]
(feat. 070 Shake) (prod. Kanye West, MIKE DEAN, Cashmere Cat, benny blanco & BoogzDaBeast)","Played at the 'NASIR' listening party. Has no Diddy vocals, and due to this, many would say the song is better. Also has earlier mixing and a slightly different intro. The rip from the stream has random audio glitches.",3:17,,"Jun 15, 2018",OG,Full,High Quality,https://pillows.su/f/c16832eb58205794bf4856dc77520e31
Life Is Good,"✨ Dr. Dre - Topless [V11]
(feat. Nas & Sly Pyper) (prod. DJ Khalil)","Track #11 on Chad Kiser's 2009 'Detox' copy. This version is seemingly finished and has a new Dre verse, retains Nas' feature from the previous versions of the song and has proper mixing. Leaked by Chad Kiser.",2:45,2009,"Jul 19, 2017",Feature,Full,High Quality,https://pillows.su/f/9dafb594b02e2b154b5025faeade33ef
Stillmatic,"Rule [V2]
(feat. Amerie) (prod. Trackmasters)
(Everybody Wants To Rule The World)","Has a completely different and significantly longer drum break intro, a completely different outro that ends in a drum break (rather than Nas speaking), a lot more intro vocals, more ad-libs, a few more beat-drops, and a longer post-chorus.",6:10,,"Oct 16, 2014",OG,Full,High Quality,https://pillows.su/f/e65bb74d4a9fefe11ce6213526a147a4
Hip-Hop Is Dead,"Life's Gone Low [V1]
(Lifes Gone Down)",Untagged but is censored. Was released on a mixtape but tagged. Song caps out at 16khz but the actual audio quality is very bad.,2:37,,"Jan 25, 2014",OG,Full,Low Quality,https://pillows.su/f/6f6474b3068f61ad710ec50d6ba96ff1
Life Is Good,"Another Black Girl Lost [V2]
(feat. ???) (prod. Hit-Boy)
(You Missed It, I Know You Missed It)","A sequel to the song ""Black Girl Lost"" from 'It Was Written'. Uses the same beat as ""You Missed It"" and features an unknown female singer on the chorus. According to Nas, he was still working on the track when it leaked. Mentioned in a AllHipHop article from April 2012 about a week before it leaked that it was for Life Is Good.",3:51,2012,"Apr 16, 2012",Throwaway,Full,High Quality,https://pillows.su/f/0ccb16da969ae44227cb174fe4b8e7b1
NASDAQ: Dow Jones,"✨ More Than I Can Say [V1]
(feat. Keyshia Cole)",NASDAQ: Dow Jones era throwaway. When the track leaked it was said to be six years old so that would place it in this era.,2:53,2005,"Jul 26, 2011",OG,Full,High Quality,https://pillows.su/f/64a91dd410630de074e957f7e93a1c6c
Life Is Good,"Dr. Dre - Topless [V7]
(ref. Eminem) (feat. Nas & Sly Pyper) (prod. DJ Khalil)","OG Filenames: 3.20.09 Topless_01
Leaked by Koolo. Eminem's verse is a reference for Dre. Made in Las Vegas during the Relapse 2 sessions.",2:35,"Mar 20, 2009","Jul 3, 2011",Ref Track,Full,High Quality,https://pillows.su/f/cbe8bbab4525520db70b9edbe66fdbdc
Life Is Good,"Snitch Alibi
(add. ???) (prod. Boola)","Throwaway track from either 2009 or 2010 about snitches. Features additional hook vocals from two unknown male vocalists and an unknown female vocalist. Leaked by the track's producer, Boola, on December 2nd, 2010. Has a tag from Boola at the start.",3:29,2009-2010,"Dec 2, 2010",Throwaway,Tagged,High Quality,https://pillows.su/f/1cda6f1d4108671ba43263779eb5a313
Nas,"Power, Paper & Pussy [V1] 
(prod. Salaam Remi & Nas)
(Last Real Nigga Alive Pt. 2)","Short freestyle that was recorded for DJ Green Lantern's mixtape ""Invasion Radio 2K10"". It was played by Funkmaster Flex who aired it on Hot 97 and then posted the untagged clean file on his website. An untagged explicit version of the song was later posted on Rap-Up a day later. Recorded in New York City.",1:16,,"Aug 31, 2010",OG,Full,High Quality,https://pillows.su/f/64e794d1ded43ff8134f8fbc3d2ada05
Stillmatic,"✨ Stay Chisel [V1]
(prod. Large Professor)
(Stay Chiseled)",Original version of the song with no LP verse and 2 extra Nas verses. This song may have caused Nas and Large Professor to fall out due to him removing 2 of Nas verses and rapping on it himself. The other Nas verses are either unmixed or the leaker mashed together the original song with the released one.,4:10,,"Jun 23, 2010",OG,Full,High Quality,https://pillows.su/f/c2b89c8ea76f4e47ce13de3d7819c24d
Life Is Good,"The Game - I'll Find You [V3]
(prod. Just Blaze)
(War, The Razor, Razor, Gutter)","Updated version of Gutter with some different bars, an open hook section and a new beat produced by Just Blaze. Rumored to apparently be a Detox demo when it leaked so it was likely submitted to Dre for him to use the beat.",4:30,,"Apr 30, 2010",Demo,Full,High Quality,https://pillows.su/f/41c631b7c20cb1f38f9132c7506b5bf0
Life Is Good,"Amerie - Why R U (Remix)
(feat. Nas, Jadakiss, Kain & Rick Ross) (prod. Len Nicholson)","Official remix previewed on radio in July 2009, but never got properly released outside of that. Heavily samples ""One Love"" by Whodini.",5:09,,"Jul 21, 2009",Remix,Full,High Quality,https://pillows.su/f/4a5651e0776dd150e497ebdae0e6c454
Nas,"Fabolous - Watch Your Shorty [V1]
(feat. Nas & Ne-Yo) (prod. Erick Sermon)
(Nobody Do It Better)","Leaked by Clinton Sparks. Beat was released by Keith Murrary for his song ""Nobody Do It Better"" with Tyrese Gibson, which released in July 2007.",2:36,,"Jul 10, 2009",Feature,Tagged,High Quality,https://pillows.su/f/6f95f1332d14d52d81a017cd6872cb40
Distant Relatives,"As We Enter [V1]
(prod. Damien Marley)","Snippet of this song leaked in 2009, lacks the beatswitch.",?:??,,"Jun 24, 2009",OG,Snippet,Low Quality,https://pillows.su/f/4579857aff9ac0f6f8313d6719a6ccf3
Hip-Hop Is Dead,"Top Down [V1]
(feat. Swizz Beatz) (prod. Swizz Beatz)
(Be Worried)","Original unmastered version of Top Down OG. Was leaked in May 2009 by Evil Empire under the title ""Be Worried"". Swizz Beatz would later release the mastered version of the song in early 2011.",3:52,2006,"May 30, 2009",OG,Full,High Quality,https://pillows.su/f/cdd4340924612d72e167f32264dad9ee
Life Is Good,"✨ I Have To [V1]
(prod. Sean C & LV)
(Rich and Black)","Original solo demo of ""Rich and Black"" with 2 unheard Nas verses and an open hook section.",2:05,,"Apr 27, 2009",OG,Full,High Quality,https://pillows.su/f/5f127ef8ec1c3cf2b6c7258476ae528e
Life Is Good,"Dr. Dre - Topless [V6]
(ref. T.I.) (feat. Nas & Sly Pyper) (prod. DJ Khalil)","Topless with a T.I. reference verse for Dre. From the late 2008 T.I. and Dre sessions along with Shit Popped Off, Coming Back & This Is Detox.",3:21,2008,"Feb 19, 2009",Ref Track,Full,High Quality,https://pillows.su/f/6f26b6ccd38f7f3dca66984af02a9b91
Street's Disciple,⭐ Foul Breeze,"Street's Disciple era throwaway. This song is mentioned by name in a Pound Magazine article from 2004 with bars heard written down. Another piece of evidence dating this song is Nas mentioning him being engaged to Kelis, which happened in 2004. It is mistaken that this song uses the ""New York Shit"" beat by Busta Rhymes however this is not true. They share the same sample but the usage is different. The second verse was partly reused for a Funkmaster Flex freestyle in 2005, with Nas saying ""married"" instead of ""engaged"" due to him marrying Kelis in Janurary of that year. He also used parts of verse 1 and 2 in his Rap City Freestyle (unknown what year it is from but likely 2006) which used the ""New York Shit"" beat by Busta Rhymes. Lastly, he reused verse 2 for the New York Shit Remix by Busta Rhymes. New York Shit and Foul Breeze sharing the same sample is pure coincidence and is likely what made Nas reuse bars for the Rap City Freestyle and the New York Shit remix.",5:26,2004,"Nov 27, 2008",Throwaway,Full,High Quality,https://pillows.su/f/c1354dcd966a5060bc46c686b29c1c1b
Nas,"⭐ Be A Nigger Too
(prod. Salaam Remi)
(You're A Nigger Too)","A track about racism from the whites to minorities such as African Americans, Asians, Jews, Latinos and Italian Americans. Based off a song from an old Dr. Pepper commercial. This track isn't technically leaked but was never released either physically, on streaming services or played on TV. Supposedly left off the album due to sample clearance issues, but this isn't too likely. Interpolates ""Niggaz 4 Life"" by N.W.A.",3:16,,"Apr 20, 2008",Throwaway,Full,High Quality,https://pillows.su/f/7a0ad20c8ac9520cbd73426be09759a1
Hip-Hop Is Dead,"⭐ Hope [V1]
(feat. Chrisette Michele) (prod. Wyldfyer, L.E.S., Nas & Alexander Mosely)","Actually has the beat that was made for the song. Apparently, there were sample clearance issues and that prevented the song from being released with the beat. Sounds like a MySpace file.",3:09,,"Oct 5, 2007",OG,Full,High Quality,https://pillows.su/f/25c977fe9d6e1ae05bfbc931ee1a2530
Stillmatic,"Swizz Beatz - Two Seater
(feat. Nas) (prod. Swizz Beatz)
(Come Take A Ride (Two Seater), 2 Seater)","Leaked in late 2002 and was intented for Swizz Beatz's album ""Swizz Beatz Presents G.H.E.T.T.O. Stories"", but was likely cut due to it leaking before release.",4:21,,"Sep 28, 2002",Throwaway,Full,High Quality,https://pillows.su/f/8ceb322b99ced9bbbd6286f96d5ccf36
I Am...,"Blaze A 50 [V1]
(prod. L.E.S.)",The original version of Blaze A 50 with alternative production. Censored for some reason. One of the tracks intended for the original double disc concept of I Am...,2:31,,"Feb 8, 1999",OG,Full,Low Quality,https://pillows.su/f/47ed042fda05ba8d88b2b485f09e290b
I Am...,Day Dreamin' Stay Schemin,I Am... era throwaway. One of the tracks intended for the original double disc concept of I Am...,2:30,,"Feb 8, 1999",Throwaway,Full,High Quality,https://pillows.su/f/215d730199d91325d6187c5e749df5ce
I Am...,"Fetus (Belly Button Window) [V1]
(prod. Trackmasters)
(Fetus)",Has different production compared than the one released on The Lost Tapes. Recorded in the same session as Blaze a 50. One of the tracks intended for the original double disc concept of I Am...,3:25,,"Feb 8, 1999",OG,Full,High Quality,https://pillows.su/f/813f0a56f7c3d4167c881425dfc56472
I Am...,"✨ Hardest Thing To Do Is Stay Alive [V1]
(prod. Trackmasters)
(HardestThingToDoIsStayAlive, Hardest Thing 2 Do, You Don't Know Me)",I Am... era throwaway. One of the tracks intended for the original double disc concept of I Am... Beat was later reused during the Stillmatic sessions.,3:50,,"Feb 8, 1999",Throwaway,Full,High Quality,https://pillows.su/f/51deb9368042588c049114a1ba845540
I Am...,"⭐ Sometimes I Wonder
(feat. Nature)",I Am... era throwaway. One of the tracks intended for the original double disc concept of I Am...,4:56,,"Feb 8, 1999",Throwaway,Full,High Quality,https://pillows.su/f/587947877241d3600e1894fbd565d419