Era,Name,Notes,Surface Date,Source,Type,Portion,Quality,Link(s)
"5 Full
0 Tagged
0 Partial
0 Snippet(s)
0 OG File(s)
0 Stem Bounce(s)
0 Unavailable",Illmatic,"(05/??/1991) (Nas records his ""Live At The Barbeque"" verse)
(04/19/1994) (Illmatic officially releases)",,,,,,
,Acapellas,,,,,,,
Illmatic,,,,,,Full,Low Quality,
Illmatic,,,,,,Full,CD Quality,
,Instrumentals,,,,,,,
Illmatic,,,,,,Full,CD Quality,
,TV Tracks,,,,,,,
Illmatic,"Representin' [V1]
(prod. DJ Premier)
(Represent)","Official TV Track for the original version of Represent, released by DJ Premier on his 2008 compilation album ""Beats That Collected Dust Vol. 1"".",,Other,Sessions,Full,CD Quality,https://open.spotify.com/track/5r0vLHBZ5OWG4E9HW0jX79?si=2727e6bdaa0947fa
Illmatic,,,,,,Full,CD Quality,
"1 Full
0 Tagged
0 Partial
0 Snippet(s)
0 OG File(s)
0 Stem Bounce(s)
1 Unavailable",It Was Written,"(04/19/1994) (Illmatic officially releases)
(07/02/1996) (It Was Written officially releases)",,,"Following his 1994 debut album Illmatic, Nas returned two years later with his highly anticipated sophomore album It Was Written. Despite the praise, Illmatic slowly reached platinum status as Nas watched fellow New Yorker The Notorious B.I.G. gain bigger success the same year with his debut Ready To Die a balance of hardcore rhymes and a commercial sound courtesy of producer Puff Daddy. Manager Steve Stoute and production duo The Trackmasters were brought in to try and help Nas with that balance, but the more commercial sound and Nas introducing himself with the mafioso persona Nas Escobar led to criticism at the time",,,
It Was Written,,,,,,Full,Lossless,
It Was Written,,,,,,Confirmed,Not Available,
"3 Full
0 Tagged
0 Partial
0 Snippet(s)
0 OG File(s)
0 Stem Bounce(s)
0 Unavailable","The Album
(Collaboration with Foxy Brown, AZ & Nature as The Firm)","(07/02/1996) (It Was Written officially releases)
(10/21/1997) (The Album officially releases)",,,Notes about this era.,,,
The Album,,,,,,Full,CD Quality,
The Album,,,,,,Full,CD Quality,
The Album,,,,,,Full,CD Quality,
"3 Full
0 Tagged
0 Partial
0 Snippet(s)
0 OG File(s)
0 Stem Bounce(s)
0 Unavailable","I Am...
(I Am... The Autobiography)","(07/02/1996) (It Was Written officially releases)
(10/21/1997) (The Album officially releases)
(02/08/1999) (Thirteen tracks meant for I Am... The Autobiography leak)
(04/06/1999) (I Am... officially releases)",,,"Following the commercial and critical success of his 1996 sophomore album It Was Written, Nas returned with I Am… on April 6, 1999. Initially, he planned to release the album as a double album with the title I Am… The Autobiography, but the album was released as a single album after a number of the songs were leaked onto the Internet, one of the first albums to be bootlegged in this manner.",,,
,Acapellas,,,,,,,
I Am...,,,,,,Full,Lossless,
I Am...,,,,,,Full,Lossless,
I Am...,,,,,,Full,CD Quality,
"3 Full
0 Tagged
0 Partial
0 Snippet(s)
0 OG File(s)
0 Stem Bounce(s)
0 Unavailable",Nastradamus,"(04/06/1999) (I Am... officially releases)
(11/23/1999) (Nastradamus officially releases)",,,"After dropping I Am… in April 1999, Nas came right back with Nastradamus seven months later. Despite heavy criticism of the album’s production, the album still went on to achieve platinum status with support from the singles “Nastradamus” and the Timbaland-produced “You Owe Me” featuring Ginuwine. The title track was significant as the line “You wanna ball ‘til you fall, I can help you with that” was seen as a shot at Roc-a-Fella Records artist Memphis Bleek by referencing the chorus of his single “What You Think of That.” This helped spark the battle between Nas and JAY-Z in the following years.",,,
,Acapellas,,,,,,,
Nastradamus,,,,,,Full,Lossless,
Nastradamus,,,,,,Full,Lossless,
,Instrumentals,,,,,,,
Nastradamus,,,,,,Full,CD Quality,
"2 Full
0 Tagged
0 Partial
3 Snippet(s)
0 OG File(s)
0 Stem Bounce(s)
0 Unavailable","Stillmatic
(The Death Of Escobar, Nastalgic)","(11/23/1999) (Nastradamus officially releases)
(12/18/2001) (Stillmatic officially releases)",,,"After receiving mixed reviews for his two 1999 albums, I Am… and Nastradamus, as well as receiving a jab from JAŸ-Z on “Takeover,” Nas wanted to make a statement that he was “still illmatic” with the release of his fifth album, Stillmatic. Nas responded to “Takeover” with the soul-burning “Ether,” which has now become a verb in hip-hop circles. He also re-connected with producer Large Professor, who gave Nas his first feature on Main Source’s “Live at the Barbeque” in 1991 and produced tracks on Illmatic",,,
Stillmatic,,,,,,Snippet,Low Quality,
Stillmatic,,,,,,Snippet,Low Quality,
Stillmatic,,,,,,Snippet,Low Quality,
Stillmatic,,,,,,Full,CD Quality,
Stillmatic,,,,,,Full,High Quality,
"31 Full
0 Tagged
0 Partial
0 Snippet(s)
0 OG File(s)
0 Stem Bounce(s)
0 Unavailable","God's Son
(Nastalgia, Nas Writes No More)","(12/18/2001) (Stillmatic officially releases)
(Early 2002) (God's Son begins recording)
(12/13/2002) (God's Son officially releases)",,,"Nas sixth studio album, God’s Son, was released during a very trying time in his life. While he was in the middle of the battle with JAŸ-Z, his mother passed away from cancer in April 2002. Both events had an influence on the content of the album—hardcore hip-hop mixed with melancholy music. ",,,
,Acapellas,,,,,,,
God's Son,God's Son (Acapella),God's Son acapella vinyl.,,Acapella Album,Acapella,Full,High Quality,
God's Son,Get Down (Acapella),Official acapella for Get Down.,,Acapella Album,Acapella,Full,High Quality,
God's Son,The Cross (Acapella),Official acapella for The Cross.,,Acapella Album,Acapella,Full,High Quality,
God's Son,Made You Look (Acapella),Official acapella for Made You Look.,,Acapella Album,Acapella,Full,High Quality,
God's Son,Last Real Nigga Alive (Acapella),Official acapella for Get Down.,,Acapella Album,Acapella,Full,High Quality,
God's Son,"Zone Out (Acapella)
(feat. Bravehearts)",Official acapella for Zone Out.,,Acapella Album,Acapella,Full,High Quality,
God's Son,"Hey Nas (Acapella)
(feat. Kelis & Claudette Ortiz)",Official acapella for Hey Nas.,,Acapella Album,Acapella,Full,High Quality,
God's Son,I Can (Acapella),Official acapella for I Can.,,Acapella Album,Acapella,Full,High Quality,
God's Son,Book Of Rhymes (Acapella),Official acapella for Book Of Rhymes.,,Acapella Album,Acapella,Full,High Quality,
God's Son,"Thugz Mansion (N.Y.) (Acapella)
(feat. 2Pac & J. Phoenix)",Official acapella for Thugz Mansion (N.Y.).,,Acapella Album,Acapella,Full,High Quality,
God's Son,Mastermind (Acapella),Official acapella for Mastermind.,,Acapella Album,Acapella,Full,High Quality,
God's Son,"Warrior Song (Acapella)
(feat. Alicia Keys)",Official acapella for Warrior Song.,,Acapella Album,Acapella,Full,High Quality,
God's Son,"Revolutionary Warfare (Acapella)
(feat. Lake)",Official acapella for Revolutionary Warface.,,Acapella Album,Acapella,Full,High Quality,
God's Son,Dance (Acapella),Official acapella for Dance.,,Acapella Album,Acapella,Full,High Quality,
God's Son,"Heaven (Acapella)
(feat. Jully Black & Saukrates)",Official acapella for Heaven.,,Acapella Album,Acapella,Full,High Quality,
,Instrumentals,,,,,,,
God's Son,God's Son Instrumentals,God's Son instrumentals vinyl.,,Instrumental Album,Instrumental,Full,CD Quality,
God's Son,"Get Down (Instrumental)
(prod. Nas & Salaam Remi)",Official instrumental for Get Down.,,Instrumental Album,Instrumental,Full,CD Quality,
God's Son,"The Cross (Instrumental)
(prod. Eminem)",Official instrumental for The Cross.,,Instrumental Album,Instrumental,Full,CD Quality,
God's Son,"Made You Look (Instrumental) [With Guns]
(prod. Salaam Remi)",Official instrumental for Made You Look.,,CD Single,Instrumental,Full,CD Quality,
God's Son,"Made You Look (Instrumental) [Without Guns]
(prod. Salaam Remi)",Official instrumental for Made You Look without the guns SFX.,,CD Single,Instrumental,Full,CD Quality,
God's Son,"Last Real Nigga Alive (Instrumental)
(prod. Ron Browz)",Official instrumental for Get Down.,,Instrumental Album,Instrumental,Full,CD Quality,
God's Son,"Zone Out (Instrumental)
(prod. Salaam Remi)",Official instrumental for Zone Out.,,Instrumental Album,Instrumental,Full,CD Quality,
God's Son,"Hey Nas (Instrumental)
(prod. Salaam Remi)",Official instrumental for Hey Nas.,,Instrumental Album,Instrumental,Full,CD Quality,
God's Son,"I Can (Instrumental)
(prod. Salaam Remi)",Official instrumental for I Can.,,Instrumental Album,Instrumental,Full,CD Quality,
God's Son,"Book Of Rhymes (Instrumental)
(prod. The Alchemist)",Official instrumental for Book Of Rhymes.,,Instrumental Album,Instrumental,Full,CD Quality,
God's Son,"Thugz Mansion (N.Y.) (Instrumental)
(prod. Claudio Cueni & Michael Herring)",Official instrumental for Thugz Mansion (N.Y.).,,Instrumental Album,Instrumental,Full,CD Quality,
God's Son,"Mastermind (Instrumental)
(prod. The Alchemist)",Official instrumental for Mastermind.,,Instrumental Album,Instrumental,Full,CD Quality,
God's Son,"Warrior Song (Instrumental)
(prod. Alicia Keys)",Official instrumental for Warrior Song.,,Instrumental Album,Instrumental,Full,CD Quality,
God's Son,"Revolutionary Warfare (Instrumental)
(prod. The Alchemist)",Official instrumental for Revolutionary Warface.,,Instrumental Album,Instrumental,Full,CD Quality,
God's Son,"Dance (Instrumental)
(prod. Chucky Thompson)",Official instrumental for Dance.,,Instrumental Album,Instrumental,Full,CD Quality,
God's Son,"Heaven (Instrumental)
(prod. Agile & Sakurates)",Official instrumental for Heaven.,,Instrumental Album,Instrumental,Full,CD Quality,
"0 Full
0 Tagged
0 Partial
0 Snippet(s)
0 OG File(s)
0 Stem Bounce(s)
0 Unavailable",Street's Disciple,"(12/13/2002) (God's Son officially releases)
(07/02/2004) (Street's Disciple misses a release date)
(09/14/2004) (Street's Disciple misses a release date)
(11/30/2004) (Street's Disciple officially releases)",,,"Nas seventh studio album, Street’s Disciple, was released as a double album and titled after his first two words on wax from Main Source’s 1991 track “Live at the Barbeque.” The album cover is an adaptation of Leonardo da Vinci’s painting The Last Supper.",,,
Street's Disciple,,,,,,,,
Street's Disciple,,,,,,,,
Street's Disciple,,,,,,,,
"0 Full
0 Tagged
0 Partial
0 Snippet(s)
0 OG File(s)
0 Stem Bounce(s)
0 Unavailable",NASDAQ: Dow Jones,"(11/30/2004) (Street's Disciple officially releases)
(01/23/2006) (Nas signs to Def Jam)",,,"In July 2005 Nas said the album was going to come out ""late October, maybe Halloween."" or ""Early November"". When Nas signed to Def Jam in January 2006, the album was shafted in favor of 'Hip-Hop Is Dead'.",,,
,Instrumentals,,,,,,,
NASDAQ: Dow Jones,"Warryn Campbell - We Major (Instrumental) [V1]
(prod. Warryn Campbell & Dontae Winslow)
(You Again)","Warryn Campbell said that ""me and...Dontae Winslow, who did ""I Made It"" for JAŸ-Z, he's an amazing trumpet player. So we made a sample, and a DJ friend of mine gave the beat to Kanye. That ended up being ""We Major.""",,Info,Instrumental,Confirmed,Not Available,https://www.rollingstone.com/music/music-features/kanye-west-jesus-is-king-warryn-campbell-producer-903754/
"1 Full
0 Tagged
0 Partial
0 Snippet(s)
0 OG File(s)
0 Stem Bounce(s)
0 Unavailable","Hip-Hop Is Dead
(Hip-Hop Is Dead... The N, The N, Nigga, Nigger)","(01/23/2006) (Nas signs to Def Jam)
(12/19/2006) (Hip-Hop Is Dead officially releases)",,,"Hip Hop Is Dead is the eighth studio album by Nas, released December 19, 2006, on Def Jam Recordings. His first album for the label, it was co-financed by Nas's previous label, Columbia Records, which once distributed for Def Jam. The album's title was inspired by Nas's view of the music industry and the state of hip hop music at the time. The album features appearances from Nas' then-wife Kelis, Def Jam label-mates Kanye West, JAŸ-Z, and Chrisette Michele, as well as will.i.am, Snoop Dogg, and The Game, among others.",,,
,Instrumentals,,,,,,,
Hip-Hop Is Dead,Courthouse,Leaked instrumental for Courthouse.,,Leak,Instrumental,Full,High Quality,https://pillows.su/f/95c75fdf2442353d8413f1d9fd7770d3
"0 Full
0 Tagged
0 Partial
0 Snippet(s)
0 OG File(s)
0 Stem Bounce(s)
0 Unavailable","Nas
(Nigger, Nigga, Untitled)","(12/19/2006) (Hip-Hop Is Dead officially releases)
(10/13/2007) (Nas announces the album, then titled ""Nigger"")
(06/10/2008) (Nas changes the name to ""Untitled"")
(07/01/2008) (Missed release date)
(07/15/2008) (Nas officially releases)",,,"Nas, or as it's most commonly known by, Nigger, is Nas' 9th solo studio album and released on July 7th, 2008. This album is Nas' most controversial in his entire catalogue, mostly down to its original title. Whilst various celebrities and thousands of fans defended the album's title, Nas was not allowed to release it under that name and was forced to change it to a self-titled/untitled album. The album is very political, focusing on both historic and modern day racism, as well as modern American politics, throwing shots at various politicians and TV news networks in tracks such as ""Sly Fox"".",,,
Nas,"Esco Let's Go (Instrumental) [V1]
(prod. DJ Khalil & Daniel Seef)","During a Reason presentation in 2008, Khalil played the original sample that he used for Esco Let's Go.",,Other,Instrumental,Snippet,Recording,
Nas,"Esco Let's Go (Instrumental) [V2]
(prod. DJ Khalil)",Khalil played a version of the beat that used more of the sample but was already chopped up and had the drums.,,Other,Instrumental,Snippet,Recording,
Nas,"Hero (Instrumental)
(prod. Polow da Don)",Official instrumental for Hero.,,Promo CD,Instrumental,Full,CD Quality,
Nas,"Make The World Go Round (Instrumental)
(prod. Cool & Dre & The Game)","Leaked on Imixiscratch.Com&Djleak.Com Presents Instrumental Vol.2 in CDQ, but was officially released on vinyl.",,Leak,Instrumental,Full,CD Quality,
Nas,"Salaam Remi - Praguenosis (Instrumental) [V1]
(prod. Salaam Remi)
(Black James Bond, The Black Bond)","Original version of ""The Black Bond"" instrumental, made during Untitled sessions according to Salaam Remi. Released by Salaam on his album ""Praguenosis"".",,Other,Instrumental,Full,High Quality,
"0 Full
0 Tagged
0 Partial
0 Snippet(s)
0 OG File(s)
0 Stem Bounce(s)
0 Unavailable","Distant Relatives
(Collaboration with Damian Marley)","(07/15/2008) (Nas officially releases)
(05/18/2010) (Distant Relatives officially releases)",,,"Distant Relatives is a collaborative studio album by Nas and Jamaican reggae vocalist Damian Marley. It was released on May 18, 2010, by Universal Republic, Def Jam Recordings and Columbia Records.",,,
Distant Relatives,,,,,,,,
Distant Relatives,,,,,,,,
Distant Relatives,,,,,,,,
"0 Full
0 Tagged
0 Partial
0 Snippet(s)
0 OG File(s)
0 Stem Bounce(s)
0 Unavailable",Life Is Good,"(07/15/2008) (Nas officially releases)
(Early 2011) (Life Is Good begins recording)
(07/12/2012) (Life Is Good officially releases)",,,"While breakups, personal struggles and tragedy can be painful events in our lives, they also bring opportunities for new beginnings and critical introspection, they also make great songwriting material. Life is Good is Nas' tenth studio album (his third under his deal with Def Jam) and features a man fresh off his divorce from Kelis, a man who has grown from the experience and is content with how things have gone since then, enough so as to have his ex-wife’s wedding dress symbolically featured on the album cover",,,
Life Is Good,,,,,,,,
Life Is Good,,,,,,,,
Life Is Good,,,,,,,,
"0 Full
0 Tagged
0 Partial
0 Snippet(s)
0 OG File(s)
0 Stem Bounce(s)
0 Unavailable",Hiatus Era,"(07/12/2012) (Life Is Good officially releases)
(04/23/2018) (Kanye announces that he is executive producing Nas' next album)",,,"By Summer 2016, Nas collab album with Swizz Beatz had finished which was recorded in a week. By late 2016 Nas own album was 75 - 85% finished. Nas announced multiple times throughout 2017 that the album would drop that year. Even after NASIR dropped, Nas still said that the album would come out In 2018. ""No Bad Energy"" and ""Adult Flim"" from The Lost Tapes 2 were from the Swizz Beatz album and ""Jarreau of Rap"" and ""QueensBridge Politics"" from The Lost Tapes 2 were from the Nas Solo album.",,,
Hiatus Era,,,,,,,,
Hiatus Era,,,,,,,,
Hiatus Era,,,,,,,,
"0 Full
0 Tagged
0 Partial
0 Snippet(s)
0 OG File(s)
0 Stem Bounce(s)
0 Unavailable",NASIR,"(11/30/2016) (Kanye West is released from UCLA Medical Hospital)
(04/23/2018) (Kanye announces that he is executive producing Nas' next album)
(06/15/2018) (NASIR officially releases)",,,"NASIR is the eleventh studio album by Nas, released on June 15, 2018. Its premiere was livestreamed underneath the Queensboro Bridge in Queens, New York, where Nas is from. Nas hasn’t released an album since 2012’s Life Is Good, making this his first release after a six-year hiatus.",,,
NASIR,,,,,,,,
NASIR,,,,,,,,
NASIR,,,,,,,,
"0 Full
0 Tagged
0 Partial
0 Snippet(s)
0 OG File(s)
0 Stem Bounce(s)
0 Unavailable","Light-Years
(Collaboration with DJ Premier)
(Fuck A Title, Hip Hop Is Alive, Finally)","(09/14/2023) (Magic 3 officially releases)
(04/19/2024) (Define My Name releases as a single)
(12/12/2025) (Light-Years officially releases)",,,"Light-Years is the highly-anticipated collaborative album between rapper Nas and record producer DJ Premier. It originally started work in January 2006 and devolopment was on and off until the mid 2010's. Inbetween this time period at least 7 tracks were completed. In early 2024, the album recieved way more focus and was worked on a lot more with it eventually releasing on December 12, 2025 through Nas' independent record label, Mass Appeal Records.",,,
Light-Years,,,,,,Full,Lossless,
Light-Years,,,,,,Full,CD Quality,
Light-Years,,,,,,Full,High Quality,